[{"__type__":"cc.SpriteFrame","content":{"name":"fnt_2","texture":"0d1krRAG5DCY2nOJyamH7a","rect":[0,0,96,255],"offset":[-16,0.5],"originalSize":[128,256]}},{"__type__":"cc.BitmapFont","_name":"fnt_2","spriteFrame":{"__uuid__":"00AmUtV8NNdbSJ9SI55oy6"},"fontSize":32,"_fntConfig":{"commonHeight":22,"fontSize":32,"atlasName":"fnt_2.png","fontDefDictionary":{"9":{"rect":{"x":0,"y":0,"width":0,"height":0},"xOffset":0,"yOffset":0,"xAdvance":80},"32":{"rect":{"x":0,"y":0,"width":0,"height":0},"xOffset":0,"yOffset":0,"xAdvance":10},"48":{"rect":{"x":43,"y":127,"width":27,"height":40},"xOffset":0,"yOffset":-18,"xAdvance":29},"49":{"rect":{"x":71,"y":84,"width":9,"height":41},"xOffset":0,"yOffset":-19,"xAdvance":11},"50":{"rect":{"x":44,"y":43,"width":27,"height":40},"xOffset":0,"yOffset":-18,"xAdvance":29},"51":{"rect":{"x":32,"y":214,"width":28,"height":40},"xOffset":0,"yOffset":-18,"xAdvance":30},"52":{"rect":{"x":0,"y":214,"width":31,"height":41},"xOffset":0,"yOffset":-19,"xAdvance":33},"53":{"rect":{"x":61,"y":212,"width":26,"height":39},"xOffset":0,"yOffset":-18,"xAdvance":28},"54":{"rect":{"x":42,"y":171,"width":27,"height":40},"xOffset":0,"yOffset":-18,"xAdvance":29},"55":{"rect":{"x":45,"y":0,"width":26,"height":40},"xOffset":0,"yOffset":-18,"xAdvance":28},"56":{"rect":{"x":70,"y":168,"width":26,"height":40},"xOffset":0,"yOffset":-18,"xAdvance":28},"57":{"rect":{"x":43,"y":86,"width":27,"height":40},"xOffset":0,"yOffset":-18,"xAdvance":29},"58":{"rect":{"x":71,"y":126,"width":9,"height":26},"xOffset":0,"yOffset":-10,"xAdvance":11},"20998":{"rect":{"x":0,"y":171,"width":41,"height":42},"xOffset":0,"yOffset":-20,"xAdvance":43},"21382":{"rect":{"x":0,"y":43,"width":43,"height":42},"xOffset":0,"yOffset":-20,"xAdvance":45},"21490":{"rect":{"x":0,"y":86,"width":42,"height":42},"xOffset":0,"yOffset":-20,"xAdvance":44},"26368":{"rect":{"x":0,"y":129,"width":42,"height":41},"xOffset":0,"yOffset":-19,"xAdvance":44},"39640":{"rect":{"x":0,"y":0,"width":44,"height":42},"xOffset":0,"yOffset":-20,"xAdvance":46}},"kerningDict":{}}}]