[{"__type__":"cc.Prefab","_name":"SettingDialog","data":{"__id__":1}},{"__type__":"cc.Node","_name":"setting_dialog","_children":[{"__id__":2},{"__id__":3},{"__id__":11}],"_level":1,"_components":[{"__type__":"cc.Widget","node":{"__id__":1},"_alignFlags":45,"_originalWidth":750,"_originalHeight":1334},{"__type__":"5d0a4xHwuxPa5qh9mZibJB+","node":{"__id__":1},"args":{},"pan_mask":{"__id__":2},"btn_add_mini_program":{"__id__":10},"btn_add_public_account":{"__id__":9},"btn_sound":{"__id__":7},"btn_desc":{"__id__":5},"btn_close":{"__id__":4},"add_indicator":{"__id__":11}}],"_prefab":{"__type__":"cc.PrefabInfo","root":{"__id__":1},"asset":{"__uuid__":"b9H4ZgiqNHMoS5YoyypqH5"},"fileId":"e5UKqe25tHw4lDjLotWmwl"},"_contentSize":{"__type__":"cc.Size","width":720,"height":1280},"_position":{"__type__":"cc.Vec3","x":360,"y":640},"_scale":{"__type__":"cc.Vec3","x":1,"y":1,"z":1}},{"__type__":"cc.Node","_name":"pan_mask","_parent":{"__id__":1},"_level":2,"_components":[{"__type__":"cc.Sprite","node":{"__id__":2},"_spriteFrame":{"__uuid__":"a2MjXRFdtLlYQ5ouAFv/+R"},"_sizeMode":0},{"__type__":"cc.Widget","node":{"__id__":2},"_alignFlags":45,"_originalWidth":720,"_originalHeight":1280}],"_prefab":{"__type__":"cc.PrefabInfo","root":{"__id__":1},"asset":{"__uuid__":"b9H4ZgiqNHMoS5YoyypqH5"},"fileId":"b05hRAmr9Os7kctUplPpbK"},"_opacity":200,"_color":{"__type__":"cc.Color"},"_contentSize":{"__type__":"cc.Size","width":720,"height":1280},"_scale":{"__type__":"cc.Vec3","x":1,"y":1,"z":1}},{"__type__":"cc.Node","_name":"pan_content","_parent":{"__id__":1},"_children":[{"__id__":4},{"__id__":5},{"__id__":7},{"__id__":9},{"__id__":10}],"_level":2,"_components":[{"__type__":"cc.Widget","node":{"__id__":3},"_alignFlags":18},{"__type__":"cc.Sprite","node":{"__id__":3},"_spriteFrame":{"__uuid__":"17EyVdvTlMFbY3r5HYt3GE"},"_sizeMode":0}],"_prefab":{"__type__":"cc.PrefabInfo","root":{"__id__":1},"asset":{"__uuid__":"b9H4ZgiqNHMoS5YoyypqH5"},"fileId":"c8Gj4JE4JEeYUanWritw3W"},"_contentSize":{"__type__":"cc.Size","width":510,"height":520},"_scale":{"__type__":"cc.Vec3","x":1,"y":1,"z":1}},{"__type__":"cc.Node","_name":"btn_close","_parent":{"__id__":3},"_level":3,"_components":[{"__type__":"cc.Sprite","node":{"__id__":4},"_spriteFrame":{"__uuid__":"284hGfr2ZEabjs/RDk7DTu"},"_sizeMode":2},{"__type__":"cc.Button","node":{"__id__":4},"transition":3,"pressedColor":{"__type__":"cc.Color","r":255,"g":255,"b":255},"zoomScale":1.05,"_N$normalColor":{"__type__":"cc.Color","r":255,"g":255,"b":255},"_N$disabledColor":{"__type__":"cc.Color","r":255,"g":255,"b":255},"_N$normalSprite":{"__uuid__":"51Itv+ObZOjoErP3NIDT+J"},"_N$pressedSprite":{"__uuid__":"e97GVMl6JHh5Ml5qEDdSGa"},"pressedSprite":{"__uuid__":"e97GVMl6JHh5Ml5qEDdSGa"},"_N$hoverSprite":{"__uuid__":"f0BIwQ8D5Ml7nTNQbh1YlS"},"hoverSprite":{"__uuid__":"f0BIwQ8D5Ml7nTNQbh1YlS"},"_N$disabledSprite":{"__uuid__":"29FYIk+N1GYaeWH/q1NxQO"},"_N$target":{"__id__":4}}],"_prefab":{"__type__":"cc.PrefabInfo","root":{"__id__":1},"asset":{"__uuid__":"b9H4ZgiqNHMoS5YoyypqH5"},"fileId":"d7N5kyNNlAGJo+wp6mFrzx"},"_contentSize":{"__type__":"cc.Size","width":71,"height":71},"_position":{"__type__":"cc.Vec3","x":236,"y":247},"_scale":{"__type__":"cc.Vec3","x":1,"y":1,"z":1}},{"__type__":"cc.Node","_name":"btn_desc","_parent":{"__id__":3},"_children":[{"__id__":6}],"_level":3,"_components":[{"__type__":"cc.Sprite","node":{"__id__":5},"_spriteFrame":{"__uuid__":"9cHyb21ihBZ71IHoj00J+E"},"_sizeMode":2},{"__type__":"cc.Button","node":{"__id__":5},"transition":3,"pressedColor":{"__type__":"cc.Color","r":255,"g":255,"b":255},"zoomScale":1.05,"_N$normalColor":{"__type__":"cc.Color","r":255,"g":255,"b":255},"_N$disabledColor":{"__type__":"cc.Color","r":255,"g":255,"b":255},"_N$normalSprite":{"__uuid__":"51Itv+ObZOjoErP3NIDT+J"},"_N$pressedSprite":{"__uuid__":"e97GVMl6JHh5Ml5qEDdSGa"},"pressedSprite":{"__uuid__":"e97GVMl6JHh5Ml5qEDdSGa"},"_N$hoverSprite":{"__uuid__":"f0BIwQ8D5Ml7nTNQbh1YlS"},"hoverSprite":{"__uuid__":"f0BIwQ8D5Ml7nTNQbh1YlS"},"_N$disabledSprite":{"__uuid__":"29FYIk+N1GYaeWH/q1NxQO"},"_N$target":{"__id__":5}}],"_prefab":{"__type__":"cc.PrefabInfo","root":{"__id__":1},"asset":{"__uuid__":"b9H4ZgiqNHMoS5YoyypqH5"},"fileId":"caGiMpYytKX5WemHOkDdL3"},"_contentSize":{"__type__":"cc.Size","width":287,"height":82},"_position":{"__type__":"cc.Vec3","y":126},"_scale":{"__type__":"cc.Vec3","x":1,"y":1,"z":1}},{"__type__":"cc.Node","_name":"img_txt","_parent":{"__id__":5},"_level":4,"_components":[{"__type__":"cc.Sprite","node":{"__id__":6},"_spriteFrame":{"__uuid__":"0eywJzcJJD5L2ST0Y7I2Pi"}}],"_prefab":{"__type__":"cc.PrefabInfo","root":{"__id__":1},"asset":{"__uuid__":"b9H4ZgiqNHMoS5YoyypqH5"},"fileId":"846+dfx69HRqwjeyAiZBVA"},"_contentSize":{"__type__":"cc.Size","width":221,"height":35},"_scale":{"__type__":"cc.Vec3","x":1,"y":1,"z":1}},{"__type__":"cc.Node","_name":"btn_sound","_parent":{"__id__":3},"_children":[{"__id__":8}],"_level":3,"_components":[{"__type__":"cc.Sprite","node":{"__id__":7},"_spriteFrame":{"__uuid__":"9cHyb21ihBZ71IHoj00J+E"},"_sizeMode":2},{"__type__":"cc.Button","node":{"__id__":7},"transition":3,"pressedColor":{"__type__":"cc.Color","r":255,"g":255,"b":255},"zoomScale":1.05,"_N$normalColor":{"__type__":"cc.Color","r":255,"g":255,"b":255},"_N$disabledColor":{"__type__":"cc.Color","r":255,"g":255,"b":255},"_N$normalSprite":{"__uuid__":"51Itv+ObZOjoErP3NIDT+J"},"_N$pressedSprite":{"__uuid__":"e97GVMl6JHh5Ml5qEDdSGa"},"pressedSprite":{"__uuid__":"e97GVMl6JHh5Ml5qEDdSGa"},"_N$hoverSprite":{"__uuid__":"f0BIwQ8D5Ml7nTNQbh1YlS"},"hoverSprite":{"__uuid__":"f0BIwQ8D5Ml7nTNQbh1YlS"},"_N$disabledSprite":{"__uuid__":"29FYIk+N1GYaeWH/q1NxQO"},"_N$target":{"__id__":7}}],"_prefab":{"__type__":"cc.PrefabInfo","root":{"__id__":1},"asset":{"__uuid__":"b9H4ZgiqNHMoS5YoyypqH5"},"fileId":"0cQbqIAQ1B8YT0JCmW9xRZ"},"_contentSize":{"__type__":"cc.Size","width":287,"height":82},"_position":{"__type__":"cc.Vec3","y":-12},"_scale":{"__type__":"cc.Vec3","x":1,"y":1,"z":1}},{"__type__":"cc.Node","_name":"img_txt","_parent":{"__id__":7},"_level":4,"_components":[{"__type__":"cc.Sprite","node":{"__id__":8},"_spriteFrame":{"__uuid__":"deFTXYOSVDB4z/erbDGPh2"}}],"_prefab":{"__type__":"cc.PrefabInfo","root":{"__id__":1},"asset":{"__uuid__":"b9H4ZgiqNHMoS5YoyypqH5"},"fileId":"e6zISeEfNI2qPr6nT8txbq"},"_contentSize":{"__type__":"cc.Size","width":127,"height":47},"_scale":{"__type__":"cc.Vec3","x":1,"y":1,"z":1}},{"__type__":"cc.Node","_name":"btn_add_public_account","_parent":{"__id__":3},"_active":false,"_level":3,"_components":[{"__type__":"cc.Sprite","node":{"__id__":9},"_spriteFrame":{"__uuid__":"024D5X3sNHf6GvFDCy2+G8"},"_sizeMode":2},{"__type__":"cc.Button","node":{"__id__":9},"transition":3,"pressedColor":{"__type__":"cc.Color","r":255,"g":255,"b":255},"zoomScale":1.05,"_N$normalColor":{"__type__":"cc.Color","r":255,"g":255,"b":255},"_N$disabledColor":{"__type__":"cc.Color","r":255,"g":255,"b":255},"_N$normalSprite":{"__uuid__":"51Itv+ObZOjoErP3NIDT+J"},"_N$pressedSprite":{"__uuid__":"e97GVMl6JHh5Ml5qEDdSGa"},"pressedSprite":{"__uuid__":"e97GVMl6JHh5Ml5qEDdSGa"},"_N$hoverSprite":{"__uuid__":"f0BIwQ8D5Ml7nTNQbh1YlS"},"hoverSprite":{"__uuid__":"f0BIwQ8D5Ml7nTNQbh1YlS"},"_N$disabledSprite":{"__uuid__":"29FYIk+N1GYaeWH/q1NxQO"},"_N$target":{"__id__":9}}],"_prefab":{"__type__":"cc.PrefabInfo","root":{"__id__":1},"asset":{"__uuid__":"b9H4ZgiqNHMoS5YoyypqH5"},"fileId":"34HQOXCLhFp58WsCjG5UGh"},"_contentSize":{"__type__":"cc.Size","width":49,"height":49},"_position":{"__type__":"cc.Vec3","x":485,"y":-140},"_scale":{"__type__":"cc.Vec3","x":1.2,"y":1.2,"z":1}},{"__type__":"cc.Node","_name":"btn_add_mini_program","_parent":{"__id__":3},"_level":3,"_components":[{"__type__":"cc.Sprite","node":{"__id__":10},"_spriteFrame":{"__uuid__":"af0KPS6+JGs7d+veS1scK0"},"_sizeMode":2},{"__type__":"cc.Button","node":{"__id__":10},"transition":3,"pressedColor":{"__type__":"cc.Color","r":255,"g":255,"b":255},"zoomScale":1.05,"_N$normalColor":{"__type__":"cc.Color","r":255,"g":255,"b":255},"_N$disabledColor":{"__type__":"cc.Color","r":255,"g":255,"b":255},"_N$normalSprite":{"__uuid__":"51Itv+ObZOjoErP3NIDT+J"},"_N$pressedSprite":{"__uuid__":"e97GVMl6JHh5Ml5qEDdSGa"},"pressedSprite":{"__uuid__":"e97GVMl6JHh5Ml5qEDdSGa"},"_N$hoverSprite":{"__uuid__":"f0BIwQ8D5Ml7nTNQbh1YlS"},"hoverSprite":{"__uuid__":"f0BIwQ8D5Ml7nTNQbh1YlS"},"_N$disabledSprite":{"__uuid__":"29FYIk+N1GYaeWH/q1NxQO"},"_N$target":{"__id__":10}}],"_prefab":{"__type__":"cc.PrefabInfo","root":{"__id__":1},"asset":{"__uuid__":"b9H4ZgiqNHMoS5YoyypqH5"},"fileId":"4fTcUYmBhJd5e+zJ+S60uU"},"_contentSize":{"__type__":"cc.Size","width":53,"height":53},"_position":{"__type__":"cc.Vec3","y":-140},"_scale":{"__type__":"cc.Vec3","x":1.2,"y":1.2,"z":1}},{"__type__":"cc.Node","_name":"add_indicator","_parent":{"__id__":1},"_active":false,"_level":2,"_components":[{"__type__":"cc.Sprite","node":{"__id__":11},"_spriteFrame":{"__uuid__":"f17ZRO9gpEi4B266idaeVC"}}],"_prefab":{"__type__":"cc.PrefabInfo","root":{"__id__":1},"asset":{"__uuid__":"b9H4ZgiqNHMoS5YoyypqH5"},"fileId":"49BZJ+FT9JTYpXzj9RXZEP"},"_contentSize":{"__type__":"cc.Size","width":340,"height":52},"_position":{"__type__":"cc.Vec3","x":-14,"y":587},"_scale":{"__type__":"cc.Vec3","x":1,"y":1,"z":1}}]