[{"__type__":"cc.Prefab","_name":"LevelSettleDialog","data":{"__id__":1}},{"__type__":"cc.Node","_name":"LevelSettleDialog","_children":[{"__id__":2},{"__id__":3}],"_level":1,"_components":[{"__type__":"cc.Widget","node":{"__id__":1},"_alignFlags":45,"_originalWidth":750,"_originalHeight":1334},{"__type__":"11c39GXl1ZP9qd7YERIBDqS","node":{"__id__":1},"args":{},"pan_mask":{"__id__":2},"img_title":{"__id__":5},"img_poster":{"__id__":4},"btn_show_hint":{"__id__":6},"btn_other_level":{"__id__":8},"btn_next":{"__id__":10},"btn_reset":{"__id__":14},"btn_share":{"__id__":18}}],"_prefab":{"__type__":"cc.PrefabInfo","root":{"__id__":1},"asset":{"__uuid__":"1elok6L5dBvI6i9OYx8qh8"},"fileId":"e5UKqe25tHw4lDjLotWmwl"},"_contentSize":{"__type__":"cc.Size","width":720,"height":1280},"_position":{"__type__":"cc.Vec3","x":360,"y":640},"_scale":{"__type__":"cc.Vec3","x":1,"y":1,"z":1}},{"__type__":"cc.Node","_name":"pan_mask","_parent":{"__id__":1},"_level":2,"_components":[{"__type__":"cc.Sprite","node":{"__id__":2},"_spriteFrame":{"__uuid__":"a2MjXRFdtLlYQ5ouAFv/+R"},"_sizeMode":0},{"__type__":"cc.Widget","node":{"__id__":2},"_target":{"__id__":1},"_alignFlags":45,"_originalWidth":720,"_originalHeight":1280}],"_prefab":{"__type__":"cc.PrefabInfo","root":{"__id__":1},"asset":{"__uuid__":"1elok6L5dBvI6i9OYx8qh8"},"fileId":"cc5b6TK3hP7YScZFPMK4sH"},"_opacity":200,"_color":{"__type__":"cc.Color"},"_contentSize":{"__type__":"cc.Size","width":720,"height":1280},"_scale":{"__type__":"cc.Vec3","x":1,"y":1,"z":1}},{"__type__":"cc.Node","_name":"pan_content","_parent":{"__id__":1},"_children":[{"__id__":4},{"__id__":5},{"__id__":6},{"__id__":8},{"__id__":10},{"__id__":14},{"__id__":18}],"_level":2,"_components":[{"__type__":"cc.Widget","node":{"__id__":3},"_alignFlags":18}],"_prefab":{"__type__":"cc.PrefabInfo","root":{"__id__":1},"asset":{"__uuid__":"1elok6L5dBvI6i9OYx8qh8"},"fileId":"f2TBg9ROJFf6tx1bqJEurt"},"_contentSize":{"__type__":"cc.Size","width":651,"height":663},"_scale":{"__type__":"cc.Vec3","x":1,"y":1,"z":1}},{"__type__":"cc.Node","_name":"img_poster","_parent":{"__id__":3},"_level":3,"_components":[{"__type__":"cc.Sprite","node":{"__id__":4},"_spriteFrame":{"__uuid__":"3eJDUn9P1PYbyodWZOicz1"}}],"_prefab":{"__type__":"cc.PrefabInfo","root":{"__id__":1},"asset":{"__uuid__":"1elok6L5dBvI6i9OYx8qh8"},"fileId":"2aKI1J9X1A0b3A24FwAsDA"},"_contentSize":{"__type__":"cc.Size","width":651,"height":494},"_position":{"__type__":"cc.Vec3","x":-2,"y":39},"_scale":{"__type__":"cc.Vec3","x":1,"y":1,"z":1}},{"__type__":"cc.Node","_name":"img_title","_parent":{"__id__":3},"_level":3,"_components":[{"__type__":"cc.Sprite","node":{"__id__":5},"_spriteFrame":{"__uuid__":"821PAQlEVJqKO2bh9Er6Gz"}}],"_prefab":{"__type__":"cc.PrefabInfo","root":{"__id__":1},"asset":{"__uuid__":"1elok6L5dBvI6i9OYx8qh8"},"fileId":"e1Ach62RxPK7RKvaznS/iB"},"_contentSize":{"__type__":"cc.Size","width":420,"height":105},"_position":{"__type__":"cc.Vec3","y":282},"_scale":{"__type__":"cc.Vec3","x":1,"y":1,"z":1}},{"__type__":"cc.Node","_name":"btn_show_hint","_parent":{"__id__":3},"_children":[{"__id__":7}],"_level":3,"_components":[{"__type__":"cc.Sprite","node":{"__id__":6},"_spriteFrame":{"__uuid__":"51Itv+ObZOjoErP3NIDT+J"},"_sizeMode":2},{"__type__":"cc.Button","node":{"__id__":6},"transition":3,"pressedColor":{"__type__":"cc.Color","r":255,"g":255,"b":255},"zoomScale":1.05,"_N$normalColor":{"__type__":"cc.Color","r":255,"g":255,"b":255},"_N$disabledColor":{"__type__":"cc.Color","r":255,"g":255,"b":255},"_N$normalSprite":{"__uuid__":"51Itv+ObZOjoErP3NIDT+J"},"_N$pressedSprite":{"__uuid__":"e97GVMl6JHh5Ml5qEDdSGa"},"pressedSprite":{"__uuid__":"e97GVMl6JHh5Ml5qEDdSGa"},"_N$hoverSprite":{"__uuid__":"f0BIwQ8D5Ml7nTNQbh1YlS"},"hoverSprite":{"__uuid__":"f0BIwQ8D5Ml7nTNQbh1YlS"},"_N$disabledSprite":{"__uuid__":"29FYIk+N1GYaeWH/q1NxQO"},"_N$target":{"__id__":6}}],"_prefab":{"__type__":"cc.PrefabInfo","root":{"__id__":1},"asset":{"__uuid__":"1elok6L5dBvI6i9OYx8qh8"},"fileId":"5evK4tDDlJHokTKFwTimz7"},"_contentSize":{"__type__":"cc.Size","width":287,"height":82},"_position":{"__type__":"cc.Vec3","x":14,"y":-199},"_scale":{"__type__":"cc.Vec3","x":1,"y":1,"z":1}},{"__type__":"cc.Node","_name":"img_txt","_parent":{"__id__":6},"_components":[{"__type__":"cc.Sprite","node":{"__id__":7},"_spriteFrame":{"__uuid__":"35BGY1NUVA+oQOemqpuLjy"}}],"_prefab":{"__type__":"cc.PrefabInfo","root":{"__id__":1},"asset":{"__uuid__":"1elok6L5dBvI6i9OYx8qh8"},"fileId":"72oeBDK9FMzKa+Z9LT7aFl"},"_contentSize":{"__type__":"cc.Size","width":146,"height":36},"_scale":{"__type__":"cc.Vec3","x":1,"y":1,"z":1}},{"__type__":"cc.Node","_name":"btn_other_level","_parent":{"__id__":3},"_children":[{"__id__":9}],"_level":3,"_components":[{"__type__":"cc.Sprite","node":{"__id__":8},"_spriteFrame":{"__uuid__":"1efXllwVFJPZcO4AfKCutz"},"_sizeMode":2},{"__type__":"cc.Button","node":{"__id__":8},"transition":3,"pressedColor":{"__type__":"cc.Color","r":255,"g":255,"b":255},"zoomScale":1.05,"_N$normalColor":{"__type__":"cc.Color","r":255,"g":255,"b":255},"_N$disabledColor":{"__type__":"cc.Color","r":255,"g":255,"b":255},"_N$normalSprite":{"__uuid__":"1efXllwVFJPZcO4AfKCutz"},"_N$pressedSprite":{"__uuid__":"e97GVMl6JHh5Ml5qEDdSGa"},"pressedSprite":{"__uuid__":"e97GVMl6JHh5Ml5qEDdSGa"},"_N$hoverSprite":{"__uuid__":"f0BIwQ8D5Ml7nTNQbh1YlS"},"hoverSprite":{"__uuid__":"f0BIwQ8D5Ml7nTNQbh1YlS"},"_N$disabledSprite":{"__uuid__":"29FYIk+N1GYaeWH/q1NxQO"},"_N$target":{"__id__":8}}],"_prefab":{"__type__":"cc.PrefabInfo","root":{"__id__":1},"asset":{"__uuid__":"1elok6L5dBvI6i9OYx8qh8"},"fileId":"5aA/zvqOBFmJbGqpiX3WYD"},"_contentSize":{"__type__":"cc.Size","width":287,"height":82},"_position":{"__type__":"cc.Vec3","x":-164,"y":-291},"_scale":{"__type__":"cc.Vec3","x":1,"y":1,"z":1}},{"__type__":"cc.Node","_name":"img_txt","_parent":{"__id__":8},"_components":[{"__type__":"cc.Sprite","node":{"__id__":9},"_spriteFrame":{"__uuid__":"275g1YMtxBR6LTR6F3vM0S"}}],"_prefab":{"__type__":"cc.PrefabInfo","root":{"__id__":1},"asset":{"__uuid__":"1elok6L5dBvI6i9OYx8qh8"},"fileId":"b4gsXk+ihL2aBRHmrZeCR+"},"_contentSize":{"__type__":"cc.Size","width":146,"height":36},"_scale":{"__type__":"cc.Vec3","x":1,"y":1,"z":1}},{"__type__":"cc.Node","_name":"btn_next","_parent":{"__id__":3},"_children":[{"__id__":11},{"__id__":12}],"_level":3,"_components":[{"__type__":"cc.Sprite","node":{"__id__":10},"_spriteFrame":{"__uuid__":"1efXllwVFJPZcO4AfKCutz"},"_sizeMode":2},{"__type__":"cc.Button","node":{"__id__":10},"transition":3,"pressedColor":{"__type__":"cc.Color","r":255,"g":255,"b":255},"zoomScale":1.05,"_N$normalColor":{"__type__":"cc.Color","r":255,"g":255,"b":255},"_N$disabledColor":{"__type__":"cc.Color","r":255,"g":255,"b":255},"_N$normalSprite":{"__uuid__":"1efXllwVFJPZcO4AfKCutz"},"_N$pressedSprite":{"__uuid__":"e97GVMl6JHh5Ml5qEDdSGa"},"pressedSprite":{"__uuid__":"e97GVMl6JHh5Ml5qEDdSGa"},"_N$hoverSprite":{"__uuid__":"f0BIwQ8D5Ml7nTNQbh1YlS"},"hoverSprite":{"__uuid__":"f0BIwQ8D5Ml7nTNQbh1YlS"},"_N$disabledSprite":{"__uuid__":"29FYIk+N1GYaeWH/q1NxQO"},"_N$target":{"__id__":10}}],"_prefab":{"__type__":"cc.PrefabInfo","root":{"__id__":1},"asset":{"__uuid__":"1elok6L5dBvI6i9OYx8qh8"},"fileId":"02mhF/RvZBOIoSUYB4BmcR"},"_contentSize":{"__type__":"cc.Size","width":287,"height":82},"_position":{"__type__":"cc.Vec3","x":178,"y":-291},"_scale":{"__type__":"cc.Vec3","x":1,"y":1,"z":1}},{"__type__":"cc.Node","_name":"img_txt","_parent":{"__id__":10},"_components":[{"__type__":"cc.Sprite","node":{"__id__":11},"_spriteFrame":{"__uuid__":"20VcvyLh9I4IQMafzNXLbb"}}],"_prefab":{"__type__":"cc.PrefabInfo","root":{"__id__":1},"asset":{"__uuid__":"1elok6L5dBvI6i9OYx8qh8"},"fileId":"b8P8bPRkFCkYa8jlPVDmU7"},"_contentSize":{"__type__":"cc.Size","width":107,"height":35},"_position":{"__type__":"cc.Vec3","x":-25},"_scale":{"__type__":"cc.Vec3","x":1,"y":1,"z":1}},{"__type__":"cc.Node","_name":"power_icon","_parent":{"__id__":10},"_children":[{"__id__":13}],"_level":4,"_components":[{"__type__":"cc.Sprite","node":{"__id__":12},"_spriteFrame":{"__uuid__":"1f3mvAM9ZKzZe3FhuMKatr"}}],"_prefab":{"__type__":"cc.PrefabInfo","root":{"__id__":1},"asset":{"__uuid__":"1elok6L5dBvI6i9OYx8qh8"},"fileId":"066d+FvJxDlZByV/45gCNn"},"_contentSize":{"__type__":"cc.Size","width":39,"height":48},"_position":{"__type__":"cc.Vec3","x":59,"y":-2},"_scale":{"__type__":"cc.Vec3","x":1,"y":1,"z":1}},{"__type__":"cc.Node","_name":"power_num","_parent":{"__id__":12},"_level":5,"_components":[{"__type__":"cc.Sprite","node":{"__id__":13},"_spriteFrame":{"__uuid__":"84sNTYzTpHVaKQ7dhrk0wq"}}],"_prefab":{"__type__":"cc.PrefabInfo","root":{"__id__":1},"asset":{"__uuid__":"1elok6L5dBvI6i9OYx8qh8"},"fileId":"97NKzjah5KhrEJoJPipBcq"},"_contentSize":{"__type__":"cc.Size","width":15,"height":24},"_position":{"__type__":"cc.Vec3","x":9,"y":-12},"_scale":{"__type__":"cc.Vec3","x":1,"y":1,"z":1}},{"__type__":"cc.Node","_name":"btn_reset","_parent":{"__id__":3},"_children":[{"__id__":15},{"__id__":16}],"_level":3,"_components":[{"__type__":"cc.Sprite","node":{"__id__":14},"_spriteFrame":{"__uuid__":"1efXllwVFJPZcO4AfKCutz"},"_sizeMode":2},{"__type__":"cc.Button","node":{"__id__":14},"transition":3,"pressedColor":{"__type__":"cc.Color","r":255,"g":255,"b":255},"zoomScale":1.05,"_N$normalColor":{"__type__":"cc.Color","r":255,"g":255,"b":255},"_N$disabledColor":{"__type__":"cc.Color","r":255,"g":255,"b":255},"_N$normalSprite":{"__uuid__":"1efXllwVFJPZcO4AfKCutz"},"_N$pressedSprite":{"__uuid__":"e97GVMl6JHh5Ml5qEDdSGa"},"pressedSprite":{"__uuid__":"e97GVMl6JHh5Ml5qEDdSGa"},"_N$hoverSprite":{"__uuid__":"f0BIwQ8D5Ml7nTNQbh1YlS"},"hoverSprite":{"__uuid__":"f0BIwQ8D5Ml7nTNQbh1YlS"},"_N$disabledSprite":{"__uuid__":"29FYIk+N1GYaeWH/q1NxQO"},"_N$target":{"__id__":14}}],"_prefab":{"__type__":"cc.PrefabInfo","root":{"__id__":1},"asset":{"__uuid__":"1elok6L5dBvI6i9OYx8qh8"},"fileId":"9cmf62NHxM9p6QAwt40BRP"},"_contentSize":{"__type__":"cc.Size","width":287,"height":82},"_position":{"__type__":"cc.Vec3","x":178,"y":-291},"_scale":{"__type__":"cc.Vec3","x":1,"y":1,"z":1}},{"__type__":"cc.Node","_name":"img_txt","_parent":{"__id__":14},"_components":[{"__type__":"cc.Sprite","node":{"__id__":15},"_spriteFrame":{"__uuid__":"56jdWTLpdKuJt3/lN5YGKc"}}],"_prefab":{"__type__":"cc.PrefabInfo","root":{"__id__":1},"asset":{"__uuid__":"1elok6L5dBvI6i9OYx8qh8"},"fileId":"378oBk2ZxKu4iR0a2bWdS9"},"_contentSize":{"__type__":"cc.Size","width":70,"height":35},"_position":{"__type__":"cc.Vec3","x":-14},"_scale":{"__type__":"cc.Vec3","x":1,"y":1,"z":1}},{"__type__":"cc.Node","_name":"power_icon","_parent":{"__id__":14},"_children":[{"__id__":17}],"_level":4,"_components":[{"__type__":"cc.Sprite","node":{"__id__":16},"_spriteFrame":{"__uuid__":"1f3mvAM9ZKzZe3FhuMKatr"}}],"_prefab":{"__type__":"cc.PrefabInfo","root":{"__id__":1},"asset":{"__uuid__":"1elok6L5dBvI6i9OYx8qh8"},"fileId":"b2bkPnN2RJFqRjbBfNafPo"},"_contentSize":{"__type__":"cc.Size","width":39,"height":48},"_position":{"__type__":"cc.Vec3","x":44},"_scale":{"__type__":"cc.Vec3","x":1,"y":1,"z":1}},{"__type__":"cc.Node","_name":"power_num","_parent":{"__id__":16},"_level":5,"_components":[{"__type__":"cc.Sprite","node":{"__id__":17},"_spriteFrame":{"__uuid__":"84sNTYzTpHVaKQ7dhrk0wq"}}],"_prefab":{"__type__":"cc.PrefabInfo","root":{"__id__":1},"asset":{"__uuid__":"1elok6L5dBvI6i9OYx8qh8"},"fileId":"e1lCKbcidP26jPJOS1FzaD"},"_contentSize":{"__type__":"cc.Size","width":15,"height":24},"_position":{"__type__":"cc.Vec3","x":9,"y":-12},"_scale":{"__type__":"cc.Vec3","x":1,"y":1,"z":1}},{"__type__":"cc.Node","_name":"btn_share","_parent":{"__id__":3},"_children":[{"__id__":19}],"_level":3,"_components":[{"__type__":"cc.Sprite","node":{"__id__":18},"_spriteFrame":{"__uuid__":"51Itv+ObZOjoErP3NIDT+J"},"_sizeMode":2},{"__type__":"cc.Button","node":{"__id__":18},"transition":3,"pressedColor":{"__type__":"cc.Color","r":255,"g":255,"b":255},"zoomScale":1.05,"_N$normalColor":{"__type__":"cc.Color","r":255,"g":255,"b":255},"_N$disabledColor":{"__type__":"cc.Color","r":255,"g":255,"b":255},"_N$normalSprite":{"__uuid__":"51Itv+ObZOjoErP3NIDT+J"},"_N$pressedSprite":{"__uuid__":"e97GVMl6JHh5Ml5qEDdSGa"},"pressedSprite":{"__uuid__":"e97GVMl6JHh5Ml5qEDdSGa"},"_N$hoverSprite":{"__uuid__":"f0BIwQ8D5Ml7nTNQbh1YlS"},"hoverSprite":{"__uuid__":"f0BIwQ8D5Ml7nTNQbh1YlS"},"_N$disabledSprite":{"__uuid__":"29FYIk+N1GYaeWH/q1NxQO"},"_N$target":{"__id__":18}}],"_prefab":{"__type__":"cc.PrefabInfo","root":{"__id__":1},"asset":{"__uuid__":"1elok6L5dBvI6i9OYx8qh8"},"fileId":"76IqOWjrBDmL28RVxdkcpi"},"_contentSize":{"__type__":"cc.Size","width":287,"height":82},"_position":{"__type__":"cc.Vec3","x":14,"y":-197},"_scale":{"__type__":"cc.Vec3","x":1,"y":1,"z":1}},{"__type__":"cc.Node","_name":"img_txt","_parent":{"__id__":18},"_components":[{"__type__":"cc.Sprite","node":{"__id__":19},"_spriteFrame":{"__uuid__":"a6iWERMahMLpWrTzolcJnf"}}],"_prefab":{"__type__":"cc.PrefabInfo","root":{"__id__":1},"asset":{"__uuid__":"1elok6L5dBvI6i9OYx8qh8"},"fileId":"26FnuXl7NIn6zDuXxHHxzC"},"_contentSize":{"__type__":"cc.Size","width":147,"height":35},"_scale":{"__type__":"cc.Vec3","x":1,"y":1,"z":1}}]