[{"__type__":"cc.Prefab","_name":"LobbyView","data":{"__id__":1}},{"__type__":"cc.Node","_name":"lobbyView","_children":[{"__id__":2},{"__id__":3},{"__id__":8},{"__id__":9}],"_level":1,"_components":[{"__type__":"cc.Widget","node":{"__id__":1},"_alignFlags":45,"_originalWidth":750,"_originalHeight":1334},{"__type__":"4f30f2lithFKY3WDLVA1h04","node":{"__id__":1},"args":{},"img_head":{"__id__":11},"start_btn":{"__id__":5},"high_score":{"__id__":7},"light":{"__id__":6}}],"_prefab":{"__type__":"cc.PrefabInfo","root":{"__id__":1},"asset":{"__uuid__":"49tYFFMcpN54AhTYdxS0vD"},"fileId":"e5UKqe25tHw4lDjLotWmwl"},"_contentSize":{"__type__":"cc.Size","width":720,"height":1280},"_position":{"__type__":"cc.Vec3","x":360,"y":640},"_scale":{"__type__":"cc.Vec3","x":1,"y":1,"z":1}},{"__type__":"cc.Node","_name":"lobby_bg","_parent":{"__id__":1},"_level":2,"_components":[{"__type__":"cc.Sprite","node":{"__id__":2},"_spriteFrame":{"__uuid__":"38Z+RX/LlDp5jk/wpA3IhQ"},"_sizeMode":2},{"__type__":"cc.Widget","node":{"__id__":2},"_alignFlags":45,"_originalWidth":720,"_originalHeight":1280}],"_prefab":{"__type__":"cc.PrefabInfo","root":{"__id__":1},"asset":{"__uuid__":"49tYFFMcpN54AhTYdxS0vD"},"fileId":"c0ef1uvLJH55Ya0wuyrwmz"},"_contentSize":{"__type__":"cc.Size","width":720,"height":1280},"_anchorPoint":{"__type__":"cc.Vec2","x":0.5},"_position":{"__type__":"cc.Vec3","y":-640},"_scale":{"__type__":"cc.Vec3","x":1,"y":1,"z":1}},{"__type__":"cc.Node","_name":"high_score","_parent":{"__id__":1},"_children":[{"__id__":4}],"_level":2,"_components":[{"__id__":7},{"__type__":"cc.Widget","node":{"__id__":3},"_alignFlags":20,"_bottom":391}],"_prefab":{"__type__":"cc.PrefabInfo","root":{"__id__":1},"asset":{"__uuid__":"49tYFFMcpN54AhTYdxS0vD"},"fileId":"d7jLgwvQpPV5bbdNSnwFyl"},"_contentSize":{"__type__":"cc.Size","width":210,"height":50},"_position":{"__type__":"cc.Vec3","y":-224},"_scale":{"__type__":"cc.Vec3","x":1,"y":1,"z":1}},{"__type__":"cc.Node","_name":"start_btn_mask","_parent":{"__id__":3},"_children":[{"__id__":5},{"__id__":6}],"_level":3,"_components":[{"__type__":"cc.Widget","node":{"__id__":4},"_alignFlags":20,"_bottom":-139.5},{"__type__":"cc.Mask","node":{"__id__":4},"_spriteFrame":{"__uuid__":"faPH4aRWFHurpFALkZDcFd"},"_type":2}],"_prefab":{"__type__":"cc.PrefabInfo","root":{"__id__":1},"asset":{"__uuid__":"49tYFFMcpN54AhTYdxS0vD"},"fileId":"ealdHRnfFPIKLi4rBJEp/Z"},"_contentSize":{"__type__":"cc.Size","width":275,"height":97},"_position":{"__type__":"cc.Vec3","y":-116},"_scale":{"__type__":"cc.Vec3","x":1,"y":1,"z":1}},{"__type__":"cc.Node","_name":"start_btn","_parent":{"__id__":4},"_level":3,"_components":[{"__type__":"cc.Sprite","node":{"__id__":5},"_spriteFrame":{"__uuid__":"faPH4aRWFHurpFALkZDcFd"}},{"__type__":"cc.Widget","node":{"__id__":5},"_alignFlags":20}],"_prefab":{"__type__":"cc.PrefabInfo","root":{"__id__":1},"asset":{"__uuid__":"49tYFFMcpN54AhTYdxS0vD"},"fileId":"f9qrGJqudOJ5UkY7zXdDL8"},"_contentSize":{"__type__":"cc.Size","width":275,"height":97},"_scale":{"__type__":"cc.Vec3","x":1,"y":1,"z":1}},{"__type__":"cc.Node","_name":"light","_parent":{"__id__":4},"_level":3,"_components":[{"__type__":"cc.Sprite","node":{"__id__":6},"_spriteFrame":{"__uuid__":"4cWGNAyVVAabLaJkFGmj4f"}}],"_prefab":{"__type__":"cc.PrefabInfo","root":{"__id__":1},"asset":{"__uuid__":"49tYFFMcpN54AhTYdxS0vD"},"fileId":"37Cv+kiPJBnJxx87n8sRzN"},"_contentSize":{"__type__":"cc.Size","width":87,"height":97},"_position":{"__type__":"cc.Vec3","x":-167},"_scale":{"__type__":"cc.Vec3","x":1,"y":1,"z":1}},{"__type__":"cc.Label","node":{"__id__":3},"_useOriginalSize":false,"_string":"最高分：0","_N$string":"最高分：0","_N$file":{"__uuid__":"9eEttt6NlGRabP1D6i90ts"},"_isSystemFontUsed":false,"_N$horizontalAlign":1,"_N$verticalAlign":1},{"__type__":"cc.Node","_name":"lobby_title","_parent":{"__id__":1},"_level":2,"_components":[{"__type__":"cc.Sprite","node":{"__id__":8},"_spriteFrame":{"__uuid__":"90x8B/0xBJvL6JnOjheHbY"},"_sizeMode":0},{"__type__":"cc.Widget","node":{"__id__":8},"_alignFlags":17,"_left":27.5,"_right":27.5,"_top":148,"_bottom":948,"_originalWidth":665,"_originalHeight":184}],"_prefab":{"__type__":"cc.PrefabInfo","root":{"__id__":1},"asset":{"__uuid__":"49tYFFMcpN54AhTYdxS0vD"},"fileId":"1arm9TRtBBw4CWgmFnzGYQ"},"_contentSize":{"__type__":"cc.Size","width":665,"height":184},"_position":{"__type__":"cc.Vec3","y":400},"_scale":{"__type__":"cc.Vec3","x":1,"y":1,"z":1}},{"__type__":"cc.Node","_name":"img_head_k","_parent":{"__id__":1},"_children":[{"__id__":10}],"_active":false,"_level":2,"_components":[{"__type__":"cc.Sprite","node":{"__id__":9},"_spriteFrame":{"__uuid__":"0ae3vBjDxKgJYm71LLhvPe"},"_sizeMode":0},{"__type__":"cc.Widget","node":{"__id__":9},"_alignFlags":9,"_left":22.5,"_top":22.5}],"_prefab":{"__type__":"cc.PrefabInfo","root":{"__id__":1},"asset":{"__uuid__":"49tYFFMcpN54AhTYdxS0vD"},"fileId":"37kP99xW9F1rCTe7kVx137"},"_contentSize":{"__type__":"cc.Size","width":145,"height":145},"_position":{"__type__":"cc.Vec3","x":-265,"y":545},"_scale":{"__type__":"cc.Vec3","x":1,"y":1,"z":1}},{"__type__":"cc.Node","_name":"head_mask","_parent":{"__id__":9},"_children":[{"__id__":11}],"_level":3,"_components":[{"__type__":"cc.Mask","node":{"__id__":10},"_type":1}],"_prefab":{"__type__":"cc.PrefabInfo","root":{"__id__":1},"asset":{"__uuid__":"49tYFFMcpN54AhTYdxS0vD"},"fileId":"f6Fsrxp1hMmJSh0X/i3gpg"},"_contentSize":{"__type__":"cc.Size","width":125,"height":125},"_position":{"__type__":"cc.Vec3","y":4},"_scale":{"__type__":"cc.Vec3","x":1,"y":1,"z":1}},{"__type__":"cc.Node","_name":"img_head","_parent":{"__id__":10},"_level":4,"_components":[{"__type__":"cc.Sprite","node":{"__id__":11},"_spriteFrame":{"__uuid__":"71SqoGcD9F1KZKMKEuq2IV"},"_sizeMode":0}],"_prefab":{"__type__":"cc.PrefabInfo","root":{"__id__":1},"asset":{"__uuid__":"49tYFFMcpN54AhTYdxS0vD"},"fileId":"daK+lur/JHO73Q9H3V+abS"},"_contentSize":{"__type__":"cc.Size","width":125,"height":125},"_scale":{"__type__":"cc.Vec3","x":1,"y":1,"z":1}}]