[{"__type__":"cc.Prefab","_name":"GameOverDialog","data":{"__id__":1}},{"__type__":"cc.Node","_name":"GameOverDialog","_children":[{"__id__":2},{"__id__":3},{"__id__":4},{"__id__":6},{"__id__":8},{"__id__":10}],"_level":1,"_components":[{"__type__":"cc.Widget","node":{"__id__":1},"_alignFlags":45,"_originalWidth":750,"_originalHeight":1334},{"__type__":"fe4151Tmp9KRbzPclpAv7QR","node":{"__id__":1},"args":{},"pan_mask":{"__id__":2},"pass":{"__id__":10},"free_again":{"__id__":8},"cur_score":{"__id__":5},"high_score":{"__id__":7}}],"_prefab":{"__type__":"cc.PrefabInfo","root":{"__id__":1},"asset":{"__uuid__":"6bRLPjktpLQZuN9HBeIHCC"},"fileId":"e5UKqe25tHw4lDjLotWmwl"},"_contentSize":{"__type__":"cc.Size","width":720,"height":1280},"_position":{"__type__":"cc.Vec3","x":360,"y":640},"_scale":{"__type__":"cc.Vec3","x":1,"y":1,"z":1}},{"__type__":"cc.Node","_name":"pan_mask","_parent":{"__id__":1},"_level":2,"_components":[{"__type__":"cc.Sprite","node":{"__id__":2},"_spriteFrame":{"__uuid__":"a2MjXRFdtLlYQ5ouAFv/+R"},"_sizeMode":0},{"__type__":"cc.Widget","node":{"__id__":2},"_target":{"__id__":1},"_alignFlags":45,"_originalWidth":720,"_originalHeight":1280}],"_prefab":{"__type__":"cc.PrefabInfo","root":{"__id__":1},"asset":{"__uuid__":"6bRLPjktpLQZuN9HBeIHCC"},"fileId":"cc5b6TK3hP7YScZFPMK4sH"},"_opacity":200,"_color":{"__type__":"cc.Color"},"_contentSize":{"__type__":"cc.Size","width":720,"height":1280},"_scale":{"__type__":"cc.Vec3","x":1,"y":1,"z":1}},{"__type__":"cc.Node","_name":"cur_score_bg","_parent":{"__id__":1},"_level":2,"_components":[{"__type__":"cc.Sprite","node":{"__id__":3},"_spriteFrame":{"__uuid__":"89GXStf0hB2Jrt4IgGerko"},"_sizeMode":0},{"__type__":"cc.Widget","node":{"__id__":3},"_alignFlags":16,"_left":141,"_right":141,"_top":171,"_verticalCenter":447,"_originalWidth":438}],"_prefab":{"__type__":"cc.PrefabInfo","root":{"__id__":1},"asset":{"__uuid__":"6bRLPjktpLQZuN9HBeIHCC"},"fileId":"ed/IuxJ5xBUpwSoGTh31a4"},"_contentSize":{"__type__":"cc.Size","width":438,"height":112},"_position":{"__type__":"cc.Vec3","y":413},"_scale":{"__type__":"cc.Vec3","x":1,"y":1,"z":1}},{"__type__":"cc.Node","_name":"cur_score","_parent":{"__id__":1},"_level":2,"_components":[{"__id__":5},{"__type__":"cc.Widget","node":{"__id__":4},"_alignFlags":16}],"_prefab":{"__type__":"cc.PrefabInfo","root":{"__id__":1},"asset":{"__uuid__":"6bRLPjktpLQZuN9HBeIHCC"},"fileId":"46OJz1QNBJV6pZbrPDirTZ"},"_contentSize":{"__type__":"cc.Size","height":50},"_position":{"__type__":"cc.Vec3","y":220},"_scale":{"__type__":"cc.Vec3","x":1,"y":1,"z":1}},{"__type__":"cc.Label","node":{"__id__":4},"_useOriginalSize":false,"_N$file":{"__uuid__":"adk5d8G2lPGJW0tMOAV3Fg"},"_isSystemFontUsed":false,"_N$horizontalAlign":1,"_N$verticalAlign":1},{"__type__":"cc.Node","_name":"high_score","_parent":{"__id__":1},"_level":2,"_components":[{"__id__":7},{"__type__":"cc.Widget","node":{"__id__":6},"_alignFlags":16}],"_prefab":{"__type__":"cc.PrefabInfo","root":{"__id__":1},"asset":{"__uuid__":"6bRLPjktpLQZuN9HBeIHCC"},"fileId":"ebT2biTFND6oYEd6EXb3Qu"},"_contentSize":{"__type__":"cc.Size","width":288.75,"height":50},"_position":{"__type__":"cc.Vec3","y":68},"_scale":{"__type__":"cc.Vec3","x":1,"y":1,"z":1}},{"__type__":"cc.Label","node":{"__id__":6},"_useOriginalSize":false,"_string":"历史最高分:","_N$string":"历史最高分:","_N$file":{"__uuid__":"b4YsxrVEFAVIFSHFSJXypa"},"_isSystemFontUsed":false,"_N$horizontalAlign":1,"_N$verticalAlign":1},{"__type__":"cc.Node","_name":"free_again_bg","_parent":{"__id__":1},"_children":[{"__id__":9}],"_level":2,"_components":[{"__type__":"cc.Sprite","node":{"__id__":8},"_spriteFrame":{"__uuid__":"97dJxe2yJGW668mlDcQZ65"},"_sizeMode":0},{"__type__":"cc.Widget","node":{"__id__":8},"_alignFlags":40,"_left":236,"_right":236,"_originalWidth":248},{"__type__":"cc.Button","node":{"__id__":8},"_N$target":{"__id__":8}}],"_prefab":{"__type__":"cc.PrefabInfo","root":{"__id__":1},"asset":{"__uuid__":"6bRLPjktpLQZuN9HBeIHCC"},"fileId":"83VN0JkA5GeYZGlrW7uiTF"},"_contentSize":{"__type__":"cc.Size","width":248,"height":248},"_position":{"__type__":"cc.Vec3","y":-119},"_scale":{"__type__":"cc.Vec3","x":1,"y":1,"z":1}},{"__type__":"cc.Node","_name":"free_again","_parent":{"__id__":8},"_level":3,"_components":[{"__type__":"cc.Sprite","node":{"__id__":9},"_spriteFrame":{"__uuid__":"c6og06UIVFApmrQhdcsv7/"}}],"_prefab":{"__type__":"cc.PrefabInfo","root":{"__id__":1},"asset":{"__uuid__":"6bRLPjktpLQZuN9HBeIHCC"},"fileId":"723/mdh/NGwr9OEKfmDFdx"},"_contentSize":{"__type__":"cc.Size","width":158,"height":39},"_scale":{"__type__":"cc.Vec3","x":1,"y":1,"z":1}},{"__type__":"cc.Node","_name":"pass","_parent":{"__id__":1},"_level":2,"_components":[{"__type__":"cc.Sprite","node":{"__id__":10},"_spriteFrame":{"__uuid__":"598Y/hV5xI06bknE1CgvHq"},"_sizeMode":0},{"__type__":"cc.Widget","node":{"__id__":10},"_alignFlags":40,"_left":318,"_right":282,"_originalWidth":120}],"_prefab":{"__type__":"cc.PrefabInfo","root":{"__id__":1},"asset":{"__uuid__":"6bRLPjktpLQZuN9HBeIHCC"},"fileId":"37zeCIia9AoYw504uYUAGu"},"_contentSize":{"__type__":"cc.Size","width":120,"height":39},"_position":{"__type__":"cc.Vec3","x":18,"y":-284},"_scale":{"__type__":"cc.Vec3","x":1,"y":1,"z":1}}]