[{"__type__":"cc.SpriteFrame","content":{"name":"fnt_num_1","texture":"60TfV5f3hMVo4H1X0lKpko","rect":[0,0,339,179],"offset":[-86.5,38.5],"originalSize":[512,256]}},{"__type__":"cc.BitmapFont","_name":"fnt_num_1","spriteFrame":{"__uuid__":"0cDJGUzBZMOJZyXqIZ0kiv"},"fontSize":32,"_fntConfig":{"commonHeight":94,"fontSize":32,"atlasName":"fnt_num_1.png","fontDefDictionary":{"9":{"rect":{"x":0,"y":0,"width":0,"height":0},"xOffset":0,"yOffset":0,"xAdvance":80},"32":{"rect":{"x":0,"y":0,"width":0,"height":0},"xOffset":0,"yOffset":0,"xAdvance":10},"48":{"rect":{"x":0,"y":88,"width":69,"height":89},"xOffset":1,"yOffset":5,"xAdvance":71},"49":{"rect":{"x":72,"y":0,"width":49,"height":87},"xOffset":11,"yOffset":8,"xAdvance":51},"50":{"rect":{"x":139,"y":90,"width":68,"height":89},"xOffset":1,"yOffset":5,"xAdvance":70},"51":{"rect":{"x":274,"y":90,"width":65,"height":89},"xOffset":3,"yOffset":5,"xAdvance":67},"52":{"rect":{"x":139,"y":0,"width":68,"height":89},"xOffset":1,"yOffset":5,"xAdvance":70},"53":{"rect":{"x":0,"y":0,"width":71,"height":87},"xOffset":0,"yOffset":7,"xAdvance":73},"54":{"rect":{"x":208,"y":90,"width":65,"height":89},"xOffset":3,"yOffset":5,"xAdvance":67},"55":{"rect":{"x":70,"y":88,"width":68,"height":87},"xOffset":1,"yOffset":7,"xAdvance":70},"56":{"rect":{"x":208,"y":0,"width":66,"height":89},"xOffset":2,"yOffset":5,"xAdvance":68},"57":{"rect":{"x":275,"y":0,"width":64,"height":89},"xOffset":3,"yOffset":5,"xAdvance":66}},"kerningDict":{}}}]