{"__type__":"dragonBones.DragonBonesAtlasAsset","_name":"fx_circle_tex","_atlasJson":"{\"SubTexture\":[{\"width\":39,\"y\":83,\"height\":39,\"name\":\"3\",\"x\":1},{\"width\":39,\"y\":42,\"height\":39,\"name\":\"2\",\"x\":1},{\"frameWidth\":39,\"y\":29,\"frameHeight\":39,\"width\":26,\"frameX\":-6,\"height\":26,\"name\":\"6\",\"frameY\":-6,\"x\":83},{\"width\":39,\"y\":1,\"height\":39,\"name\":\"4\",\"x\":42},{\"frameWidth\":39,\"y\":1,\"frameHeight\":39,\"width\":26,\"frameX\":-7,\"height\":26,\"name\":\"5\",\"frameY\":-6,\"x\":83},{\"width\":39,\"y\":1,\"height\":39,\"name\":\"1\",\"x\":1}],\"width\":111,\"height\":124,\"name\":\"fx_circle\",\"imagePath\":\"fx_circle_tex.png\"}","_texture":{"__uuid__":"e7PAlmlAVK/qtkFCQeAOzt"},"texture":{"__uuid__":"e7PAlmlAVK/qtkFCQeAOzt"}}