[{"__type__":"cc.Prefab","_name":"PublicLoginDialog","data":{"__id__":1}},{"__type__":"cc.Node","_name":"public_login_dialog","_children":[{"__id__":2},{"__id__":3},{"__id__":5}],"_level":1,"_components":[{"__type__":"cc.Widget","node":{"__id__":1},"_alignFlags":45,"_originalWidth":750,"_originalHeight":1334},{"__type__":"f2697M9XghMcZkiTHiJHRCh","node":{"__id__":1},"args":{},"pan_mask":{"__id__":2},"btn_close":{"__id__":4},"finger":{"__id__":5}}],"_prefab":{"__type__":"cc.PrefabInfo","root":{"__id__":1},"asset":{"__uuid__":"8fkY8uJ11FCrfMi+KzPbG7"},"fileId":"e5UKqe25tHw4lDjLotWmwl"},"_contentSize":{"__type__":"cc.Size","width":720,"height":1280},"_position":{"__type__":"cc.Vec3","x":360,"y":640},"_scale":{"__type__":"cc.Vec3","x":1,"y":1,"z":1}},{"__type__":"cc.Node","_name":"pan_mask","_parent":{"__id__":1},"_level":2,"_components":[{"__type__":"cc.Sprite","node":{"__id__":2},"_spriteFrame":{"__uuid__":"a2MjXRFdtLlYQ5ouAFv/+R"},"_sizeMode":0},{"__type__":"cc.Widget","node":{"__id__":2},"_alignFlags":45,"_originalWidth":720,"_originalHeight":1280}],"_prefab":{"__type__":"cc.PrefabInfo","root":{"__id__":1},"asset":{"__uuid__":"8fkY8uJ11FCrfMi+KzPbG7"},"fileId":"b05hRAmr9Os7kctUplPpbK"},"_opacity":200,"_color":{"__type__":"cc.Color"},"_contentSize":{"__type__":"cc.Size","width":720,"height":1280},"_scale":{"__type__":"cc.Vec3","x":1,"y":1,"z":1}},{"__type__":"cc.Node","_name":"pan_content","_parent":{"__id__":1},"_children":[{"__id__":4}],"_level":2,"_components":[{"__type__":"cc.Sprite","node":{"__id__":3},"_spriteFrame":{"__uuid__":"3aO+T7lGZGya6kCm0N5lmv"},"_sizeMode":2},{"__type__":"cc.Widget","node":{"__id__":3},"_alignFlags":18}],"_prefab":{"__type__":"cc.PrefabInfo","root":{"__id__":1},"asset":{"__uuid__":"8fkY8uJ11FCrfMi+KzPbG7"},"fileId":"c8Gj4JE4JEeYUanWritw3W"},"_contentSize":{"__type__":"cc.Size","width":697,"height":992},"_scale":{"__type__":"cc.Vec3","x":1,"y":1,"z":1}},{"__type__":"cc.Node","_name":"btn_close","_parent":{"__id__":3},"_level":3,"_components":[{"__type__":"cc.Sprite","node":{"__id__":4},"_spriteFrame":{"__uuid__":"9bzGPXeLND0IKu3gqWy3EY"},"_sizeMode":2},{"__type__":"cc.Button","node":{"__id__":4},"transition":3,"pressedColor":{"__type__":"cc.Color","r":255,"g":255,"b":255},"zoomScale":1.05,"_N$normalColor":{"__type__":"cc.Color","r":255,"g":255,"b":255},"_N$disabledColor":{"__type__":"cc.Color","r":255,"g":255,"b":255},"_N$normalSprite":{"__uuid__":"51Itv+ObZOjoErP3NIDT+J"},"_N$pressedSprite":{"__uuid__":"e97GVMl6JHh5Ml5qEDdSGa"},"pressedSprite":{"__uuid__":"e97GVMl6JHh5Ml5qEDdSGa"},"_N$hoverSprite":{"__uuid__":"f0BIwQ8D5Ml7nTNQbh1YlS"},"hoverSprite":{"__uuid__":"f0BIwQ8D5Ml7nTNQbh1YlS"},"_N$disabledSprite":{"__uuid__":"29FYIk+N1GYaeWH/q1NxQO"},"_N$target":{"__id__":4}}],"_prefab":{"__type__":"cc.PrefabInfo","root":{"__id__":1},"asset":{"__uuid__":"8fkY8uJ11FCrfMi+KzPbG7"},"fileId":"d7N5kyNNlAGJo+wp6mFrzx"},"_contentSize":{"__type__":"cc.Size","width":19,"height":19},"_position":{"__type__":"cc.Vec3","x":318,"y":470},"_scale":{"__type__":"cc.Vec3","x":1,"y":1,"z":1}},{"__type__":"cc.Node","_name":"finger","_parent":{"__id__":1},"_level":2,"_components":[{"__type__":"cc.Sprite","node":{"__id__":5},"_spriteFrame":{"__uuid__":"93vkPUJKNCp6xaz7Lg1oj3"}}],"_prefab":{"__type__":"cc.PrefabInfo","root":{"__id__":1},"asset":{"__uuid__":"8fkY8uJ11FCrfMi+KzPbG7"},"fileId":"2dTCMn/ahCSLIDhE1kQzAV"},"_contentSize":{"__type__":"cc.Size","width":88,"height":107},"_position":{"__type__":"cc.Vec3","x":214.5,"y":542.5},"_scale":{"__type__":"cc.Vec3","x":1,"y":1,"z":1}}]