[{"__type__":"cc.SpriteFrame","content":{"name":"global_img_avatar_bottom","texture":"eeYzDQvxRGXIK09PfLFRCt","rect":[752,324,129,129],"offset":[0,0],"originalSize":[129,129]}},{"__type__":"cc.SpriteFrame","content":{"name":"close_btn","texture":"eeYzDQvxRGXIK09PfLFRCt","rect":[577,402,71,70],"offset":[0,0],"originalSize":[71,70]}},{"__type__":"cc.SpriteFrame","content":{"name":"global_rect_head_mask","texture":"eeYzDQvxRGXIK09PfLFRCt","rect":[752,192,130,130],"offset":[0,0],"originalSize":[130,130]}},{"__type__":"cc.SpriteAtlas","_name":"global.plist","_spriteFrames":{"btn_blue":{"__uuid__":"9cX0RD7j5PnL9BTwM9J7IJ"},"btn_yellow":{"__uuid__":"d99UNO4uZPhb74RYb4neaa"},"close_btn":{"__uuid__":"39QDMhl01CvZ8hVu7sZ8Td"},"global_bg":{"__uuid__":"e9gp7NXLFAMpfZfLRje4kh"},"global_bg9":{"__uuid__":"47kOV19uBJoYUuaaort7or"},"global_img_avatar_bottom":{"__uuid__":"21RZRxx5dKZ55z4BDgXlUY"},"global_loadding":{"__uuid__":"91C2dObthHP7Rgn19mwHIZ"},"global_loadding_bg":{"__uuid__":"976NDpDfpGFp6URswv+bw+"},"global_rect_head_mask":{"__uuid__":"3fzUMVL7RBbaZjmzuK+azX"},"global_red_pot":{"__uuid__":"b3PA79K1dEbL5Zh1X7E9m5"}}},{"__type__":"cc.SpriteFrame","content":{"name":"global_bg9","texture":"eeYzDQvxRGXIK09PfLFRCt","rect":[767,90,60,60],"offset":[0,0],"originalSize":[60,60]}},{"__type__":"cc.SpriteFrame","content":{"name":"global_loadding","texture":"eeYzDQvxRGXIK09PfLFRCt","rect":[767,2,86,86],"offset":[0,0],"originalSize":[86,86]}},{"__type__":"cc.SpriteFrame","content":{"name":"global_loadding_bg","texture":"eeYzDQvxRGXIK09PfLFRCt","rect":[577,2,188,188],"offset":[0,0],"originalSize":[188,188]}},{"__type__":"cc.SpriteFrame","content":{"name":"btn_blue","texture":"eeYzDQvxRGXIK09PfLFRCt","rect":[665,192,208,85],"offset":[0,0],"originalSize":[208,85],"rotated":1}},{"__type__":"cc.SpriteFrame","content":{"name":"global_red_pot","texture":"eeYzDQvxRGXIK09PfLFRCt","rect":[650,402,44,43],"offset":[0,0],"originalSize":[44,43]}},{"__type__":"cc.SpriteFrame","content":{"name":"btn_yellow","texture":"eeYzDQvxRGXIK09PfLFRCt","rect":[577,192,208,86],"offset":[0,0],"originalSize":[208,86],"rotated":1}},{"__type__":"cc.SpriteFrame","content":{"name":"global_bg","texture":"eeYzDQvxRGXIK09PfLFRCt","rect":[2,2,573,477],"offset":[0,0],"originalSize":[573,477]}}]