[{"__type__":"cc.SpriteFrame","content":{"name":"fnt_1","texture":"21zN9eXnJEl4mfajWzsyDU","rect":[0,0,186,247],"offset":[-35,4.5],"originalSize":[256,256]}},{"__type__":"cc.BitmapFont","_name":"fnt_1","spriteFrame":{"__uuid__":"a9uU+Maz9BR5CJq0JfHTGf"},"fontSize":32,"_fntConfig":{"commonHeight":42,"fontSize":32,"atlasName":"fnt_1.png","fontDefDictionary":{"9":{"rect":{"x":0,"y":0,"width":0,"height":0},"xOffset":0,"yOffset":0,"xAdvance":80},"32":{"rect":{"x":0,"y":0,"width":0,"height":0},"xOffset":0,"yOffset":0,"xAdvance":10},"48":{"rect":{"x":65,"y":0,"width":55,"height":82},"xOffset":0,"yOffset":-40,"xAdvance":57},"49":{"rect":{"x":168,"y":81,"width":18,"height":83},"xOffset":0,"yOffset":-41,"xAdvance":20},"50":{"rect":{"x":57,"y":83,"width":56,"height":82},"xOffset":0,"yOffset":-40,"xAdvance":58},"51":{"rect":{"x":0,"y":165,"width":56,"height":81},"xOffset":0,"yOffset":-39,"xAdvance":58},"52":{"rect":{"x":0,"y":0,"width":64,"height":82},"xOffset":0,"yOffset":-40,"xAdvance":66},"53":{"rect":{"x":121,"y":0,"width":53,"height":80},"xOffset":0,"yOffset":-39,"xAdvance":55},"54":{"rect":{"x":0,"y":83,"width":56,"height":81},"xOffset":0,"yOffset":-39,"xAdvance":58},"55":{"rect":{"x":114,"y":83,"width":53,"height":82},"xOffset":0,"yOffset":-40,"xAdvance":55},"56":{"rect":{"x":113,"y":166,"width":54,"height":81},"xOffset":0,"yOffset":-39,"xAdvance":56},"57":{"rect":{"x":57,"y":166,"width":55,"height":81},"xOffset":0,"yOffset":-39,"xAdvance":57}},"kerningDict":{}}}]