[{"__type__":"cc.SpriteFrame","content":{"name":"title_pass","texture":"2cTnGpzRFGuK90AmWqxq7n","rect":[536,87,446,112],"offset":[0,0],"originalSize":[446,112]}},{"__type__":"cc.SpriteFrame","content":{"name":"name_bg","texture":"2cTnGpzRFGuK90AmWqxq7n","rect":[536,2,473,83],"offset":[0,0],"originalSize":[473,83]}},{"__type__":"cc.SpriteFrame","content":{"name":"girl","texture":"2cTnGpzRFGuK90AmWqxq7n","rect":[635,314,225,333],"offset":[0,0],"originalSize":[225,333],"rotated":1}},{"__type__":"cc.SpriteFrame","content":{"name":"again_btn","texture":"2cTnGpzRFGuK90AmWqxq7n","rect":[27,545,227,40],"offset":[0,0],"originalSize":[227,40]}},{"__type__":"cc.SpriteFrame","content":{"name":"star_bg","texture":"2cTnGpzRFGuK90AmWqxq7n","rect":[2,545,71,23],"offset":[0,0],"originalSize":[71,23],"rotated":1}},{"__type__":"cc.SpriteFrame","content":{"name":"share_btn","texture":"2cTnGpzRFGuK90AmWqxq7n","rect":[536,314,275,97],"offset":[0,0],"originalSize":[275,97],"rotated":1}},{"__type__":"cc.SpriteFrame","content":{"name":"light_bg","texture":"2cTnGpzRFGuK90AmWqxq7n","rect":[2,2,541,532],"offset":[0,0],"originalSize":[541,532],"rotated":1}},{"__type__":"cc.SpriteFrame","content":{"name":"title_up","texture":"2cTnGpzRFGuK90AmWqxq7n","rect":[536,201,443,111],"offset":[0,0],"originalSize":[443,111]}},{"__type__":"cc.SpriteAtlas","_name":"show_off_dialog.plist","_spriteFrames":{"again_btn":{"__uuid__":"2efZ4IlgJK77DDHD96nSnS"},"girl":{"__uuid__":"285Jis02dOuoO584ErGt9Q"},"light_bg":{"__uuid__":"5bMjOohvxEB6ghnxXBj729"},"name_bg":{"__uuid__":"252q6P7pRNPJPFZ+rcCK10"},"pass_txt":{"__uuid__":"f4CbU9fT5Nb64QDfCqiKGt"},"share_btn":{"__uuid__":"57PJURQBBHT7zgj7I1xzCq"},"star_bg":{"__uuid__":"3e0XB5hXJAOLRCB+idCYMU"},"title_pass":{"__uuid__":"22pVi6hbtOUaWFO71hFA9Z"},"title_up":{"__uuid__":"93OyLX8eZC5pCa1w1K6LN1"}}},{"__type__":"cc.SpriteFrame","content":{"name":"pass_txt","texture":"2cTnGpzRFGuK90AmWqxq7n","rect":[27,591,479,33],"offset":[0,0],"originalSize":[479,33]}}]