[{"__type__":"cc.SpriteFrame","content":{"name":"img_setting_5","texture":"5ciaClMgpAA5iDhb2nzJ1V","rect":[346,56,49,49],"offset":[0,0],"originalSize":[49,49]}},{"__type__":"cc.SpriteAtlas","_name":"setting.plist","_spriteFrames":{"add_mini_program_indicator":{"__uuid__":"f17ZRO9gpEi4B266idaeVC"},"img_setting_1":{"__uuid__":"9cHyb21ihBZ71IHoj00J+E"},"img_setting_2":{"__uuid__":"0eywJzcJJD5L2ST0Y7I2Pi"},"img_setting_3":{"__uuid__":"deFTXYOSVDB4z/erbDGPh2"},"img_setting_4":{"__uuid__":"af0KPS6+JGs7d+veS1scK0"},"img_setting_5":{"__uuid__":"024D5X3sNHf6GvFDCy2+G8"},"img_setting_6":{"__uuid__":"cb3Po5fH5LB7i0VdLjftD4"}}},{"__type__":"cc.SpriteFrame","content":{"name":"img_setting_2","texture":"5ciaClMgpAA5iDhb2nzJ1V","rect":[2,86,221,35],"offset":[0,0],"originalSize":[221,35]}},{"__type__":"cc.SpriteFrame","content":{"name":"img_setting_1","texture":"5ciaClMgpAA5iDhb2nzJ1V","rect":[2,2,287,82],"offset":[0,0],"originalSize":[287,82]}},{"__type__":"cc.SpriteFrame","content":{"name":"img_setting_4","texture":"5ciaClMgpAA5iDhb2nzJ1V","rect":[291,56,53,53],"offset":[0,0],"originalSize":[53,53]}},{"__type__":"cc.SpriteFrame","content":{"name":"img_setting_6","texture":"5ciaClMgpAA5iDhb2nzJ1V","rect":[526,56,126,47],"offset":[0,0],"originalSize":[126,47]}},{"__type__":"cc.SpriteFrame","content":{"name":"img_setting_3","texture":"5ciaClMgpAA5iDhb2nzJ1V","rect":[397,56,127,47],"offset":[0,0],"originalSize":[127,47]}},{"__type__":"cc.SpriteFrame","content":{"name":"add_mini_program_indicator","texture":"5ciaClMgpAA5iDhb2nzJ1V","rect":[291,2,340,52],"offset":[0,0],"originalSize":[340,52]}}]