[{"__type__":"cc.SpriteFrame","content":{"name":"img_help_txt_2","texture":"b0mmfRgcFA3aYjcFK37Rh5","rect":[727,58,73,23],"offset":[0,0],"originalSize":[73,23]}},{"__type__":"cc.SpriteFrame","content":{"name":"img_help_btn_bg_1","texture":"b0mmfRgcFA3aYjcFK37Rh5","rect":[629,2,179,54],"offset":[0,0],"originalSize":[179,54]}},{"__type__":"cc.SpriteFrame","content":{"name":"img_show_off_title","texture":"b0mmfRgcFA3aYjcFK37Rh5","rect":[2,2,336,93],"offset":[0,0],"originalSize":[336,93]}},{"__type__":"cc.SpriteFrame","content":{"name":"img_help_txt_1","texture":"b0mmfRgcFA3aYjcFK37Rh5","rect":[810,42,107,35],"offset":[0,0],"originalSize":[107,35]}},{"__type__":"cc.SpriteFrame","content":{"name":"img_help_title","texture":"b0mmfRgcFA3aYjcFK37Rh5","rect":[810,2,152,38],"offset":[0,0],"originalSize":[152,38]}},{"__type__":"cc.SpriteFrame","content":{"name":"img_show_off_share","texture":"b0mmfRgcFA3aYjcFK37Rh5","rect":[340,2,287,82],"offset":[0,0],"originalSize":[287,82]}},{"__type__":"cc.SpriteAtlas","_name":"help_friend_dialog.plist","_spriteFrames":{"img_help_btn_bg_1":{"__uuid__":"04PHCS+QJBQYPbfNFNpUB7"},"img_help_title":{"__uuid__":"55lJ0aneFByrJGmQSqrYWu"},"img_help_txt_1":{"__uuid__":"3eyjiodJJFsLNjCPkcvIdK"},"img_help_txt_2":{"__uuid__":"00U9X36EZKVot1rlAt2hby"},"img_help_txt_3":{"__uuid__":"d9oyaZ9l5Gh6t9QTmQ6XO6"},"img_show_off_share":{"__uuid__":"75wzXMBVpMCIaoyVmVqEAP"},"img_show_off_title":{"__uuid__":"11ENPFfI9LH6uUZklHT8jj"}}},{"__type__":"cc.SpriteFrame","content":{"name":"img_help_txt_3","texture":"b0mmfRgcFA3aYjcFK37Rh5","rect":[629,58,96,24],"offset":[0,0],"originalSize":[96,24]}}]