[[{"__type__":"cc.Prefab","_name":"LobbyView","data":{"__id__":1}},{"__type__":"cc.Node","_name":"lobbyView","_children":[{"__id__":2},{"__id__":3},{"__id__":4},{"__id__":12},{"__id__":22},{"__id__":27}],"_level":1,"_components":[{"__type__":"cc.Widget","node":{"__id__":1},"_alignFlags":45,"_originalWidth":750,"_originalHeight":1334},{"__type__":"4f30f2lithFKY3WDLVA1h04","node":{"__id__":1},"args":{},"page_view":{"__id__":21},"levelIndicator_num":{"__id__":17},"page_content":{"__id__":14},"btn_left":{"__id__":20},"btn_right":{"__id__":19},"btn_setting":{"__id__":25},"btn_map":{"__id__":24},"btn_share":{"__id__":26},"pan_bubble":{"__id__":27},"hp_num":{"__id__":8},"hp_time":{"__id__":10},"btn_hp_add":{"__id__":11},"pan_hp_add":{"__id__":4}}],"_prefab":{"__type__":"cc.PrefabInfo","root":{"__id__":1},"asset":{"__uuid__":"49tYFFMcpN54AhTYdxS0vD"},"fileId":"e5UKqe25tHw4lDjLotWmwl"},"_contentSize":{"__type__":"cc.Size","width":720,"height":1280},"_position":{"__type__":"cc.Vec3","x":360,"y":640},"_scale":{"__type__":"cc.Vec3","x":1,"y":1,"z":1}},{"__type__":"cc.Node","_name":"color_bg","_parent":{"__id__":1},"_level":2,"_components":[{"__type__":"cc.Sprite","node":{"__id__":2},"_spriteFrame":{"__uuid__":"a2MjXRFdtLlYQ5ouAFv/+R"},"_sizeMode":0},{"__type__":"cc.Widget","node":{"__id__":2},"_alignFlags":45,"_originalWidth":100,"_originalHeight":100}],"_prefab":{"__type__":"cc.PrefabInfo","root":{"__id__":1},"asset":{"__uuid__":"49tYFFMcpN54AhTYdxS0vD"},"fileId":"77g9lGhaBLiL05FfY8caHz"},"_color":{"__type__":"cc.Color","r":134,"g":228,"b":125},"_contentSize":{"__type__":"cc.Size","width":720,"height":1280},"_scale":{"__type__":"cc.Vec3","x":1,"y":1,"z":1}},{"__type__":"cc.Node","_name":"lobby_bg","_parent":{"__id__":1},"_level":2,"_components":[{"__type__":"cc.Sprite","node":{"__id__":3},"_spriteFrame":{"__uuid__":"6fiOdrhz5IlIa6LU1MQZnJ"}},{"__type__":"cc.Widget","node":{"__id__":3},"_alignFlags":17}],"_prefab":{"__type__":"cc.PrefabInfo","root":{"__id__":1},"asset":{"__uuid__":"49tYFFMcpN54AhTYdxS0vD"},"fileId":"c0ef1uvLJH55Ya0wuyrwmz"},"_contentSize":{"__type__":"cc.Size","width":720,"height":1280},"_scale":{"__type__":"cc.Vec3","x":1,"y":1,"z":1}},{"__type__":"cc.Node","_name":"pan_top","_parent":{"__id__":1},"_children":[{"__id__":5},{"__id__":6},{"__id__":7},{"__id__":9},{"__id__":11}],"_level":2,"_components":[{"__type__":"cc.Widget","node":{"__id__":4},"_alignFlags":17,"_top":48,"_bottom":1150,"_verticalCenter":551}],"_prefab":{"__type__":"cc.PrefabInfo","root":{"__id__":1},"asset":{"__uuid__":"49tYFFMcpN54AhTYdxS0vD"},"fileId":"efAjrFpChIVqyTwCMBgCqA"},"_contentSize":{"__type__":"cc.Size","width":267,"height":82},"_position":{"__type__":"cc.Vec3","y":551},"_scale":{"__type__":"cc.Vec3","x":1,"y":1,"z":1}},{"__type__":"cc.Node","_name":"img_power_bg","_parent":{"__id__":4},"_level":3,"_components":[{"__type__":"cc.Sprite","node":{"__id__":5},"_spriteFrame":{"__uuid__":"e9wRcEmxFG9bY0dxWC0vHt"},"_type":1,"_sizeMode":0}],"_prefab":{"__type__":"cc.PrefabInfo","root":{"__id__":1},"asset":{"__uuid__":"49tYFFMcpN54AhTYdxS0vD"},"fileId":"ees43fs8FGIrpLCEEQ9Dcb"},"_contentSize":{"__type__":"cc.Size","width":267,"height":82},"_scale":{"__type__":"cc.Vec3","x":1,"y":1,"z":1}},{"__type__":"cc.Node","_name":"img_power_icon","_parent":{"__id__":4},"_level":3,"_components":[{"__type__":"cc.Sprite","node":{"__id__":6},"_spriteFrame":{"__uuid__":"1f3mvAM9ZKzZe3FhuMKatr"}}],"_prefab":{"__type__":"cc.PrefabInfo","root":{"__id__":1},"asset":{"__uuid__":"49tYFFMcpN54AhTYdxS0vD"},"fileId":"3dIVHukFRJEJI4NozZ9HtC"},"_contentSize":{"__type__":"cc.Size","width":39,"height":48},"_position":{"__type__":"cc.Vec3","x":-86},"_scale":{"__type__":"cc.Vec3","x":1,"y":1,"z":1}},{"__type__":"cc.Node","_name":"img_power_num","_parent":{"__id__":4},"_level":3,"_components":[{"__id__":8}],"_prefab":{"__type__":"cc.PrefabInfo","root":{"__id__":1},"asset":{"__uuid__":"49tYFFMcpN54AhTYdxS0vD"},"fileId":"26zd1vc7hEgoLdwgLzFkSM"},"_contentSize":{"__type__":"cc.Size","width":15,"height":24},"_position":{"__type__":"cc.Vec3","x":-78,"y":-13},"_scale":{"__type__":"cc.Vec3","x":1,"y":1,"z":1}},{"__type__":"cc.Sprite","node":{"__id__":7},"_spriteFrame":{"__uuid__":"84sNTYzTpHVaKQ7dhrk0wq"}},{"__type__":"cc.Node","_name":"lb_num","_parent":{"__id__":4},"_level":3,"_components":[{"__id__":10},{"__type__":"cc.LabelOutline","node":{"__id__":9},"_color":{"__type__":"cc.Color"},"_width":0.5}],"_prefab":{"__type__":"cc.PrefabInfo","root":{"__id__":1},"asset":{"__uuid__":"49tYFFMcpN54AhTYdxS0vD"},"fileId":"62P7/rhVhNyorxc6yyd+z6"},"_color":{"__type__":"cc.Color"},"_contentSize":{"__type__":"cc.Size","width":101.1,"height":40},"_position":{"__type__":"cc.Vec3","x":-1,"y":-3},"_scale":{"__type__":"cc.Vec3","x":1,"y":1,"z":1}},{"__type__":"cc.Label","node":{"__id__":9},"_srcBlendFactor":1,"_useOriginalSize":false,"_string":"00:00","_N$string":"00:00","_N$horizontalAlign":1,"_N$verticalAlign":1},{"__type__":"cc.Node","_name":"btn_add","_parent":{"__id__":4},"_active":false,"_level":3,"_components":[{"__type__":"cc.Button","node":{"__id__":11},"transition":3,"pressedColor":{"__type__":"cc.Color","r":255,"g":255,"b":255},"zoomScale":1.05,"_N$normalColor":{"__type__":"cc.Color","r":255,"g":255,"b":255},"_N$disabledColor":{"__type__":"cc.Color","r":255,"g":255,"b":255},"_N$normalSprite":{"__uuid__":"91njiklKNOBbWIpUfbO/NK"},"_N$pressedSprite":{"__uuid__":"e97GVMl6JHh5Ml5qEDdSGa"},"pressedSprite":{"__uuid__":"e97GVMl6JHh5Ml5qEDdSGa"},"_N$hoverSprite":{"__uuid__":"f0BIwQ8D5Ml7nTNQbh1YlS"},"hoverSprite":{"__uuid__":"f0BIwQ8D5Ml7nTNQbh1YlS"},"_N$disabledSprite":{"__uuid__":"29FYIk+N1GYaeWH/q1NxQO"},"_N$target":{"__id__":11}},{"__type__":"cc.Sprite","node":{"__id__":11},"_spriteFrame":{"__uuid__":"2fCs8IcZJOALdaBzDRZom4"},"_sizeMode":2}],"_prefab":{"__type__":"cc.PrefabInfo","root":{"__id__":1},"asset":{"__uuid__":"49tYFFMcpN54AhTYdxS0vD"},"fileId":"7afndf2dxKirKvCp7+rBXi"},"_contentSize":{"__type__":"cc.Size","width":53,"height":53},"_position":{"__type__":"cc.Vec3","x":86},"_scale":{"__type__":"cc.Vec3","x":-1,"y":-1,"z":1}},{"__type__":"cc.Node","_name":"page_level","_parent":{"__id__":1},"_children":[{"__id__":13},{"__id__":15},{"__id__":18}],"_level":2,"_components":[{"__id__":21},{"__type__":"cc.Widget","node":{"__id__":12},"_alignFlags":5,"_top":149.5,"_bottom":239.5,"_verticalCenter":45,"_originalHeight":891}],"_prefab":{"__type__":"cc.PrefabInfo","root":{"__id__":1},"asset":{"__uuid__":"49tYFFMcpN54AhTYdxS0vD"},"fileId":"50bhYjuzlCcpLpK71+LJdo"},"_contentSize":{"__type__":"cc.Size","width":580,"height":891},"_position":{"__type__":"cc.Vec3","y":45},"_scale":{"__type__":"cc.Vec3","x":1,"y":1,"z":1}},{"__type__":"cc.Node","_name":"view","_parent":{"__id__":12},"_children":[{"__id__":14}],"_components":[{"__type__":"cc.Mask","node":{"__id__":13}},{"__type__":"cc.Widget","node":{"__id__":13},"_alignFlags":18,"_top":-79.5,"_verticalCenter":140}],"_prefab":{"__type__":"cc.PrefabInfo","root":{"__id__":1},"asset":{"__uuid__":"49tYFFMcpN54AhTYdxS0vD"},"fileId":"28FgaM/5NEu4kn0HXQU0y9"},"_contentSize":{"__type__":"cc.Size","width":580,"height":730},"_position":{"__type__":"cc.Vec3","y":140},"_scale":{"__type__":"cc.Vec3","x":1,"y":1,"z":1}},{"__type__":"cc.Node","_name":"content","_parent":{"__id__":13},"_components":[{"__type__":"cc.Layout","node":{"__id__":14},"_layoutSize":{"__type__":"cc.Size","width":580,"height":650},"_resize":1,"_N$layoutType":1,"_N$spacingY":15}],"_prefab":{"__type__":"cc.PrefabInfo","root":{"__id__":1},"asset":{"__uuid__":"49tYFFMcpN54AhTYdxS0vD"},"fileId":"c8vxMzHqpO04fEjKe/DDoG"},"_contentSize":{"__type__":"cc.Size","width":580,"height":650},"_anchorPoint":{"__type__":"cc.Vec2","y":0.5},"_position":{"__type__":"cc.Vec3","x":-290,"y":-40},"_scale":{"__type__":"cc.Vec3","x":1,"y":1,"z":1}},{"__type__":"cc.Node","_name":"levelIndicator","_parent":{"__id__":12},"_children":[{"__id__":16}],"_level":3,"_components":[{"__type__":"cc.Sprite","node":{"__id__":15},"_spriteFrame":{"__uuid__":"1aIjEV0tpJJbch15Fu+W8Z"}},{"__type__":"cc.Widget","node":{"__id__":15},"_alignFlags":18,"_bottom":139,"_verticalCenter":-290}],"_prefab":{"__type__":"cc.PrefabInfo","root":{"__id__":1},"asset":{"__uuid__":"49tYFFMcpN54AhTYdxS0vD"},"fileId":"4etTXD4aVNBLChEh4fa0ZX"},"_contentSize":{"__type__":"cc.Size","width":206,"height":73},"_position":{"__type__":"cc.Vec3","y":-290},"_scale":{"__type__":"cc.Vec3","x":1,"y":1,"z":1}},{"__type__":"cc.Node","_name":"lb_num","_parent":{"__id__":15},"_level":4,"_components":[{"__id__":17}],"_prefab":{"__type__":"cc.PrefabInfo","root":{"__id__":1},"asset":{"__uuid__":"49tYFFMcpN54AhTYdxS0vD"},"fileId":"80oFXqxchIaZzkfVzC6mLJ"},"_color":{"__type__":"cc.Color"},"_contentSize":{"__type__":"cc.Size","width":100,"height":46},"_scale":{"__type__":"cc.Vec3","x":1,"y":1,"z":1}},{"__type__":"cc.Label","node":{"__id__":16},"_srcBlendFactor":1,"_string":"1 / 1","_N$string":"1 / 1","_fontSize":42,"_lineHeight":42,"_N$horizontalAlign":1,"_N$verticalAlign":1,"_N$overflow":1},{"__type__":"cc.Node","_name":"pan_btn","_parent":{"__id__":12},"_children":[{"__id__":19},{"__id__":20}],"_level":3,"_components":[{"__type__":"cc.Widget","node":{"__id__":18},"_alignFlags":20,"_bottom":19}],"_prefab":{"__type__":"cc.PrefabInfo","root":{"__id__":1},"asset":{"__uuid__":"49tYFFMcpN54AhTYdxS0vD"},"fileId":"74crZNszNOQYrYZsbgnChj"},"_contentSize":{"__type__":"cc.Size","width":720,"height":100},"_position":{"__type__":"cc.Vec3","y":-376.5},"_scale":{"__type__":"cc.Vec3","x":1,"y":1,"z":1}},{"__type__":"cc.Node","_name":"btn_right","_parent":{"__id__":18},"_level":4,"_components":[{"__type__":"cc.Sprite","node":{"__id__":19},"_spriteFrame":{"__uuid__":"91njiklKNOBbWIpUfbO/NK"},"_sizeMode":2},{"__type__":"cc.Button","node":{"__id__":19},"transition":3,"pressedColor":{"__type__":"cc.Color","r":255,"g":255,"b":255},"zoomScale":1.05,"_N$normalColor":{"__type__":"cc.Color","r":255,"g":255,"b":255},"_N$disabledColor":{"__type__":"cc.Color","r":255,"g":255,"b":255},"_N$normalSprite":{"__uuid__":"91njiklKNOBbWIpUfbO/NK"},"_N$pressedSprite":{"__uuid__":"e97GVMl6JHh5Ml5qEDdSGa"},"pressedSprite":{"__uuid__":"e97GVMl6JHh5Ml5qEDdSGa"},"_N$hoverSprite":{"__uuid__":"f0BIwQ8D5Ml7nTNQbh1YlS"},"hoverSprite":{"__uuid__":"f0BIwQ8D5Ml7nTNQbh1YlS"},"_N$disabledSprite":{"__uuid__":"29FYIk+N1GYaeWH/q1NxQO"},"_N$target":{"__id__":19}}],"_prefab":{"__type__":"cc.PrefabInfo","root":{"__id__":1},"asset":{"__uuid__":"49tYFFMcpN54AhTYdxS0vD"},"fileId":"9fDwY45AZK64rF0qnSAaQ1"},"_contentSize":{"__type__":"cc.Size","width":94,"height":94},"_position":{"__type__":"cc.Vec3","x":263,"y":-0.5},"_scale":{"__type__":"cc.Vec3","x":1,"y":1,"z":1}},{"__type__":"cc.Node","_name":"btn_left","_parent":{"__id__":18},"_level":4,"_components":[{"__type__":"cc.Button","node":{"__id__":20},"transition":3,"pressedColor":{"__type__":"cc.Color","r":255,"g":255,"b":255},"zoomScale":1.05,"_N$normalColor":{"__type__":"cc.Color","r":255,"g":255,"b":255},"_N$disabledColor":{"__type__":"cc.Color","r":255,"g":255,"b":255},"_N$normalSprite":{"__uuid__":"91njiklKNOBbWIpUfbO/NK"},"_N$pressedSprite":{"__uuid__":"e97GVMl6JHh5Ml5qEDdSGa"},"pressedSprite":{"__uuid__":"e97GVMl6JHh5Ml5qEDdSGa"},"_N$hoverSprite":{"__uuid__":"f0BIwQ8D5Ml7nTNQbh1YlS"},"hoverSprite":{"__uuid__":"f0BIwQ8D5Ml7nTNQbh1YlS"},"_N$disabledSprite":{"__uuid__":"29FYIk+N1GYaeWH/q1NxQO"},"_N$target":{"__id__":20}},{"__type__":"cc.Sprite","node":{"__id__":20},"_spriteFrame":{"__uuid__":"91njiklKNOBbWIpUfbO/NK"},"_sizeMode":2}],"_prefab":{"__type__":"cc.PrefabInfo","root":{"__id__":1},"asset":{"__uuid__":"49tYFFMcpN54AhTYdxS0vD"},"fileId":"6410MxcGNIN5dylnEvD/Pw"},"_contentSize":{"__type__":"cc.Size","width":94,"height":94},"_position":{"__type__":"cc.Vec3","x":-263,"y":-0.5},"_scale":{"__type__":"cc.Vec3","x":-1,"y":-1,"z":1}},{"__type__":"cc.PageView","node":{"__id__":12},"content":{"__id__":14},"bounceDuration":0.5,"scrollThreshold":0.4},{"__type__":"cc.Node","_name":"pan_operate","_parent":{"__id__":1},"_children":[{"__id__":23},{"__id__":24},{"__id__":25},{"__id__":26}],"_level":2,"_components":[{"__type__":"cc.Sprite","node":{"__id__":22},"_spriteFrame":{"__uuid__":"87ERHZuqlKJqYO8UIn7DJB"},"_sizeMode":0},{"__type__":"cc.Widget","node":{"__id__":22},"_alignFlags":20,"_top":1098,"_verticalCenter":-459,"_originalWidth":720,"_originalHeight":122}],"_prefab":{"__type__":"cc.PrefabInfo","root":{"__id__":1},"asset":{"__uuid__":"49tYFFMcpN54AhTYdxS0vD"},"fileId":"2au0Q6+LlFRoqZUyQXZBhD"},"_color":{"__type__":"cc.Color","r":191,"g":235,"b":255},"_contentSize":{"__type__":"cc.Size","width":720,"height":240},"_position":{"__type__":"cc.Vec3","y":-520},"_scale":{"__type__":"cc.Vec3","x":1,"y":1,"z":1}},{"__type__":"cc.Node","_name":"pan_bottom","_parent":{"__id__":22},"_level":3,"_components":[{"__type__":"cc.Sprite","node":{"__id__":23},"_spriteFrame":{"__uuid__":"87ERHZuqlKJqYO8UIn7DJB"},"_sizeMode":0},{"__type__":"cc.Widget","node":{"__id__":23},"_alignFlags":41,"_bottom":176,"_originalWidth":100,"_originalHeight":120}],"_prefab":{"__type__":"cc.PrefabInfo","root":{"__id__":1},"asset":{"__uuid__":"49tYFFMcpN54AhTYdxS0vD"},"fileId":"05sGROtgtPOb/2DZwGfJ5R"},"_contentSize":{"__type__":"cc.Size","width":720,"height":120},"_position":{"__type__":"cc.Vec3","y":60},"_scale":{"__type__":"cc.Vec3","x":1,"y":1,"z":1}},{"__type__":"cc.Node","_name":"btn_map","_parent":{"__id__":22},"_level":3,"_components":[{"__type__":"cc.Sprite","node":{"__id__":24},"_spriteFrame":{"__uuid__":"51qjzKC9VPX6MKcghg+q6c"},"_sizeMode":2},{"__type__":"cc.Button","node":{"__id__":24},"transition":3,"pressedColor":{"__type__":"cc.Color","r":255,"g":255,"b":255},"zoomScale":1.05,"_N$normalColor":{"__type__":"cc.Color","r":255,"g":255,"b":255},"_N$disabledColor":{"__type__":"cc.Color","r":255,"g":255,"b":255},"_N$normalSprite":{"__uuid__":"f0BIwQ8D5Ml7nTNQbh1YlS"},"_N$pressedSprite":{"__uuid__":"e97GVMl6JHh5Ml5qEDdSGa"},"pressedSprite":{"__uuid__":"e97GVMl6JHh5Ml5qEDdSGa"},"_N$hoverSprite":{"__uuid__":"f0BIwQ8D5Ml7nTNQbh1YlS"},"hoverSprite":{"__uuid__":"f0BIwQ8D5Ml7nTNQbh1YlS"},"_N$disabledSprite":{"__uuid__":"29FYIk+N1GYaeWH/q1NxQO"},"_N$target":{"__id__":24}},{"__type__":"cc.Widget","node":{"__id__":24},"_alignFlags":9,"_left":139.5,"_top":14.5}],"_prefab":{"__type__":"cc.PrefabInfo","root":{"__id__":1},"asset":{"__uuid__":"49tYFFMcpN54AhTYdxS0vD"},"fileId":"abkLFiMINIG6s15rdIOes5"},"_contentSize":{"__type__":"cc.Size","width":81,"height":89},"_position":{"__type__":"cc.Vec3","x":-180,"y":61},"_scale":{"__type__":"cc.Vec3","x":1,"y":1,"z":1}},{"__type__":"cc.Node","_name":"btn_setting","_parent":{"__id__":22},"_level":3,"_components":[{"__type__":"cc.Sprite","node":{"__id__":25},"_spriteFrame":{"__uuid__":"2380RwAdRFAI6R7yeJ93VR"},"_sizeMode":2},{"__type__":"cc.Button","node":{"__id__":25},"transition":3,"pressedColor":{"__type__":"cc.Color","r":255,"g":255,"b":255},"zoomScale":1.05,"_N$normalColor":{"__type__":"cc.Color","r":255,"g":255,"b":255},"_N$disabledColor":{"__type__":"cc.Color","r":255,"g":255,"b":255},"_N$normalSprite":{"__uuid__":"f0BIwQ8D5Ml7nTNQbh1YlS"},"_N$pressedSprite":{"__uuid__":"e97GVMl6JHh5Ml5qEDdSGa"},"pressedSprite":{"__uuid__":"e97GVMl6JHh5Ml5qEDdSGa"},"_N$hoverSprite":{"__uuid__":"f0BIwQ8D5Ml7nTNQbh1YlS"},"hoverSprite":{"__uuid__":"f0BIwQ8D5Ml7nTNQbh1YlS"},"_N$disabledSprite":{"__uuid__":"29FYIk+N1GYaeWH/q1NxQO"},"_N$target":{"__id__":25}},{"__type__":"cc.Widget","node":{"__id__":25},"_alignFlags":33,"_right":151,"_top":19}],"_prefab":{"__type__":"cc.PrefabInfo","root":{"__id__":1},"asset":{"__uuid__":"49tYFFMcpN54AhTYdxS0vD"},"fileId":"8cpBiNmY5PQYg+UbzgHQGR"},"_contentSize":{"__type__":"cc.Size","width":58,"height":80},"_position":{"__type__":"cc.Vec3","x":180,"y":61},"_scale":{"__type__":"cc.Vec3","x":1,"y":1,"z":1}},{"__type__":"cc.Node","_name":"btn_share","_parent":{"__id__":22},"_level":3,"_components":[{"__type__":"cc.Sprite","node":{"__id__":26},"_spriteFrame":{"__uuid__":"aeNxGvNwRKGbZwfGQV23Iv"},"_sizeMode":2},{"__type__":"cc.Button","node":{"__id__":26},"transition":3,"pressedColor":{"__type__":"cc.Color","r":255,"g":255,"b":255},"zoomScale":1.05,"_N$normalColor":{"__type__":"cc.Color","r":255,"g":255,"b":255},"_N$disabledColor":{"__type__":"cc.Color","r":255,"g":255,"b":255},"_N$normalSprite":{"__uuid__":"f0BIwQ8D5Ml7nTNQbh1YlS"},"_N$pressedSprite":{"__uuid__":"e97GVMl6JHh5Ml5qEDdSGa"},"pressedSprite":{"__uuid__":"e97GVMl6JHh5Ml5qEDdSGa"},"_N$hoverSprite":{"__uuid__":"f0BIwQ8D5Ml7nTNQbh1YlS"},"hoverSprite":{"__uuid__":"f0BIwQ8D5Ml7nTNQbh1YlS"},"_N$disabledSprite":{"__uuid__":"29FYIk+N1GYaeWH/q1NxQO"},"_N$target":{"__id__":26}},{"__type__":"cc.Widget","node":{"__id__":26},"_alignFlags":17,"_top":22.5}],"_prefab":{"__type__":"cc.PrefabInfo","root":{"__id__":1},"asset":{"__uuid__":"49tYFFMcpN54AhTYdxS0vD"},"fileId":"80t3wyBS5DaqagY2F+UWkU"},"_contentSize":{"__type__":"cc.Size","width":81,"height":75},"_position":{"__type__":"cc.Vec3","y":60},"_scale":{"__type__":"cc.Vec3","x":1,"y":1,"z":1}},{"__type__":"cc.Node","_name":"pan_bubble","_parent":{"__id__":1},"_children":[{"__id__":28},{"__id__":29},{"__id__":30},{"__id__":31}],"_level":2,"_prefab":{"__type__":"cc.PrefabInfo","root":{"__id__":1},"asset":{"__uuid__":"49tYFFMcpN54AhTYdxS0vD"},"fileId":"e3cc3uDtNOkot+IeY/FC6G"},"_contentSize":{"__type__":"cc.Size","width":167,"height":111},"_anchorPoint":{"__type__":"cc.Vec2","x":0.5},"_position":{"__type__":"cc.Vec3","x":-560,"y":-66},"_scale":{"__type__":"cc.Vec3","x":1,"y":1,"z":1}},{"__type__":"cc.Node","_name":"img_bubble_bg","_parent":{"__id__":27},"_level":3,"_components":[{"__type__":"cc.Sprite","node":{"__id__":28},"_spriteFrame":{"__uuid__":"9dM+WsOHVL1buYpZhU9xqF"}}],"_prefab":{"__type__":"cc.PrefabInfo","root":{"__id__":1},"asset":{"__uuid__":"49tYFFMcpN54AhTYdxS0vD"},"fileId":"2eW4W9sbdFBK08AUOJ3iug"},"_contentSize":{"__type__":"cc.Size","width":167,"height":111},"_position":{"__type__":"cc.Vec3","y":55},"_scale":{"__type__":"cc.Vec3","x":1,"y":1,"z":1}},{"__type__":"cc.Node","_name":"img_head_k","_parent":{"__id__":27},"_level":3,"_components":[{"__type__":"cc.Sprite","node":{"__id__":29},"_spriteFrame":{"__uuid__":"0ae3vBjDxKgJYm71LLhvPe"}}],"_prefab":{"__type__":"cc.PrefabInfo","root":{"__id__":1},"asset":{"__uuid__":"49tYFFMcpN54AhTYdxS0vD"},"fileId":"d4Zr3TBBVBEr+4y5c+fmWK"},"_contentSize":{"__type__":"cc.Size","width":65,"height":65},"_position":{"__type__":"cc.Vec3","x":-37,"y":65},"_scale":{"__type__":"cc.Vec3","x":1,"y":1,"z":1}},{"__type__":"cc.Node","_name":"n_head","_parent":{"__id__":27},"_children":[{"__type__":"cc.Node","_name":"img_head","_parent":{"__id__":30},"_level":4,"_prefab":{"__type__":"cc.PrefabInfo","root":{"__id__":1},"asset":{"__uuid__":"49tYFFMcpN54AhTYdxS0vD"},"fileId":"31O75heyxFO6B5+DkjOKWf"},"_contentSize":{"__type__":"cc.Size","width":60,"height":60},"_scale":{"__type__":"cc.Vec3","x":1,"y":1,"z":1}}],"_level":3,"_components":[{"__type__":"cc.Mask","node":{"__id__":30},"_type":1,"_segments":60}],"_prefab":{"__type__":"cc.PrefabInfo","root":{"__id__":1},"asset":{"__uuid__":"49tYFFMcpN54AhTYdxS0vD"},"fileId":"9cVjWGMD1OzpSge8v/Fjix"},"_contentSize":{"__type__":"cc.Size","width":60,"height":60},"_position":{"__type__":"cc.Vec3","x":-37.4,"y":64.9},"_scale":{"__type__":"cc.Vec3","x":1,"y":1,"z":1}},{"__type__":"cc.Node","_name":"img_title","_parent":{"__id__":27},"_level":3,"_components":[{"__type__":"cc.Sprite","node":{"__id__":31},"_spriteFrame":{"__uuid__":"48JbhQZaRItLbpHaq3hZsg"}}],"_prefab":{"__type__":"cc.PrefabInfo","root":{"__id__":1},"asset":{"__uuid__":"49tYFFMcpN54AhTYdxS0vD"},"fileId":"fbof5qUa9I+KO64yDQmwXM"},"_contentSize":{"__type__":"cc.Size","width":45,"height":51},"_position":{"__type__":"cc.Vec3","x":32.1,"y":63.7},"_scale":{"__type__":"cc.Vec3","x":1,"y":1,"z":1}}],{"__type__":"cc.SpriteFrame","content":{"name":"lobby_bg","texture":"36PHV2Z8tHjLmrPtfJDOmz","rect":[0,0,720,1280],"offset":[0,0],"originalSize":[720,1280]}}]