[{"__type__":"cc.SpriteFrame","content":{"name":"game_level_item_6","texture":"a4tyWSzFhCz7pJ89KGde+8","rect":[1172,332,186,139],"offset":[-2,2],"originalSize":[192,145]}},{"__type__":"cc.SpriteFrame","content":{"name":"game_level_item_8","texture":"a4tyWSzFhCz7pJ89KGde+8","rect":[1030,720,103,268],"offset":[0,0],"originalSize":[103,268]}},{"__type__":"cc.SpriteFrame","content":{"name":"game_level_item_15","texture":"a4tyWSzFhCz7pJ89KGde+8","rect":[461,332,107,398],"offset":[0,0],"originalSize":[107,398]}},{"__type__":"cc.SpriteFrame","content":{"name":"game_level_item_3","texture":"a4tyWSzFhCz7pJ89KGde+8","rect":[1172,473,109,200],"offset":[0,0],"originalSize":[109,200]}},{"__type__":"cc.SpriteFrame","content":{"name":"game_level_item_11","texture":"a4tyWSzFhCz7pJ89KGde+8","rect":[679,332,149,387],"offset":[0,0],"originalSize":[149,387]}},{"__type__":"cc.SpriteFrame","content":{"name":"game_level_item_2","texture":"a4tyWSzFhCz7pJ89KGde+8","rect":[830,332,340,386],"offset":[0,0],"originalSize":[340,394]}},{"__type__":"cc.SpriteFrame","content":{"name":"game_level_item_4","texture":"a4tyWSzFhCz7pJ89KGde+8","rect":[2,2,457,959],"offset":[0,0],"originalSize":[457,959]}},{"__type__":"cc.SpriteFrame","content":{"name":"game_level_item_9","texture":"a4tyWSzFhCz7pJ89KGde+8","rect":[461,732,112,237],"offset":[0,0],"originalSize":[112,237]}},{"__type__":"cc.SpriteFrame","content":{"name":"game_level_item_10","texture":"a4tyWSzFhCz7pJ89KGde+8","rect":[575,732,235,91],"offset":[0,0],"originalSize":[235,91],"rotated":1}},{"__type__":"cc.SpriteFrame","content":{"name":"game_level_item_5","texture":"a4tyWSzFhCz7pJ89KGde+8","rect":[461,2,328,854],"offset":[0,0],"originalSize":[328,856],"rotated":1}},{"__type__":"cc.SpriteFrame","content":{"name":"game_level_item_7","texture":"a4tyWSzFhCz7pJ89KGde+8","rect":[1135,720,119,207],"offset":[0,0],"originalSize":[119,207],"rotated":1}},{"__type__":"cc.SpriteAtlas","_name":"game_level_2.plist","_spriteFrames":{"game_level_item_10":{"__uuid__":"a1LXwtx9hNiYVDq+06KR4/"},"game_level_item_11":{"__uuid__":"56dc8tBhVJ55DeccHE4QzN"},"game_level_item_12":{"__uuid__":"daLs7uGmJLcI7SvOYrOkvC"},"game_level_item_13":{"__uuid__":"d9/s24LupFArRIRQ6ivCQf"},"game_level_item_14":{"__uuid__":"f92olGDsNOfLOXa7obH3GV"},"game_level_item_15":{"__uuid__":"46YClWaPdB5b7+jrtl1e9c"},"game_level_item_2":{"__uuid__":"6b/m5R8yFB/ooomN2UMvdP"},"game_level_item_3":{"__uuid__":"4dSSB0nndAw4WRigGoH/uT"},"game_level_item_4":{"__uuid__":"6fLBrAv95AIagkh0kZJDbC"},"game_level_item_5":{"__uuid__":"a21q/t4ydKBojjW8hJsOSs"},"game_level_item_6":{"__uuid__":"0cVyKEBIZFFbWQJ42N2WVb"},"game_level_item_7":{"__uuid__":"b0UXRu1hVMfbET348ae+3o"},"game_level_item_8":{"__uuid__":"2fZKyJbm9LlKGVkieCTUVe"},"game_level_item_9":{"__uuid__":"79wo/i40pCLrWIfh3Un3u4"},"img_help":{"__uuid__":"f5AiTfvz5K2pHWGt8wrSfa"}}},{"__type__":"cc.SpriteFrame","content":{"name":"game_level_item_13","texture":"a4tyWSzFhCz7pJ89KGde+8","rect":[1317,2,53,37],"offset":[0,0],"originalSize":[53,37],"rotated":1}},{"__type__":"cc.SpriteFrame","content":{"name":"game_level_item_12","texture":"a4tyWSzFhCz7pJ89KGde+8","rect":[1135,841,131,200],"offset":[0,0],"originalSize":[131,200],"rotated":1}},{"__type__":"cc.SpriteFrame","content":{"name":"img_help","texture":"a4tyWSzFhCz7pJ89KGde+8","rect":[668,732,360,233],"offset":[0,0],"originalSize":[360,233]}},{"__type__":"cc.SpriteFrame","content":{"name":"game_level_item_14","texture":"a4tyWSzFhCz7pJ89KGde+8","rect":[570,332,107,398],"offset":[0,0],"originalSize":[107,398]}}]