[{"__type__":"cc.SpriteFrame","content":{"name":"level_base_14","texture":"58Dd3NXClAYrTQzmxqJMdo","rect":[2,2,340,392],"offset":[0,0],"originalSize":[340,394]}},{"__type__":"cc.SpriteFrame","content":{"name":"level_base_12","texture":"58Dd3NXClAYrTQzmxqJMdo","rect":[360,373,128,194],"offset":[0,0],"originalSize":[128,194],"rotated":1}},{"__type__":"cc.SpriteFrame","content":{"name":"level_base_5","texture":"58Dd3NXClAYrTQzmxqJMdo","rect":[1359,333,86,115],"offset":[0,0],"originalSize":[86,115],"rotated":1}},{"__type__":"cc.SpriteFrame","content":{"name":"level_base_16","texture":"58Dd3NXClAYrTQzmxqJMdo","rect":[2,396,93,356],"offset":[0,0],"originalSize":[93,356],"rotated":1}},{"__type__":"cc.SpriteFrame","content":{"name":"btn_menu","texture":"58Dd3NXClAYrTQzmxqJMdo","rect":[1476,340,77,101],"offset":[0,0],"originalSize":[77,101],"rotated":1}},{"__type__":"cc.SpriteFrame","content":{"name":"level_base_1","texture":"58Dd3NXClAYrTQzmxqJMdo","rect":[1294,2,213,208],"offset":[0,0],"originalSize":[213,208]}},{"__type__":"cc.SpriteFrame","content":{"name":"level_base_7","texture":"58Dd3NXClAYrTQzmxqJMdo","rect":[1565,419,71,87],"offset":[0,0],"originalSize":[71,87]}},{"__type__":"cc.SpriteFrame","content":{"name":"level_base_15","texture":"58Dd3NXClAYrTQzmxqJMdo","rect":[1294,212,119,207],"offset":[0,0],"originalSize":[119,207],"rotated":1}},{"__type__":"cc.SpriteFrame","content":{"name":"level_base_3","texture":"58Dd3NXClAYrTQzmxqJMdo","rect":[841,259,248,180],"offset":[0,-3],"originalSize":[248,186],"rotated":1}},{"__type__":"cc.SpriteFrame","content":{"name":"level_base_6","texture":"58Dd3NXClAYrTQzmxqJMdo","rect":[1066,2,397,226],"offset":[0,0],"originalSize":[397,226],"rotated":1}},{"__type__":"cc.SpriteFrame","content":{"name":"level_base_2","texture":"58Dd3NXClAYrTQzmxqJMdo","rect":[1503,212,126,135],"offset":[0,0],"originalSize":[126,135],"rotated":1}},{"__type__":"cc.SpriteFrame","content":{"name":"btn_hint","texture":"58Dd3NXClAYrTQzmxqJMdo","rect":[1359,421,80,101],"offset":[0,0],"originalSize":[80,101],"rotated":1}},{"__type__":"cc.SpriteFrame","content":{"name":"level_base_9","texture":"58Dd3NXClAYrTQzmxqJMdo","rect":[1023,259,37,37],"offset":[0,0],"originalSize":[37,37]}},{"__type__":"cc.SpriteFrame","content":{"name":"level_bas_title","texture":"58Dd3NXClAYrTQzmxqJMdo","rect":[344,137,720,120],"offset":[0,0],"originalSize":[720,120]}},{"__type__":"cc.SpriteFrame","content":{"name":"btn_help","texture":"58Dd3NXClAYrTQzmxqJMdo","rect":[1462,421,78,101],"offset":[0,0],"originalSize":[78,101],"rotated":1}},{"__type__":"cc.SpriteFrame","content":{"name":"level_base_13","texture":"58Dd3NXClAYrTQzmxqJMdo","rect":[556,373,97,25],"offset":[0,0],"originalSize":[97,25],"rotated":1}},{"__type__":"cc.SpriteAtlas","_name":"game_base.plist","_spriteFrames":{"btn_game_allow":{"__uuid__":"04M+MQzrRNJq/vysuq1u20"},"btn_help":{"__uuid__":"c05o1N4pNL87SYfcXQtOD0"},"btn_hint":{"__uuid__":"b8Q9g+7Z9LLbaDT8SzZr8K"},"btn_menu":{"__uuid__":"39N0jRNpFFw5kW9Lk0FzbN"},"game_level_item_9":{"__uuid__":"fbxk6yOPBHUajRNnS10k36"},"game_tools_bar":{"__uuid__":"e1SPgwzYtBcL4pRgH6ulTR"},"level_bas_title":{"__uuid__":"beyal2BTdKwpUKBGoLzEfo"},"level_base_1":{"__uuid__":"3dDXvrfKRIqZlwOIX5ajT8"},"level_base_10":{"__uuid__":"e9EwNVcBVHdon8qkQZrLjO"},"level_base_11":{"__uuid__":"eebaEQ2oZOoaPvS6y6Qgy8"},"level_base_12":{"__uuid__":"1eaao7OnFEqpMZctZJlCXM"},"level_base_13":{"__uuid__":"c2SOEv+U9HAI//8qXqz9WS"},"level_base_14":{"__uuid__":"16z3DY5xtDBq5eZCuNq4Pn"},"level_base_15":{"__uuid__":"5bcx9/qQdKLaDv27TtjFN0"},"level_base_16":{"__uuid__":"37cXiSv79FVqHxQDAWBwt6"},"level_base_2":{"__uuid__":"9bzp9tElBDg6AMRaEy5+A9"},"level_base_3":{"__uuid__":"70Q4ZCSldItrfYAOSp8r9+"},"level_base_4":{"__uuid__":"df37GoDnNDUb7R/Xc18dmq"},"level_base_5":{"__uuid__":"21dD4h5y1BzbiJshGz3a0S"},"level_base_6":{"__uuid__":"9arJfLtwRA7oU5tF0TmQF5"},"level_base_7":{"__uuid__":"53RflWhOVCRoS9ECViNohE"},"level_base_8":{"__uuid__":"cbsRSoIZ1LZ6rux1wpoQa3"},"level_base_9":{"__uuid__":"bca3zqRclF4KqiO0FcquC9"}}},{"__type__":"cc.SpriteFrame","content":{"name":"level_base_8","texture":"58Dd3NXClAYrTQzmxqJMdo","rect":[1509,2,80,80],"offset":[0,0],"originalSize":[80,80]}},{"__type__":"cc.SpriteFrame","content":{"name":"level_base_4","texture":"58Dd3NXClAYrTQzmxqJMdo","rect":[1023,401,103,178],"offset":[0,0],"originalSize":[103,178],"rotated":1}},{"__type__":"cc.SpriteFrame","content":{"name":"game_tools_bar","texture":"58Dd3NXClAYrTQzmxqJMdo","rect":[344,2,720,133],"offset":[0,0],"originalSize":[720,133]}},{"__type__":"cc.SpriteFrame","content":{"name":"level_base_10","texture":"58Dd3NXClAYrTQzmxqJMdo","rect":[583,259,219,256],"offset":[0,0],"originalSize":[219,256],"rotated":1}},{"__type__":"cc.SpriteFrame","content":{"name":"level_base_11","texture":"58Dd3NXClAYrTQzmxqJMdo","rect":[1203,401,97,154],"offset":[0,0],"originalSize":[97,154],"rotated":1}},{"__type__":"cc.SpriteFrame","content":{"name":"game_level_item_9","texture":"58Dd3NXClAYrTQzmxqJMdo","rect":[344,259,112,237],"offset":[0,0],"originalSize":[112,237],"rotated":1}}]