[{"__type__":"cc.Prefab","_name":"GameLevel7","data":{"__id__":1}},{"__type__":"cc.Node","_name":"GameLevel7","_children":[{"__id__":2},{"__id__":22}],"_level":1,"_prefab":{"__type__":"cc.PrefabInfo","root":{"__id__":1},"asset":{"__uuid__":"9b3cYDmjtO9ZxwePZP0FZH"},"fileId":"e5UKqe25tHw4lDjLotWmwl"},"_contentSize":{"__type__":"cc.Size","width":720,"height":1280},"_scale":{"__type__":"cc.Vec3","x":1,"y":1,"z":1}},{"__type__":"cc.Node","_name":"page_1","_objFlags":512,"_parent":{"__id__":1},"_children":[{"__id__":3},{"__id__":4},{"__id__":5},{"__id__":6},{"__id__":7},{"__id__":8},{"__id__":9},{"__id__":10},{"__id__":11},{"__id__":12},{"__id__":13},{"__id__":14},{"__id__":15},{"__id__":16},{"__id__":17},{"__id__":18},{"__id__":19},{"__id__":20},{"__id__":21}],"_level":2,"_prefab":{"__type__":"cc.PrefabInfo","root":{"__id__":1},"asset":{"__uuid__":"9b3cYDmjtO9ZxwePZP0FZH"},"fileId":"c8cSdsDZlA7L7G2hwVrUVA"},"_contentSize":{"__type__":"cc.Size","width":720,"height":1280},"_scale":{"__type__":"cc.Vec3","x":1,"y":1,"z":1}},{"__type__":"cc.Node","_name":"bg","_parent":{"__id__":2},"_level":3,"_components":[{"__type__":"cc.Sprite","node":{"__id__":3},"_spriteFrame":{"__uuid__":"6bZT1pRF5CL42rkd35Wqt8"}}],"_prefab":{"__type__":"cc.PrefabInfo","root":{"__id__":1},"asset":{"__uuid__":"9b3cYDmjtO9ZxwePZP0FZH"},"fileId":"d3DyZ5AnBEh4IuSMJKjQmk"},"_contentSize":{"__type__":"cc.Size","width":720,"height":1280},"_scale":{"__type__":"cc.Vec3","x":1,"y":1,"z":1}},{"__type__":"cc.Node","_name":"n_door","_parent":{"__id__":2},"_level":3,"_components":[{"__type__":"cc.Sprite","node":{"__id__":4},"_spriteFrame":{"__uuid__":"a2MjXRFdtLlYQ5ouAFv/+R"},"_sizeMode":0}],"_prefab":{"__type__":"cc.PrefabInfo","root":{"__id__":1},"asset":{"__uuid__":"9b3cYDmjtO9ZxwePZP0FZH"},"fileId":"37oCcwCvFANJb0wpzvvPYP"},"_color":{"__type__":"cc.Color","r":247,"g":235,"b":225},"_contentSize":{"__type__":"cc.Size","width":185,"height":361},"_position":{"__type__":"cc.Vec3","x":-267,"y":210},"_scale":{"__type__":"cc.Vec3","x":1,"y":1,"z":1}},{"__type__":"cc.Node","_name":"item_1","_parent":{"__id__":2},"_level":3,"_components":[{"__type__":"cc.Sprite","node":{"__id__":5},"_spriteFrame":{"__uuid__":"d8njuMIbdGEbbExWxSQ6qn"}}],"_prefab":{"__type__":"cc.PrefabInfo","root":{"__id__":1},"asset":{"__uuid__":"9b3cYDmjtO9ZxwePZP0FZH"},"fileId":"ddXPw+DcVDmb4Bs4q0ZJJ1"},"_contentSize":{"__type__":"cc.Size","width":214,"height":207},"_position":{"__type__":"cc.Vec3","x":-261,"y":129},"_scale":{"__type__":"cc.Vec3","x":0.8,"y":0.8,"z":1}},{"__type__":"cc.Node","_name":"img_bookcase","_parent":{"__id__":2},"_level":3,"_components":[{"__type__":"cc.Sprite","node":{"__id__":6},"_spriteFrame":{"__uuid__":"21dD4h5y1BzbiJshGz3a0S"}}],"_prefab":{"__type__":"cc.PrefabInfo","root":{"__id__":1},"asset":{"__uuid__":"9b3cYDmjtO9ZxwePZP0FZH"},"fileId":"7f04IhLPBCWpkuTOFoSezr"},"_contentSize":{"__type__":"cc.Size","width":86,"height":115},"_position":{"__type__":"cc.Vec3","x":318,"y":275},"_scale":{"__type__":"cc.Vec3","x":1,"y":1,"z":1}},{"__type__":"cc.Node","_name":"img_blackbood","_parent":{"__id__":2},"_level":3,"_components":[{"__type__":"cc.Sprite","node":{"__id__":7},"_spriteFrame":{"__uuid__":"9arJfLtwRA7oU5tF0TmQF5"}}],"_prefab":{"__type__":"cc.PrefabInfo","root":{"__id__":1},"asset":{"__uuid__":"9b3cYDmjtO9ZxwePZP0FZH"},"fileId":"15TlbW5j9CN47wCfRhCskT"},"_contentSize":{"__type__":"cc.Size","width":397,"height":226},"_position":{"__type__":"cc.Vec3","x":58,"y":290},"_scale":{"__type__":"cc.Vec3","x":1,"y":1,"z":1}},{"__type__":"cc.Node","_name":"img_bell","_parent":{"__id__":2},"_level":3,"_components":[{"__type__":"cc.Sprite","node":{"__id__":8},"_spriteFrame":{"__uuid__":"53RflWhOVCRoS9ECViNohE"}}],"_prefab":{"__type__":"cc.PrefabInfo","root":{"__id__":1},"asset":{"__uuid__":"9b3cYDmjtO9ZxwePZP0FZH"},"fileId":"00klaaw9dMxrQvmg5yq2Vt"},"_contentSize":{"__type__":"cc.Size","width":71,"height":87},"_position":{"__type__":"cc.Vec3","x":248,"y":465},"_scale":{"__type__":"cc.Vec3","x":1,"y":1,"z":1}},{"__type__":"cc.Node","_name":"img_clock","_parent":{"__id__":2},"_level":3,"_components":[{"__type__":"cc.Sprite","node":{"__id__":9},"_spriteFrame":{"__uuid__":"cbsRSoIZ1LZ6rux1wpoQa3"}}],"_prefab":{"__type__":"cc.PrefabInfo","root":{"__id__":1},"asset":{"__uuid__":"9b3cYDmjtO9ZxwePZP0FZH"},"fileId":"e7ZgXPLF9H/rW6B2orZEme"},"_contentSize":{"__type__":"cc.Size","width":80,"height":80},"_position":{"__type__":"cc.Vec3","x":53,"y":460},"_scale":{"__type__":"cc.Vec3","x":1,"y":1,"z":1}},{"__type__":"cc.Node","_name":"img_chest","_parent":{"__id__":2},"_level":3,"_components":[{"__type__":"cc.Sprite","node":{"__id__":10},"_spriteFrame":{"__uuid__":"df37GoDnNDUb7R/Xc18dmq"}}],"_prefab":{"__type__":"cc.PrefabInfo","root":{"__id__":1},"asset":{"__uuid__":"9b3cYDmjtO9ZxwePZP0FZH"},"fileId":"8aslIonpNB/p1opQAm/nul"},"_contentSize":{"__type__":"cc.Size","width":103,"height":178},"_position":{"__type__":"cc.Vec3","x":310,"y":93},"_scale":{"__type__":"cc.Vec3","x":1,"y":1,"z":1}},{"__type__":"cc.Node","_name":"img_dais","_parent":{"__id__":2},"_level":3,"_components":[{"__type__":"cc.Sprite","node":{"__id__":11},"_spriteFrame":{"__uuid__":"70Q4ZCSldItrfYAOSp8r9+"}}],"_prefab":{"__type__":"cc.PrefabInfo","root":{"__id__":1},"asset":{"__uuid__":"9b3cYDmjtO9ZxwePZP0FZH"},"fileId":"fbzkGNw8ZMPL5+kC3Nbd+G"},"_contentSize":{"__type__":"cc.Size","width":248,"height":180},"_position":{"__type__":"cc.Vec3","x":78,"y":35},"_scale":{"__type__":"cc.Vec3","x":1,"y":1,"z":1}},{"__type__":"cc.Node","_name":"item_4","_parent":{"__id__":2},"_level":3,"_components":[{"__type__":"cc.Sprite","node":{"__id__":12},"_spriteFrame":{"__uuid__":"7eOINE/ARGvJOEgipWgHgv"},"_sizeMode":2}],"_prefab":{"__type__":"cc.PrefabInfo","root":{"__id__":1},"asset":{"__uuid__":"9b3cYDmjtO9ZxwePZP0FZH"},"fileId":"64ZkMGKnpDbqv8ehtPRKx4"},"_opacity":0,"_contentSize":{"__type__":"cc.Size","width":228,"height":408},"_position":{"__type__":"cc.Vec3","x":-244,"y":139},"_scale":{"__type__":"cc.Vec3","x":1,"y":1,"z":1}},{"__type__":"cc.Node","_name":"item_5","_parent":{"__id__":2},"_level":3,"_components":[{"__type__":"cc.Sprite","node":{"__id__":13},"_spriteFrame":{"__uuid__":"15hDtQDPdKiK29FYYhGFz7"},"_sizeMode":2}],"_prefab":{"__type__":"cc.PrefabInfo","root":{"__id__":1},"asset":{"__uuid__":"9b3cYDmjtO9ZxwePZP0FZH"},"fileId":"9c/20rACRJE6K3kWm+kFC5"},"_opacity":0,"_contentSize":{"__type__":"cc.Size","width":149,"height":418},"_position":{"__type__":"cc.Vec3","x":-215,"y":-73},"_scale":{"__type__":"cc.Vec3","x":1,"y":1,"z":1}},{"__type__":"cc.Node","_name":"item_6","_parent":{"__id__":2},"_level":3,"_components":[{"__type__":"cc.Sprite","node":{"__id__":14},"_spriteFrame":{"__uuid__":"94GCz+c1dA+qPQePUXgx/Q"}}],"_prefab":{"__type__":"cc.PrefabInfo","root":{"__id__":1},"asset":{"__uuid__":"9b3cYDmjtO9ZxwePZP0FZH"},"fileId":"67eXq3vNVF2o1kiJHOxAkc"},"_opacity":0,"_contentSize":{"__type__":"cc.Size","width":141,"height":411},"_position":{"__type__":"cc.Vec3","x":-221,"y":-68},"_scale":{"__type__":"cc.Vec3","x":1,"y":1,"z":1}},{"__type__":"cc.Node","_name":"img_desk_1","_parent":{"__id__":2},"_level":3,"_components":[{"__type__":"cc.Sprite","node":{"__id__":15},"_spriteFrame":{"__uuid__":"3dDXvrfKRIqZlwOIX5ajT8"}}],"_prefab":{"__type__":"cc.PrefabInfo","root":{"__id__":1},"asset":{"__uuid__":"9b3cYDmjtO9ZxwePZP0FZH"},"fileId":"ddAO262PFI14+31zGqoifu"},"_contentSize":{"__type__":"cc.Size","width":213,"height":208},"_position":{"__type__":"cc.Vec3","x":-75,"y":-180},"_scale":{"__type__":"cc.Vec3","x":1,"y":1,"z":1}},{"__type__":"cc.Node","_name":"img_chair_1","_parent":{"__id__":2},"_level":3,"_components":[{"__type__":"cc.Sprite","node":{"__id__":16},"_spriteFrame":{"__uuid__":"eebaEQ2oZOoaPvS6y6Qgy8"}}],"_prefab":{"__type__":"cc.PrefabInfo","root":{"__id__":1},"asset":{"__uuid__":"9b3cYDmjtO9ZxwePZP0FZH"},"fileId":"b03rfkKUZCGqVKllnlW7j3"},"_contentSize":{"__type__":"cc.Size","width":97,"height":154},"_position":{"__type__":"cc.Vec3","x":-74,"y":-265},"_scale":{"__type__":"cc.Vec3","x":1,"y":1,"z":1}},{"__type__":"cc.Node","_name":"img_desk_2","_parent":{"__id__":2},"_level":3,"_components":[{"__type__":"cc.Sprite","node":{"__id__":17},"_spriteFrame":{"__uuid__":"3dDXvrfKRIqZlwOIX5ajT8"}}],"_prefab":{"__type__":"cc.PrefabInfo","root":{"__id__":1},"asset":{"__uuid__":"9b3cYDmjtO9ZxwePZP0FZH"},"fileId":"12y66LNwNA3pDbWwxjhIXh"},"_contentSize":{"__type__":"cc.Size","width":213,"height":208},"_position":{"__type__":"cc.Vec3","x":195,"y":-179},"_scale":{"__type__":"cc.Vec3","x":1,"y":1,"z":1}},{"__type__":"cc.Node","_name":"img_chair_2","_parent":{"__id__":2},"_level":3,"_components":[{"__type__":"cc.Sprite","node":{"__id__":18},"_spriteFrame":{"__uuid__":"eebaEQ2oZOoaPvS6y6Qgy8"}}],"_prefab":{"__type__":"cc.PrefabInfo","root":{"__id__":1},"asset":{"__uuid__":"9b3cYDmjtO9ZxwePZP0FZH"},"fileId":"67S41WjjJNNrqSq+AIYy5d"},"_contentSize":{"__type__":"cc.Size","width":97,"height":154},"_position":{"__type__":"cc.Vec3","x":196,"y":-265},"_scale":{"__type__":"cc.Vec3","x":1,"y":1,"z":1}},{"__type__":"cc.Node","_name":"item_bag","_parent":{"__id__":2},"_level":3,"_components":[{"__type__":"cc.Sprite","node":{"__id__":19},"_spriteFrame":{"__uuid__":"9bzp9tElBDg6AMRaEy5+A9"}}],"_prefab":{"__type__":"cc.PrefabInfo","root":{"__id__":1},"asset":{"__uuid__":"9b3cYDmjtO9ZxwePZP0FZH"},"fileId":"263kTzyJxEqoU088+/Q28y"},"_contentSize":{"__type__":"cc.Size","width":126,"height":135},"_position":{"__type__":"cc.Vec3","x":-128,"y":-301},"_scale":{"__type__":"cc.Vec3","x":1,"y":1,"z":1}},{"__type__":"cc.Node","_name":"item_2","_parent":{"__id__":2},"_level":3,"_components":[{"__type__":"cc.Sprite","node":{"__id__":20},"_spriteFrame":{"__uuid__":"96WcBuOUJPDqqiUOeNqwPa"}}],"_prefab":{"__type__":"cc.PrefabInfo","root":{"__id__":1},"asset":{"__uuid__":"9b3cYDmjtO9ZxwePZP0FZH"},"fileId":"42HdTl9CZFEp8h6USWuVrI"},"_contentSize":{"__type__":"cc.Size","width":74,"height":75},"_position":{"__type__":"cc.Vec3","x":240,"y":-16},"_scale":{"__type__":"cc.Vec3","x":1,"y":1,"z":1}},{"__type__":"cc.Node","_name":"item_3","_parent":{"__id__":2},"_level":3,"_components":[{"__type__":"cc.Sprite","node":{"__id__":21},"_spriteFrame":{"__uuid__":"06KwyGhgxOe70bZHoZRe1p"}}],"_prefab":{"__type__":"cc.PrefabInfo","root":{"__id__":1},"asset":{"__uuid__":"9b3cYDmjtO9ZxwePZP0FZH"},"fileId":"d2seyof/xBZacfx2Vx+M6y"},"_contentSize":{"__type__":"cc.Size","width":53,"height":24},"_position":{"__type__":"cc.Vec3","x":-139,"y":-88},"_scale":{"__type__":"cc.Vec3","x":1,"y":1,"z":1}},{"__type__":"cc.Node","_name":"page_2","_objFlags":512,"_parent":{"__id__":1},"_children":[{"__id__":23},{"__id__":24},{"__id__":25},{"__id__":26},{"__id__":28},{"__id__":29}],"_level":2,"_prefab":{"__type__":"cc.PrefabInfo","root":{"__id__":1},"asset":{"__uuid__":"9b3cYDmjtO9ZxwePZP0FZH"},"fileId":"97S/Z7D75IzIiaIcIba1Mg"},"_contentSize":{"__type__":"cc.Size","width":720,"height":1280},"_position":{"__type__":"cc.Vec3","x":720},"_scale":{"__type__":"cc.Vec3","x":1,"y":1,"z":1}},{"__type__":"cc.Node","_name":"bg","_parent":{"__id__":22},"_level":3,"_components":[{"__type__":"cc.Sprite","node":{"__id__":23},"_spriteFrame":{"__uuid__":"56j5PRCX5EepeqXS0AH+VA"}}],"_prefab":{"__type__":"cc.PrefabInfo","root":{"__id__":1},"asset":{"__uuid__":"9b3cYDmjtO9ZxwePZP0FZH"},"fileId":"0dHxXImoVLUZd9L2MlIACN"},"_contentSize":{"__type__":"cc.Size","width":720,"height":1280},"_scale":{"__type__":"cc.Vec3","x":1,"y":1,"z":1}},{"__type__":"cc.Node","_name":"item_22","_parent":{"__id__":22},"_level":3,"_components":[{"__type__":"cc.Sprite","node":{"__id__":24},"_spriteFrame":{"__uuid__":"5bcx9/qQdKLaDv27TtjFN0"}}],"_prefab":{"__type__":"cc.PrefabInfo","root":{"__id__":1},"asset":{"__uuid__":"9b3cYDmjtO9ZxwePZP0FZH"},"fileId":"33v5fvpx5LY63g8uBBZ7r7"},"_contentSize":{"__type__":"cc.Size","width":119,"height":207},"_position":{"__type__":"cc.Vec3","x":-133,"y":210},"_scale":{"__type__":"cc.Vec3","x":1,"y":1,"z":1}},{"__type__":"cc.Node","_name":"item_21","_parent":{"__id__":22},"_level":3,"_components":[{"__type__":"cc.Sprite","node":{"__id__":25},"_spriteFrame":{"__uuid__":"9ct2OMRF1AOpCp9ZuJ/ei1"},"_sizeMode":2}],"_prefab":{"__type__":"cc.PrefabInfo","root":{"__id__":1},"asset":{"__uuid__":"9b3cYDmjtO9ZxwePZP0FZH"},"fileId":"13BbdIOSpP4qoxM8/rn6P0"},"_contentSize":{"__type__":"cc.Size","width":340,"height":394},"_position":{"__type__":"cc.Vec3","x":139,"y":327},"_scale":{"__type__":"cc.Vec3","x":1,"y":1,"z":1}},{"__type__":"cc.Node","_name":"item_mask","_parent":{"__id__":22},"_children":[{"__id__":27}],"_level":3,"_components":[{"__type__":"cc.Mask","node":{"__id__":26}}],"_prefab":{"__type__":"cc.PrefabInfo","root":{"__id__":1},"asset":{"__uuid__":"9b3cYDmjtO9ZxwePZP0FZH"},"fileId":"ceMa6HPa5KF4ST+HoAt4uU"},"_contentSize":{"__type__":"cc.Size","width":525,"height":398},"_position":{"__type__":"cc.Vec3","x":29,"y":325},"_scale":{"__type__":"cc.Vec3","x":1,"y":1,"z":1}},{"__type__":"cc.Node","_name":"item_23","_parent":{"__id__":26},"_level":4,"_components":[{"__type__":"cc.Sprite","node":{"__id__":27},"_spriteFrame":{"__uuid__":"adFoN5jTVIn7CrKyaiE2/x"}}],"_prefab":{"__type__":"cc.PrefabInfo","root":{"__id__":1},"asset":{"__uuid__":"9b3cYDmjtO9ZxwePZP0FZH"},"fileId":"1f8z0NgsJNRq5uRUbuH0Gb"},"_contentSize":{"__type__":"cc.Size","width":413,"height":337},"_position":{"__type__":"cc.Vec3","x":473,"y":-22},"_scale":{"__type__":"cc.Vec3","x":1,"y":1,"z":1}},{"__type__":"cc.Node","_name":"item_24","_parent":{"__id__":22},"_level":3,"_components":[{"__type__":"cc.Sprite","node":{"__id__":28},"_spriteFrame":{"__uuid__":"a3OoGbNa5NvqDNgts/tl/k"}}],"_prefab":{"__type__":"cc.PrefabInfo","root":{"__id__":1},"asset":{"__uuid__":"9b3cYDmjtO9ZxwePZP0FZH"},"fileId":"54RPCnV0dN6JJGzLXneyUh"},"_opacity":0,"_contentSize":{"__type__":"cc.Size","width":364,"height":140},"_position":{"__type__":"cc.Vec3","x":-178,"y":-89},"_scale":{"__type__":"cc.Vec3","x":1,"y":1,"z":1}},{"__type__":"cc.Node","_name":"item_25","_parent":{"__id__":22},"_level":3,"_components":[{"__type__":"cc.Sprite","node":{"__id__":29},"_spriteFrame":{"__uuid__":"47pGP0JrdAY4PjHbBrPjvL"}}],"_prefab":{"__type__":"cc.PrefabInfo","root":{"__id__":1},"asset":{"__uuid__":"9b3cYDmjtO9ZxwePZP0FZH"},"fileId":"cd/Rv0+ChK/bySXwQctoKC"},"_opacity":0,"_contentSize":{"__type__":"cc.Size","width":149,"height":356},"_position":{"__type__":"cc.Vec3","x":-213,"y":91},"_scale":{"__type__":"cc.Vec3","x":1,"y":1,"z":1}}]