[{"__type__":"cc.SpriteFrame","content":{"name":"role_13","texture":"ffuqjEAo9PqbQJ720nsDsv","rect":[977,2,65,105],"offset":[0,1],"originalSize":[85,119]}},{"__type__":"cc.SpriteFrame","content":{"name":"role_3","texture":"ffuqjEAo9PqbQJ720nsDsv","rect":[1044,61,59,103],"offset":[0,-2],"originalSize":[85,119],"rotated":1}},{"__type__":"cc.SpriteFrame","content":{"name":"role_5","texture":"ffuqjEAo9PqbQJ720nsDsv","rect":[628,2,65,111],"offset":[0,-2],"originalSize":[85,119]}},{"__type__":"cc.SpriteFrame","content":{"name":"role_12","texture":"ffuqjEAo9PqbQJ720nsDsv","rect":[902,2,73,105],"offset":[0,1],"originalSize":[85,119]}},{"__type__":"cc.SpriteFrame","content":{"name":"role_10","texture":"ffuqjEAo9PqbQJ720nsDsv","rect":[2,2,81,119],"offset":[-1,0],"originalSize":[85,119]}},{"__type__":"cc.SpriteFrame","content":{"name":"role_2","texture":"ffuqjEAo9PqbQJ720nsDsv","rect":[762,2,75,107],"offset":[0,1],"originalSize":[85,119]}},{"__type__":"cc.SpriteFrame","content":{"name":"role_15","texture":"ffuqjEAo9PqbQJ720nsDsv","rect":[233,2,85,117],"offset":[0,1],"originalSize":[85,119]}},{"__type__":"cc.SpriteAtlas","_name":"role_map.plist","_spriteFrames":{"role_1":{"__uuid__":"dbYWiraR5GgZ9Ea4wI3n2B"},"role_10":{"__uuid__":"3aRA4f3CRMqJ+KRE/dNfDN"},"role_11":{"__uuid__":"d43U1vTkdAFKX8s7h1DDZa"},"role_12":{"__uuid__":"226YIh6MhPPZ7QykLJt46D"},"role_13":{"__uuid__":"04nwDJod9FmZqTNHTdloYO"},"role_14":{"__uuid__":"8bxEmiFC5Ob47jxht6BwF3"},"role_15":{"__uuid__":"55iobKOHtK0aoMz1W1tNFD"},"role_16":{"__uuid__":"f4jzZYO4JOAKAu79A27Jn3"},"role_2":{"__uuid__":"3avPjczqlHuLWNKzrG4XQG"},"role_3":{"__uuid__":"06qgwpxsRErp5nvqcHd96H"},"role_4":{"__uuid__":"e5Yqy6U0ZPEqIOofirW6Ee"},"role_5":{"__uuid__":"20sWJrG/xDZpB2IzYMp+qT"},"role_6":{"__uuid__":"b4L7O2hAlOTZHp2U/hUcDO"},"role_7":{"__uuid__":"dbCWaFV49C87UCKNN1TYul"},"role_8":{"__uuid__":"d3PKLB/ApIdbX7pOy2jCU2"},"role_9":{"__uuid__":"d52+hVhl1MXKIMu2Jg6N7V"}}},{"__type__":"cc.SpriteFrame","content":{"name":"role_14","texture":"ffuqjEAo9PqbQJ720nsDsv","rect":[85,2,75,119],"offset":[-1,0],"originalSize":[85,119]}},{"__type__":"cc.SpriteFrame","content":{"name":"role_6","texture":"ffuqjEAo9PqbQJ720nsDsv","rect":[561,2,65,111],"offset":[0,-2],"originalSize":[85,119]}},{"__type__":"cc.SpriteFrame","content":{"name":"role_8","texture":"ffuqjEAo9PqbQJ720nsDsv","rect":[403,2,81,111],"offset":[0,0],"originalSize":[85,119]}},{"__type__":"cc.SpriteFrame","content":{"name":"role_11","texture":"ffuqjEAo9PqbQJ720nsDsv","rect":[486,2,73,111],"offset":[-1,0],"originalSize":[85,119]}},{"__type__":"cc.SpriteFrame","content":{"name":"role_9","texture":"ffuqjEAo9PqbQJ720nsDsv","rect":[320,2,81,115],"offset":[0,0],"originalSize":[85,119]}},{"__type__":"cc.SpriteFrame","content":{"name":"role_7","texture":"ffuqjEAo9PqbQJ720nsDsv","rect":[839,2,61,107],"offset":[-1,1],"originalSize":[85,119]}},{"__type__":"cc.SpriteFrame","content":{"name":"role_1","texture":"ffuqjEAo9PqbQJ720nsDsv","rect":[695,2,65,111],"offset":[0,0],"originalSize":[85,119]}},{"__type__":"cc.SpriteFrame","content":{"name":"role_4","texture":"ffuqjEAo9PqbQJ720nsDsv","rect":[1044,2,57,105],"offset":[0,-2],"originalSize":[85,119],"rotated":1}},{"__type__":"cc.SpriteFrame","content":{"name":"role_16","texture":"ffuqjEAo9PqbQJ720nsDsv","rect":[162,2,69,119],"offset":[0,0],"originalSize":[85,119]}}]