[{"__type__":"cc.Prefab","_name":"HelpFriendDialog","data":{"__id__":1}},{"__type__":"cc.Node","_name":"HelpFriendDialog","_children":[{"__id__":2},{"__id__":3}],"_level":1,"_components":[{"__type__":"cc.Widget","node":{"__id__":1},"_alignFlags":45,"_originalWidth":750,"_originalHeight":1334},{"__type__":"7d6b2RWnkBKj59kqw4NfMHj","node":{"__id__":1},"args":{},"pan_mask":{"__id__":2},"btn_close":{"__id__":6},"btn_other_level":{"__id__":11},"btn_next":{"__id__":13},"btn_sure":{"__id__":17},"img_head_node":{"__id__":10},"lb_content_com":{"__id__":8}}],"_prefab":{"__type__":"cc.PrefabInfo","root":{"__id__":1},"asset":{"__uuid__":"f69576WKtIE5E0FBUMweFh"},"fileId":"e5UKqe25tHw4lDjLotWmwl"},"_contentSize":{"__type__":"cc.Size","width":720,"height":1280},"_position":{"__type__":"cc.Vec3","x":360,"y":640},"_scale":{"__type__":"cc.Vec3","x":1,"y":1,"z":1}},{"__type__":"cc.Node","_name":"pan_mask","_parent":{"__id__":1},"_level":2,"_components":[{"__type__":"cc.Sprite","node":{"__id__":2},"_spriteFrame":{"__uuid__":"a2MjXRFdtLlYQ5ouAFv/+R"},"_sizeMode":0},{"__type__":"cc.Widget","node":{"__id__":2},"_target":{"__id__":1},"_alignFlags":45,"_originalWidth":720,"_originalHeight":1280}],"_prefab":{"__type__":"cc.PrefabInfo","root":{"__id__":1},"asset":{"__uuid__":"f69576WKtIE5E0FBUMweFh"},"fileId":"cc5b6TK3hP7YScZFPMK4sH"},"_opacity":200,"_color":{"__type__":"cc.Color"},"_contentSize":{"__type__":"cc.Size","width":720,"height":1280},"_scale":{"__type__":"cc.Vec3","x":1,"y":1,"z":1}},{"__type__":"cc.Node","_name":"pan_content","_parent":{"__id__":1},"_children":[{"__id__":4},{"__id__":5},{"__id__":6},{"__id__":7},{"__id__":9},{"__id__":10},{"__id__":11},{"__id__":13},{"__id__":17}],"_level":2,"_components":[{"__type__":"cc.Widget","node":{"__id__":3},"_alignFlags":18}],"_prefab":{"__type__":"cc.PrefabInfo","root":{"__id__":1},"asset":{"__uuid__":"f69576WKtIE5E0FBUMweFh"},"fileId":"f2TBg9ROJFf6tx1bqJEurt"},"_contentSize":{"__type__":"cc.Size","width":540,"height":560},"_scale":{"__type__":"cc.Vec3","x":1,"y":1,"z":1}},{"__type__":"cc.Node","_name":"img_bg","_parent":{"__id__":3},"_level":3,"_components":[{"__type__":"cc.Sprite","node":{"__id__":4},"_spriteFrame":{"__uuid__":"9ftiXx3JtC/KrOmGKee49Q"},"_sizeMode":0}],"_prefab":{"__type__":"cc.PrefabInfo","root":{"__id__":1},"asset":{"__uuid__":"f69576WKtIE5E0FBUMweFh"},"fileId":"2aKI1J9X1A0b3A24FwAsDA"},"_contentSize":{"__type__":"cc.Size","width":540,"height":560},"_position":{"__type__":"cc.Vec3","x":-2,"y":-1},"_scale":{"__type__":"cc.Vec3","x":1,"y":1,"z":1}},{"__type__":"cc.Node","_name":"img_title","_parent":{"__id__":3},"_level":3,"_components":[{"__type__":"cc.Sprite","node":{"__id__":5},"_spriteFrame":{"__uuid__":"55lJ0aneFByrJGmQSqrYWu"}}],"_prefab":{"__type__":"cc.PrefabInfo","root":{"__id__":1},"asset":{"__uuid__":"f69576WKtIE5E0FBUMweFh"},"fileId":"e1Ach62RxPK7RKvaznS/iB"},"_contentSize":{"__type__":"cc.Size","width":152,"height":38},"_position":{"__type__":"cc.Vec3","y":223},"_scale":{"__type__":"cc.Vec3","x":1,"y":1,"z":1}},{"__type__":"cc.Node","_name":"btn_close","_parent":{"__id__":3},"_level":3,"_components":[{"__type__":"cc.Sprite","node":{"__id__":6},"_spriteFrame":{"__uuid__":"9fMyXiDw9J/7UYA+VuvsD/"},"_sizeMode":2},{"__type__":"cc.Button","node":{"__id__":6},"transition":3,"pressedColor":{"__type__":"cc.Color","r":255,"g":255,"b":255},"zoomScale":1.05,"_N$normalColor":{"__type__":"cc.Color","r":255,"g":255,"b":255},"_N$disabledColor":{"__type__":"cc.Color","r":255,"g":255,"b":255},"_N$normalSprite":{"__uuid__":"1efXllwVFJPZcO4AfKCutz"},"_N$pressedSprite":{"__uuid__":"e97GVMl6JHh5Ml5qEDdSGa"},"pressedSprite":{"__uuid__":"e97GVMl6JHh5Ml5qEDdSGa"},"_N$hoverSprite":{"__uuid__":"f0BIwQ8D5Ml7nTNQbh1YlS"},"hoverSprite":{"__uuid__":"f0BIwQ8D5Ml7nTNQbh1YlS"},"_N$disabledSprite":{"__uuid__":"29FYIk+N1GYaeWH/q1NxQO"},"_N$target":{"__id__":6}}],"_prefab":{"__type__":"cc.PrefabInfo","root":{"__id__":1},"asset":{"__uuid__":"f69576WKtIE5E0FBUMweFh"},"fileId":"5clHAbRfRHnb/WPmQ3MyQG"},"_contentSize":{"__type__":"cc.Size","width":71,"height":71},"_position":{"__type__":"cc.Vec3","x":245,"y":265},"_scale":{"__type__":"cc.Vec3","x":1,"y":1,"z":1}},{"__type__":"cc.Node","_name":"lb_content","_parent":{"__id__":3},"_level":3,"_components":[{"__id__":8}],"_prefab":{"__type__":"cc.PrefabInfo","root":{"__id__":1},"asset":{"__uuid__":"f69576WKtIE5E0FBUMweFh"},"fileId":"1e6aDHzxBHwapU2QXFEtcT"},"_color":{"__type__":"cc.Color"},"_contentSize":{"__type__":"cc.Size","width":380,"height":120},"_position":{"__type__":"cc.Vec3","y":-81.6},"_scale":{"__type__":"cc.Vec3","x":1,"y":1,"z":1}},{"__type__":"cc.Label","node":{"__id__":7},"_srcBlendFactor":1,"_useOriginalSize":false,"_string":"恭喜\n用户昵称成功助力您逃出第N关！\n","_N$string":"恭喜\n用户昵称成功助力您逃出第N关！\n","_fontSize":30,"_N$horizontalAlign":1,"_N$fontFamily":"微软雅黑","_N$overflow":1},{"__type__":"cc.Node","_name":"img_head_k","_parent":{"__id__":3},"_level":3,"_components":[{"__type__":"cc.Sprite","node":{"__id__":9},"_spriteFrame":{"__uuid__":"4ax1f5De9DlKVRLMPtU/mg"}}],"_prefab":{"__type__":"cc.PrefabInfo","root":{"__id__":1},"asset":{"__uuid__":"f69576WKtIE5E0FBUMweFh"},"fileId":"3cT1thHIlOvaV3iIwWJKwU"},"_contentSize":{"__type__":"cc.Size","width":136,"height":136},"_position":{"__type__":"cc.Vec3","y":64},"_scale":{"__type__":"cc.Vec3","x":1,"y":1,"z":1}},{"__type__":"cc.Node","_name":"n_head","_parent":{"__id__":3},"_children":[{"__type__":"cc.Node","_name":"img_head","_parent":{"__id__":10},"_level":4,"_prefab":{"__type__":"cc.PrefabInfo","root":{"__id__":1},"asset":{"__uuid__":"f69576WKtIE5E0FBUMweFh"},"fileId":"1aTmXAj71PQLZtP0rL0ttZ"},"_contentSize":{"__type__":"cc.Size","width":126,"height":126},"_scale":{"__type__":"cc.Vec3","x":1,"y":1,"z":1}}],"_level":3,"_components":[{"__type__":"cc.Mask","node":{"__id__":10},"_type":1,"_segments":126}],"_prefab":{"__type__":"cc.PrefabInfo","root":{"__id__":1},"asset":{"__uuid__":"f69576WKtIE5E0FBUMweFh"},"fileId":"02IqzSM2tBNZyszAA4o8lI"},"_contentSize":{"__type__":"cc.Size","width":126,"height":126},"_position":{"__type__":"cc.Vec3","y":64},"_scale":{"__type__":"cc.Vec3","x":1,"y":1,"z":1}},{"__type__":"cc.Node","_name":"btn_other_level","_parent":{"__id__":3},"_children":[{"__id__":12}],"_level":3,"_components":[{"__type__":"cc.Sprite","node":{"__id__":11},"_spriteFrame":{"__uuid__":"04PHCS+QJBQYPbfNFNpUB7"},"_sizeMode":2},{"__type__":"cc.Button","node":{"__id__":11},"transition":3,"pressedColor":{"__type__":"cc.Color","r":255,"g":255,"b":255},"zoomScale":1.05,"_N$normalColor":{"__type__":"cc.Color","r":255,"g":255,"b":255},"_N$disabledColor":{"__type__":"cc.Color","r":255,"g":255,"b":255},"_N$normalSprite":{"__uuid__":"1efXllwVFJPZcO4AfKCutz"},"_N$pressedSprite":{"__uuid__":"e97GVMl6JHh5Ml5qEDdSGa"},"pressedSprite":{"__uuid__":"e97GVMl6JHh5Ml5qEDdSGa"},"_N$hoverSprite":{"__uuid__":"f0BIwQ8D5Ml7nTNQbh1YlS"},"hoverSprite":{"__uuid__":"f0BIwQ8D5Ml7nTNQbh1YlS"},"_N$disabledSprite":{"__uuid__":"29FYIk+N1GYaeWH/q1NxQO"},"_N$target":{"__id__":11}}],"_prefab":{"__type__":"cc.PrefabInfo","root":{"__id__":1},"asset":{"__uuid__":"f69576WKtIE5E0FBUMweFh"},"fileId":"5aA/zvqOBFmJbGqpiX3WYD"},"_contentSize":{"__type__":"cc.Size","width":179,"height":54},"_position":{"__type__":"cc.Vec3","x":-96,"y":-196},"_scale":{"__type__":"cc.Vec3","x":1,"y":1,"z":1}},{"__type__":"cc.Node","_name":"img_txt","_parent":{"__id__":11},"_components":[{"__type__":"cc.Sprite","node":{"__id__":12},"_spriteFrame":{"__uuid__":"d9oyaZ9l5Gh6t9QTmQ6XO6"}}],"_prefab":{"__type__":"cc.PrefabInfo","root":{"__id__":1},"asset":{"__uuid__":"f69576WKtIE5E0FBUMweFh"},"fileId":"b4gsXk+ihL2aBRHmrZeCR+"},"_contentSize":{"__type__":"cc.Size","width":96,"height":24},"_scale":{"__type__":"cc.Vec3","x":1,"y":1,"z":1}},{"__type__":"cc.Node","_name":"btn_next","_parent":{"__id__":3},"_children":[{"__id__":14},{"__id__":15}],"_level":3,"_components":[{"__type__":"cc.Sprite","node":{"__id__":13},"_spriteFrame":{"__uuid__":"04PHCS+QJBQYPbfNFNpUB7"},"_sizeMode":2},{"__type__":"cc.Button","node":{"__id__":13},"transition":3,"pressedColor":{"__type__":"cc.Color","r":255,"g":255,"b":255},"zoomScale":1.05,"_N$normalColor":{"__type__":"cc.Color","r":255,"g":255,"b":255},"_N$disabledColor":{"__type__":"cc.Color","r":255,"g":255,"b":255},"_N$normalSprite":{"__uuid__":"1efXllwVFJPZcO4AfKCutz"},"_N$pressedSprite":{"__uuid__":"e97GVMl6JHh5Ml5qEDdSGa"},"pressedSprite":{"__uuid__":"e97GVMl6JHh5Ml5qEDdSGa"},"_N$hoverSprite":{"__uuid__":"f0BIwQ8D5Ml7nTNQbh1YlS"},"hoverSprite":{"__uuid__":"f0BIwQ8D5Ml7nTNQbh1YlS"},"_N$disabledSprite":{"__uuid__":"29FYIk+N1GYaeWH/q1NxQO"},"_N$target":{"__id__":13}}],"_prefab":{"__type__":"cc.PrefabInfo","root":{"__id__":1},"asset":{"__uuid__":"f69576WKtIE5E0FBUMweFh"},"fileId":"02mhF/RvZBOIoSUYB4BmcR"},"_contentSize":{"__type__":"cc.Size","width":179,"height":54},"_position":{"__type__":"cc.Vec3","x":96,"y":-196},"_scale":{"__type__":"cc.Vec3","x":1,"y":1,"z":1}},{"__type__":"cc.Node","_name":"img_txt","_parent":{"__id__":13},"_components":[{"__type__":"cc.Sprite","node":{"__id__":14},"_spriteFrame":{"__uuid__":"20VcvyLh9I4IQMafzNXLbb"}}],"_prefab":{"__type__":"cc.PrefabInfo","root":{"__id__":1},"asset":{"__uuid__":"f69576WKtIE5E0FBUMweFh"},"fileId":"b8P8bPRkFCkYa8jlPVDmU7"},"_contentSize":{"__type__":"cc.Size","width":107,"height":35},"_position":{"__type__":"cc.Vec3","x":-14},"_scale":{"__type__":"cc.Vec3","x":0.7,"y":0.7,"z":1}},{"__type__":"cc.Node","_name":"power_icon","_parent":{"__id__":13},"_children":[{"__id__":16}],"_level":4,"_components":[{"__type__":"cc.Sprite","node":{"__id__":15},"_spriteFrame":{"__uuid__":"1f3mvAM9ZKzZe3FhuMKatr"}}],"_prefab":{"__type__":"cc.PrefabInfo","root":{"__id__":1},"asset":{"__uuid__":"f69576WKtIE5E0FBUMweFh"},"fileId":"066d+FvJxDlZByV/45gCNn"},"_contentSize":{"__type__":"cc.Size","width":39,"height":48},"_position":{"__type__":"cc.Vec3","x":43,"y":1},"_scale":{"__type__":"cc.Vec3","x":0.7,"y":0.7,"z":1}},{"__type__":"cc.Node","_name":"power_num","_parent":{"__id__":15},"_level":5,"_components":[{"__type__":"cc.Sprite","node":{"__id__":16},"_spriteFrame":{"__uuid__":"84sNTYzTpHVaKQ7dhrk0wq"}}],"_prefab":{"__type__":"cc.PrefabInfo","root":{"__id__":1},"asset":{"__uuid__":"f69576WKtIE5E0FBUMweFh"},"fileId":"c4/jhMhOtHm5ZLaz2G37c5"},"_contentSize":{"__type__":"cc.Size","width":15,"height":24},"_position":{"__type__":"cc.Vec3","x":12.8571429,"y":-17.1428571},"_scale":{"__type__":"cc.Vec3","x":1,"y":1,"z":1}},{"__type__":"cc.Node","_name":"btn_sure","_parent":{"__id__":3},"_children":[{"__id__":18}],"_level":3,"_components":[{"__type__":"cc.Sprite","node":{"__id__":17},"_spriteFrame":{"__uuid__":"04PHCS+QJBQYPbfNFNpUB7"},"_sizeMode":2},{"__type__":"cc.Button","node":{"__id__":17},"transition":3,"pressedColor":{"__type__":"cc.Color","r":255,"g":255,"b":255},"zoomScale":1.05,"_N$normalColor":{"__type__":"cc.Color","r":255,"g":255,"b":255},"_N$disabledColor":{"__type__":"cc.Color","r":255,"g":255,"b":255},"_N$normalSprite":{"__uuid__":"1efXllwVFJPZcO4AfKCutz"},"_N$pressedSprite":{"__uuid__":"e97GVMl6JHh5Ml5qEDdSGa"},"pressedSprite":{"__uuid__":"e97GVMl6JHh5Ml5qEDdSGa"},"_N$hoverSprite":{"__uuid__":"f0BIwQ8D5Ml7nTNQbh1YlS"},"hoverSprite":{"__uuid__":"f0BIwQ8D5Ml7nTNQbh1YlS"},"_N$disabledSprite":{"__uuid__":"29FYIk+N1GYaeWH/q1NxQO"},"_N$target":{"__id__":17}}],"_prefab":{"__type__":"cc.PrefabInfo","root":{"__id__":1},"asset":{"__uuid__":"f69576WKtIE5E0FBUMweFh"},"fileId":"01V6a8ACVMXZ0Ph+hG9wVS"},"_contentSize":{"__type__":"cc.Size","width":179,"height":54},"_position":{"__type__":"cc.Vec3","x":-2,"y":-194},"_scale":{"__type__":"cc.Vec3","x":1,"y":1,"z":1}},{"__type__":"cc.Node","_name":"img_txt","_parent":{"__id__":17},"_components":[{"__type__":"cc.Sprite","node":{"__id__":18},"_spriteFrame":{"__uuid__":"00U9X36EZKVot1rlAt2hby"}}],"_prefab":{"__type__":"cc.PrefabInfo","root":{"__id__":1},"asset":{"__uuid__":"f69576WKtIE5E0FBUMweFh"},"fileId":"e896PwFuBGL45on8G7fyel"},"_contentSize":{"__type__":"cc.Size","width":73,"height":23},"_scale":{"__type__":"cc.Vec3","x":1,"y":1,"z":1}}]