[{"__type__":"cc.SpriteFrame","content":{"name":"official_account_img","texture":"ebC4tZthxDk4Sf45YsIyss","rect":[2,2,697,992],"offset":[0,0],"originalSize":[697,992]}},{"__type__":"cc.SpriteFrame","content":{"name":"official_account_finger_img","texture":"ebC4tZthxDk4Sf45YsIyss","rect":[701,2,88,107],"offset":[0,0],"originalSize":[88,107]}},{"__type__":"cc.SpriteFrame","content":{"name":"official_account_close_img","texture":"ebC4tZthxDk4Sf45YsIyss","rect":[701,111,19,19],"offset":[0,0],"originalSize":[19,19]}},{"__type__":"cc.SpriteAtlas","_name":"public_login_dialog.plist","_spriteFrames":{"official_account_close_img":{"__uuid__":"9bzGPXeLND0IKu3gqWy3EY"},"official_account_finger_img":{"__uuid__":"93vkPUJKNCp6xaz7Lg1oj3"},"official_account_img":{"__uuid__":"3aO+T7lGZGya6kCm0N5lmv"}}}]