[{"__type__":"cc.SpriteFrame","content":{"name":"img_head_k","texture":"1aZQVEZKRAo7C+vNobACfF","rect":[286,2,65,65],"offset":[0,0],"originalSize":[65,65]}},{"__type__":"cc.SpriteAtlas","_name":"head.plist","_spriteFrames":{"img_head":{"__uuid__":"71SqoGcD9F1KZKMKEuq2IV"},"img_head_k":{"__uuid__":"0ae3vBjDxKgJYm71LLhvPe"},"img_head_k_2":{"__uuid__":"4ax1f5De9DlKVRLMPtU/mg"}}},{"__type__":"cc.SpriteFrame","content":{"name":"img_head_k_2","texture":"1aZQVEZKRAo7C+vNobACfF","rect":[148,2,136,136],"offset":[0,0],"originalSize":[136,136]}},{"__type__":"cc.SpriteFrame","content":{"name":"img_head","texture":"1aZQVEZKRAo7C+vNobACfF","rect":[2,2,144,144],"offset":[0,0],"originalSize":[144,144]}}]