[{"__type__":"cc.SpriteFrame","content":{"name":"img_base_dialog_bg","texture":"30pVkZxwVO7pWJ5NW2Jt0U","rect":[447,2,410,443],"offset":[0,0],"originalSize":[410,443],"rotated":1,"capInsets":[74,88,90,114]}},{"__type__":"cc.SpriteFrame","content":{"name":"btn_base_dialog_close","texture":"30pVkZxwVO7pWJ5NW2Jt0U","rect":[892,75,71,71],"offset":[0,0],"originalSize":[71,71]}},{"__type__":"cc.SpriteAtlas","_name":"dialog.plist","_spriteFrames":{"btn_base_dialog_close":{"__uuid__":"284hGfr2ZEabjs/RDk7DTu"},"btn_base_dialog_close_2":{"__uuid__":"9fMyXiDw9J/7UYA+VuvsD/"},"img_base_dialog_bg":{"__uuid__":"17EyVdvTlMFbY3r5HYt3GE"},"img_base_dialog_bg_2":{"__uuid__":"9ftiXx3JtC/KrOmGKee49Q"}}},{"__type__":"cc.SpriteFrame","content":{"name":"btn_base_dialog_close_2","texture":"30pVkZxwVO7pWJ5NW2Jt0U","rect":[892,2,71,71],"offset":[0,0],"originalSize":[71,71]}},{"__type__":"cc.SpriteFrame","content":{"name":"img_base_dialog_bg_2","texture":"30pVkZxwVO7pWJ5NW2Jt0U","rect":[2,2,410,443],"offset":[0,0],"originalSize":[410,443],"rotated":1,"capInsets":[62,125,80,53]}}]