[{"__type__":"cc.SpriteFrame","content":{"name":"game_level_item_6_6","texture":"ef+EHyFwdLlaZ3tqAtaA71","rect":[497,144,65,37],"offset":[0,0],"originalSize":[65,37],"rotated":1}},{"__type__":"cc.SpriteFrame","content":{"name":"game_level_item_6_1","texture":"ef+EHyFwdLlaZ3tqAtaA71","rect":[536,196,65,35],"offset":[0,0],"originalSize":[65,35]}},{"__type__":"cc.SpriteFrame","content":{"name":"game_level_item_6_4","texture":"ef+EHyFwdLlaZ3tqAtaA71","rect":[364,144,131,73],"offset":[0,0],"originalSize":[131,73]}},{"__type__":"cc.SpriteFrame","content":{"name":"img_help","texture":"ef+EHyFwdLlaZ3tqAtaA71","rect":[2,2,360,232],"offset":[0,0],"originalSize":[360,232]}},{"__type__":"cc.SpriteFrame","content":{"name":"game_level_item_6_5","texture":"ef+EHyFwdLlaZ3tqAtaA71","rect":[364,2,198,140],"offset":[0,0],"originalSize":[198,140]}},{"__type__":"cc.SpriteAtlas","_name":"game_level_6.plist","_spriteFrames":{"game_level_item_6_1":{"__uuid__":"12aYAPue5FwLazXSXYHKNs"},"game_level_item_6_2":{"__uuid__":"e3ZX6OvOxA7ac+DxJZ3RH4"},"game_level_item_6_3":{"__uuid__":"bdBf3rxvVO4aVcsDCwmN5o"},"game_level_item_6_4":{"__uuid__":"78PGBt9tBBH6lpTD0uy4lP"},"game_level_item_6_5":{"__uuid__":"92To85pfNJy623Ps93cuFA"},"game_level_item_6_6":{"__uuid__":"06eJMdp8xAcYzanrig+hA+"},"game_level_item_6_7":{"__uuid__":"aazDoISglGfZA92BDZNawz"},"img_help":{"__uuid__":"8cuPWSfbxPtogt+FRbO5B1"}}},{"__type__":"cc.SpriteFrame","content":{"name":"game_level_item_6_7","texture":"ef+EHyFwdLlaZ3tqAtaA71","rect":[536,144,37,16],"offset":[0,0],"originalSize":[37,16],"rotated":1}},{"__type__":"cc.SpriteFrame","content":{"name":"game_level_item_6_3","texture":"ef+EHyFwdLlaZ3tqAtaA71","rect":[700,2,198,35],"offset":[0,0],"originalSize":[198,35],"rotated":1}},{"__type__":"cc.SpriteFrame","content":{"name":"game_level_item_6_2","texture":"ef+EHyFwdLlaZ3tqAtaA71","rect":[564,2,134,192],"offset":[0,0],"originalSize":[134,192]}}]