[{"__type__":"cc.Prefab","_name":"RescueDialog","data":{"__id__":1}},{"__type__":"cc.Node","_name":"RescueDialog","_children":[{"__id__":2},{"__id__":3}],"_level":1,"_components":[{"__type__":"cc.Widget","node":{"__id__":1},"_alignFlags":45,"_originalWidth":750,"_originalHeight":1334},{"__type__":"d4de6Rz10BKWauA7+JFWfKX","node":{"__id__":1},"args":{},"pan_mask":{"__id__":2},"close_btn":{"__id__":4},"use_btn":{"__id__":11},"level_num":{"__id__":9}}],"_prefab":{"__type__":"cc.PrefabInfo","root":{"__id__":1},"asset":{"__uuid__":"7fyh16HSpP+Iunv3SZQhkO"},"fileId":"e5UKqe25tHw4lDjLotWmwl"},"_contentSize":{"__type__":"cc.Size","width":720,"height":1280},"_position":{"__type__":"cc.Vec3","x":360,"y":640},"_scale":{"__type__":"cc.Vec3","x":1,"y":1,"z":1}},{"__type__":"cc.Node","_name":"pan_mask","_parent":{"__id__":1},"_level":2,"_components":[{"__type__":"cc.Sprite","node":{"__id__":2},"_spriteFrame":{"__uuid__":"a2MjXRFdtLlYQ5ouAFv/+R"},"_sizeMode":0},{"__type__":"cc.Widget","node":{"__id__":2},"_target":{"__id__":1},"_alignFlags":45,"_originalWidth":720,"_originalHeight":1280}],"_prefab":{"__type__":"cc.PrefabInfo","root":{"__id__":1},"asset":{"__uuid__":"7fyh16HSpP+Iunv3SZQhkO"},"fileId":"cc5b6TK3hP7YScZFPMK4sH"},"_opacity":200,"_color":{"__type__":"cc.Color"},"_contentSize":{"__type__":"cc.Size","width":720,"height":1280},"_scale":{"__type__":"cc.Vec3","x":1,"y":1,"z":1}},{"__type__":"cc.Node","_name":"rescuse_bg","_parent":{"__id__":1},"_children":[{"__id__":4},{"__id__":5},{"__id__":6},{"__id__":10},{"__id__":11}],"_level":2,"_components":[{"__type__":"cc.Sprite","node":{"__id__":3},"_spriteFrame":{"__uuid__":"e9gp7NXLFAMpfZfLRje4kh"}},{"__type__":"cc.Widget","node":{"__id__":3},"_alignFlags":16,"_verticalCenter":111}],"_prefab":{"__type__":"cc.PrefabInfo","root":{"__id__":1},"asset":{"__uuid__":"7fyh16HSpP+Iunv3SZQhkO"},"fileId":"f3OVMFNuVKVYpDsLlZ+je6"},"_contentSize":{"__type__":"cc.Size","width":573,"height":477},"_position":{"__type__":"cc.Vec3","y":111},"_scale":{"__type__":"cc.Vec3","x":1,"y":1,"z":1}},{"__type__":"cc.Node","_name":"close_btn","_parent":{"__id__":3},"_level":3,"_components":[{"__type__":"cc.Sprite","node":{"__id__":4},"_spriteFrame":{"__uuid__":"39QDMhl01CvZ8hVu7sZ8Td"}}],"_prefab":{"__type__":"cc.PrefabInfo","root":{"__id__":1},"asset":{"__uuid__":"7fyh16HSpP+Iunv3SZQhkO"},"fileId":"0fvDUrghdAwKy48VYhedFP"},"_contentSize":{"__type__":"cc.Size","width":71,"height":70},"_position":{"__type__":"cc.Vec3","y":-280},"_scale":{"__type__":"cc.Vec3","x":1,"y":1,"z":1}},{"__type__":"cc.Node","_name":"txt_1","_parent":{"__id__":3},"_level":3,"_components":[{"__type__":"cc.Sprite","node":{"__id__":5},"_spriteFrame":{"__uuid__":"64jteOhyFMXZXjhJHKOp/z"}}],"_prefab":{"__type__":"cc.PrefabInfo","root":{"__id__":1},"asset":{"__uuid__":"7fyh16HSpP+Iunv3SZQhkO"},"fileId":"75Xye2zpBDXYM5ZRxIvKbs"},"_contentSize":{"__type__":"cc.Size","width":452,"height":53},"_position":{"__type__":"cc.Vec3","y":142.3},"_scale":{"__type__":"cc.Vec3","x":1,"y":1,"z":1}},{"__type__":"cc.Node","_name":"txt_3","_parent":{"__id__":3},"_children":[{"__id__":7}],"_level":3,"_components":[{"__type__":"cc.Sprite","node":{"__id__":6},"_spriteFrame":{"__uuid__":"95mVsDG79Kz6DdaTZW2Ch5"}}],"_prefab":{"__type__":"cc.PrefabInfo","root":{"__id__":1},"asset":{"__uuid__":"7fyh16HSpP+Iunv3SZQhkO"},"fileId":"f1TmY0DwVIMJ/m2rgOStN+"},"_contentSize":{"__type__":"cc.Size","width":358,"height":31},"_position":{"__type__":"cc.Vec3","y":-28},"_scale":{"__type__":"cc.Vec3","x":1,"y":1,"z":1}},{"__type__":"cc.Node","_name":"num_kuang","_parent":{"__id__":6},"_children":[{"__id__":8}],"_level":4,"_components":[{"__type__":"cc.Sprite","node":{"__id__":7},"_spriteFrame":{"__uuid__":"6dzDr9CRhLW4Rigf2guCFF"}}],"_prefab":{"__type__":"cc.PrefabInfo","root":{"__id__":1},"asset":{"__uuid__":"7fyh16HSpP+Iunv3SZQhkO"},"fileId":"79gNT5tiFNvppDyMrcH+RP"},"_contentSize":{"__type__":"cc.Size","width":50,"height":50},"_position":{"__type__":"cc.Vec3","x":-13,"y":1.3},"_scale":{"__type__":"cc.Vec3","x":1,"y":1,"z":1}},{"__type__":"cc.Node","_name":"level_num","_parent":{"__id__":7},"_level":5,"_components":[{"__id__":9}],"_prefab":{"__type__":"cc.PrefabInfo","root":{"__id__":1},"asset":{"__uuid__":"7fyh16HSpP+Iunv3SZQhkO"},"fileId":"e5DFFot11CsJdd8lIV+KRL"},"_contentSize":{"__type__":"cc.Size","height":45.13},"_position":{"__type__":"cc.Vec3","y":-2},"_scale":{"__type__":"cc.Vec3","x":1,"y":1,"z":1}},{"__type__":"cc.Label","node":{"__id__":8},"_useOriginalSize":false,"_fontSize":38,"_lineHeight":38,"_N$file":{"__uuid__":"2dFnZmsI9JrKwdGBvNVO3t"},"_isSystemFontUsed":false,"_N$horizontalAlign":1,"_N$verticalAlign":1},{"__type__":"cc.Node","_name":"txt","_parent":{"__id__":3},"_level":3,"_components":[{"__type__":"cc.Sprite","node":{"__id__":10},"_spriteFrame":{"__uuid__":"77paOTZQ9BrYl/51K0t8p8"}}],"_prefab":{"__type__":"cc.PrefabInfo","root":{"__id__":1},"asset":{"__uuid__":"7fyh16HSpP+Iunv3SZQhkO"},"fileId":"74/Yb8BW1P6q1mjXyEa7MC"},"_contentSize":{"__type__":"cc.Size","width":191,"height":32},"_position":{"__type__":"cc.Vec3","y":39},"_scale":{"__type__":"cc.Vec3","x":1,"y":1,"z":1}},{"__type__":"cc.Node","_name":"use_btn","_parent":{"__id__":3},"_level":3,"_components":[{"__type__":"cc.Sprite","node":{"__id__":11},"_spriteFrame":{"__uuid__":"59C3ipWqdEdILZKzcHYlBq"}}],"_prefab":{"__type__":"cc.PrefabInfo","root":{"__id__":1},"asset":{"__uuid__":"7fyh16HSpP+Iunv3SZQhkO"},"fileId":"8c2xmTRVlKkLTHLk0GuB8G"},"_contentSize":{"__type__":"cc.Size","width":240,"height":85},"_position":{"__type__":"cc.Vec3","y":-142},"_scale":{"__type__":"cc.Vec3","x":1,"y":1,"z":1}}]