[{"__type__":"cc.SpriteFrame","content":{"name":"game_level_5_item_2","texture":"a7gZBU7GNJ2bhxrqdRr59J","rect":[2,1234,174,233],"offset":[0,0],"originalSize":[174,233],"rotated":1}},{"__type__":"cc.SpriteFrame","content":{"name":"game_level_5_item_17","texture":"a7gZBU7GNJ2bhxrqdRr59J","rect":[232,1525,138,186],"offset":[0,0],"originalSize":[138,186]}},{"__type__":"cc.SpriteFrame","content":{"name":"game_level_5_item_11","texture":"a7gZBU7GNJ2bhxrqdRr59J","rect":[2,2,444,393],"offset":[0,0],"originalSize":[444,393],"rotated":1}},{"__type__":"cc.SpriteFrame","content":{"name":"img_help","texture":"a7gZBU7GNJ2bhxrqdRr59J","rect":[2,894,360,233],"offset":[0,0],"originalSize":[360,233]}},{"__type__":"cc.SpriteFrame","content":{"name":"game_level_5_item_12","texture":"a7gZBU7GNJ2bhxrqdRr59J","rect":[113,1554,76,73],"offset":[0,0],"originalSize":[76,73]}},{"__type__":"cc.SpriteFrame","content":{"name":"game_level_5_item_8","texture":"a7gZBU7GNJ2bhxrqdRr59J","rect":[2,1554,109,172],"offset":[0,0],"originalSize":[109,172]}},{"__type__":"cc.SpriteFrame","content":{"name":"game_level_5_item_18","texture":"a7gZBU7GNJ2bhxrqdRr59J","rect":[237,1305,146,147],"offset":[0,0],"originalSize":[146,147],"rotated":1}},{"__type__":"cc.SpriteFrame","content":{"name":"game_level_5_item_6","texture":"a7gZBU7GNJ2bhxrqdRr59J","rect":[194,1410,183,36],"offset":[0,0],"originalSize":[183,36],"rotated":1}},{"__type__":"cc.SpriteFrame","content":{"name":"game_level_5_item_1","texture":"a7gZBU7GNJ2bhxrqdRr59J","rect":[364,999,37,16],"offset":[0,0],"originalSize":[37,16],"rotated":1}},{"__type__":"cc.SpriteFrame","content":{"name":"game_level_5_item_14","texture":"a7gZBU7GNJ2bhxrqdRr59J","rect":[232,1453,144,70],"offset":[0,0],"originalSize":[144,70]}},{"__type__":"cc.SpriteFrame","content":{"name":"game_level_5_item_7","texture":"a7gZBU7GNJ2bhxrqdRr59J","rect":[2,1129,103,268],"offset":[0,0],"originalSize":[103,268],"rotated":1}},{"__type__":"cc.SpriteFrame","content":{"name":"game_level_5_item_4","texture":"a7gZBU7GNJ2bhxrqdRr59J","rect":[364,894,103,31],"offset":[0,0],"originalSize":[103,31],"rotated":1}},{"__type__":"cc.SpriteFrame","content":{"name":"game_level_5_item_9","texture":"a7gZBU7GNJ2bhxrqdRr59J","rect":[272,1129,111,174],"offset":[0,0],"originalSize":[111,174]}},{"__type__":"cc.SpriteFrame","content":{"name":"game_level_5_item_5","texture":"a7gZBU7GNJ2bhxrqdRr59J","rect":[191,1595,76,36],"offset":[0,0],"originalSize":[76,36],"rotated":1}},{"__type__":"cc.SpriteFrame","content":{"name":"game_level_5_item_10","texture":"a7gZBU7GNJ2bhxrqdRr59J","rect":[113,1629,70,65],"offset":[0,0],"originalSize":[70,65]}},{"__type__":"cc.SpriteAtlas","_name":"game_level_5.plist","_spriteFrames":{"game_level_5_item_1":{"__uuid__":"9auzSkFGpN+7Sh94bxoZZc"},"game_level_5_item_10":{"__uuid__":"beBjZ+GnxL1Y3/CTGbMF70"},"game_level_5_item_11":{"__uuid__":"17UKErdLxPGb9wI9hWZFrZ"},"game_level_5_item_12":{"__uuid__":"1cRvbQ5fdIfZbxr6NCbLXm"},"game_level_5_item_14":{"__uuid__":"9bZ7gHNEpMPpCa6xCiYq9o"},"game_level_5_item_15":{"__uuid__":"d0TQh80eVOQYdRZmlh7VzP"},"game_level_5_item_16":{"__uuid__":"cdekR+pHREvKaYSafUaxRT"},"game_level_5_item_17":{"__uuid__":"13njEDw+xNYLYoziKsYnvx"},"game_level_5_item_18":{"__uuid__":"82T9xMNWtPeJh8RIL+WnZW"},"game_level_5_item_2":{"__uuid__":"07y5QpXtVGvZmfOAchjCjP"},"game_level_5_item_4":{"__uuid__":"a8F5Jq5jdJeYyDc67/W5dC"},"game_level_5_item_5":{"__uuid__":"b5JT5S5jVMlZMQtCXbdwS8"},"game_level_5_item_6":{"__uuid__":"8dCtdG0F1IKrXTL2SmnXfV"},"game_level_5_item_7":{"__uuid__":"a1ugsAJqRHlY3SJ02T2Ana"},"game_level_5_item_8":{"__uuid__":"267hmMWN5FxrXAonlZTjil"},"game_level_5_item_9":{"__uuid__":"b1xSFX4ZBPFJpd+qywCiBB"},"img_help":{"__uuid__":"1bYSUWU+BFbqa8nj59p7FA"}}},{"__type__":"cc.SpriteFrame","content":{"name":"game_level_5_item_16","texture":"a7gZBU7GNJ2bhxrqdRr59J","rect":[2,1410,142,190],"offset":[0,0],"originalSize":[142,190],"rotated":1}},{"__type__":"cc.SpriteFrame","content":{"name":"game_level_5_item_15","texture":"a7gZBU7GNJ2bhxrqdRr59J","rect":[2,448,444,391],"offset":[0,1],"originalSize":[444,393],"rotated":1}}]