[{"__type__":"cc.SpriteFrame","content":{"name":"map_dialog_bg","texture":"e55iNWd5VHcqouD0D6wBvF","rect":[0,0,720,1280],"offset":[0,0],"originalSize":[720,1280],"capInsets":[59,77,0,123]}},[{"__type__":"cc.Prefab","_name":"MapDialog","data":{"__id__":1}},{"__type__":"cc.Node","_name":"map_dialog","_children":[{"__id__":2},{"__id__":3},{"__id__":11},{"__id__":15}],"_level":1,"_components":[{"__type__":"cc.Widget","node":{"__id__":1},"_alignFlags":45,"_originalWidth":750,"_originalHeight":1334},{"__type__":"0f420iztjJKYYW4psuPHe8y","node":{"__id__":1},"args":{},"pan_mask":{"__id__":2},"btn_close":{"__id__":4},"page_view":{"__id__":10},"pan_container":{"__id__":15},"tool_item":{"__id__":11}}],"_prefab":{"__type__":"cc.PrefabInfo","root":{"__id__":1},"asset":{"__uuid__":"6dkwB0PIpBZJ8TXXztggad"},"fileId":"e5UKqe25tHw4lDjLotWmwl"},"_contentSize":{"__type__":"cc.Size","width":720,"height":1280},"_position":{"__type__":"cc.Vec3","x":360,"y":640},"_scale":{"__type__":"cc.Vec3","x":1,"y":1,"z":1}},{"__type__":"cc.Node","_name":"pan_mask","_parent":{"__id__":1},"_level":2,"_components":[{"__type__":"cc.Sprite","node":{"__id__":2},"_spriteFrame":{"__uuid__":"a2MjXRFdtLlYQ5ouAFv/+R"},"_sizeMode":0},{"__type__":"cc.Widget","node":{"__id__":2},"_alignFlags":45,"_originalWidth":720,"_originalHeight":1280}],"_prefab":{"__type__":"cc.PrefabInfo","root":{"__id__":1},"asset":{"__uuid__":"6dkwB0PIpBZJ8TXXztggad"},"fileId":"b05hRAmr9Os7kctUplPpbK"},"_opacity":200,"_color":{"__type__":"cc.Color"},"_contentSize":{"__type__":"cc.Size","width":720,"height":1280},"_scale":{"__type__":"cc.Vec3","x":1,"y":1,"z":1}},{"__type__":"cc.Node","_name":"pan_content","_parent":{"__id__":1},"_children":[{"__id__":4},{"__id__":5},{"__id__":7}],"_level":2,"_components":[{"__type__":"cc.Widget","node":{"__id__":3},"_alignFlags":45,"_originalWidth":720,"_originalHeight":1280},{"__type__":"cc.Sprite","node":{"__id__":3},"_spriteFrame":{"__uuid__":"04Ys2sUipMEI4tpi+JZiCV"},"_type":1,"_sizeMode":0}],"_prefab":{"__type__":"cc.PrefabInfo","root":{"__id__":1},"asset":{"__uuid__":"6dkwB0PIpBZJ8TXXztggad"},"fileId":"c8Gj4JE4JEeYUanWritw3W"},"_contentSize":{"__type__":"cc.Size","width":720,"height":1280},"_scale":{"__type__":"cc.Vec3","x":1,"y":1,"z":1}},{"__type__":"cc.Node","_name":"btn_close","_parent":{"__id__":3},"_level":3,"_components":[{"__type__":"cc.Sprite","node":{"__id__":4},"_spriteFrame":{"__uuid__":"b0P4nlXn1KhKvlOEJrZmMO"},"_sizeMode":2},{"__type__":"cc.Button","node":{"__id__":4},"transition":3,"pressedColor":{"__type__":"cc.Color","r":255,"g":255,"b":255},"zoomScale":1.05,"_N$normalColor":{"__type__":"cc.Color","r":255,"g":255,"b":255},"_N$disabledColor":{"__type__":"cc.Color","r":255,"g":255,"b":255},"_N$normalSprite":{"__uuid__":"51Itv+ObZOjoErP3NIDT+J"},"_N$pressedSprite":{"__uuid__":"e97GVMl6JHh5Ml5qEDdSGa"},"pressedSprite":{"__uuid__":"e97GVMl6JHh5Ml5qEDdSGa"},"_N$hoverSprite":{"__uuid__":"f0BIwQ8D5Ml7nTNQbh1YlS"},"hoverSprite":{"__uuid__":"f0BIwQ8D5Ml7nTNQbh1YlS"},"_N$disabledSprite":{"__uuid__":"29FYIk+N1GYaeWH/q1NxQO"},"_N$target":{"__id__":4}},{"__type__":"cc.Widget","node":{"__id__":4},"_alignFlags":9,"_left":26,"_top":27}],"_prefab":{"__type__":"cc.PrefabInfo","root":{"__id__":1},"asset":{"__uuid__":"6dkwB0PIpBZJ8TXXztggad"},"fileId":"d7N5kyNNlAGJo+wp6mFrzx"},"_contentSize":{"__type__":"cc.Size","width":100,"height":100},"_position":{"__type__":"cc.Vec3","x":-284,"y":563},"_scale":{"__type__":"cc.Vec3","x":1,"y":1,"z":1}},{"__type__":"cc.Node","_name":"title_bg","_parent":{"__id__":3},"_children":[{"__id__":6}],"_level":3,"_components":[{"__type__":"cc.Sprite","node":{"__id__":5},"_spriteFrame":{"__uuid__":"dcTpegdphDPIclr92wzBqa"}},{"__type__":"cc.Widget","node":{"__id__":5},"_alignFlags":17,"_top":64}],"_prefab":{"__type__":"cc.PrefabInfo","root":{"__id__":1},"asset":{"__uuid__":"6dkwB0PIpBZJ8TXXztggad"},"fileId":"eefXZEO5dF4Ied42Pi1Z9m"},"_contentSize":{"__type__":"cc.Size","width":287,"height":82},"_position":{"__type__":"cc.Vec3","y":535},"_scale":{"__type__":"cc.Vec3","x":1,"y":1,"z":1}},{"__type__":"cc.Node","_name":"title_txt","_parent":{"__id__":5},"_level":4,"_components":[{"__type__":"cc.Sprite","node":{"__id__":6},"_spriteFrame":{"__uuid__":"77glV+12ZKGJmPgaz9oqVF"}}],"_prefab":{"__type__":"cc.PrefabInfo","root":{"__id__":1},"asset":{"__uuid__":"6dkwB0PIpBZJ8TXXztggad"},"fileId":"710NmAFKhPEptWdzCWdOnF"},"_contentSize":{"__type__":"cc.Size","width":179,"height":40},"_scale":{"__type__":"cc.Vec3","x":1,"y":1,"z":1}},{"__type__":"cc.Node","_name":"page_view","_parent":{"__id__":3},"_children":[{"__id__":8}],"_level":3,"_components":[{"__id__":10},{"__type__":"cc.Widget","node":{"__id__":7},"_alignFlags":45,"_left":45,"_right":45,"_top":190,"_bottom":90,"_originalWidth":600,"_originalHeight":960}],"_prefab":{"__type__":"cc.PrefabInfo","root":{"__id__":1},"asset":{"__uuid__":"6dkwB0PIpBZJ8TXXztggad"},"fileId":"19ZmFOIfREEYaIlhlPVVVa"},"_contentSize":{"__type__":"cc.Size","width":630,"height":1000},"_position":{"__type__":"cc.Vec3","y":-50},"_scale":{"__type__":"cc.Vec3","x":1,"y":1,"z":1}},{"__type__":"cc.Node","_name":"view","_parent":{"__id__":7},"_children":[{"__id__":9}],"_components":[{"__type__":"cc.Mask","node":{"__id__":8}},{"__type__":"cc.Widget","node":{"__id__":8},"_alignFlags":45,"_originalWidth":400,"_originalHeight":350}],"_prefab":{"__type__":"cc.PrefabInfo","root":{"__id__":1},"asset":{"__uuid__":"6dkwB0PIpBZJ8TXXztggad"},"fileId":"84lpIlwv1H96HpHSrEjbv9"},"_contentSize":{"__type__":"cc.Size","width":630,"height":1000},"_scale":{"__type__":"cc.Vec3","x":1,"y":1,"z":1}},{"__type__":"cc.Node","_name":"content","_parent":{"__id__":8},"_components":[{"__type__":"cc.Layout","node":{"__id__":9},"_layoutSize":{"__type__":"cc.Size","width":600,"height":1000},"_resize":1,"_N$layoutType":1,"_N$spacingY":15},{"__type__":"cc.Widget","node":{"__id__":9},"_alignFlags":13,"_originalHeight":960}],"_prefab":{"__type__":"cc.PrefabInfo","root":{"__id__":1},"asset":{"__uuid__":"6dkwB0PIpBZJ8TXXztggad"},"fileId":"cb4hlkcU9P6oRKXatkfUSp"},"_contentSize":{"__type__":"cc.Size","width":600,"height":1000},"_anchorPoint":{"__type__":"cc.Vec2","y":0.5},"_position":{"__type__":"cc.Vec3","x":-315},"_scale":{"__type__":"cc.Vec3","x":1,"y":1,"z":1}},{"__type__":"cc.PageView","node":{"__id__":7},"content":{"__id__":9},"bounceDuration":0.5},{"__type__":"cc.Node","_name":"tool_item","_objFlags":512,"_parent":{"__id__":1},"_children":[{"__id__":12},{"__id__":13},{"__id__":14}],"_active":false,"_level":2,"_components":[{"__type__":"cc.Sprite","node":{"__id__":11},"_spriteFrame":{"__uuid__":"7elBpOLJ9FQYgTuXnUcCa9"}}],"_prefab":{"__type__":"cc.PrefabInfo","root":{"__id__":1},"asset":{"__uuid__":"6dkwB0PIpBZJ8TXXztggad"},"fileId":"9bBgHCghVMVaE9gyO5TiXw"},"_contentSize":{"__type__":"cc.Size","width":149,"height":149},"_position":{"__type__":"cc.Vec3","x":611,"y":492},"_scale":{"__type__":"cc.Vec3","x":1,"y":1,"z":1}},{"__type__":"cc.Node","_name":"item_k","_parent":{"__id__":11},"_level":5,"_components":[{"__type__":"cc.Sprite","node":{"__id__":12},"_spriteFrame":{"__uuid__":"9fPDFCFuxLwZa2JnsVxLfv"}}],"_prefab":{"__type__":"cc.PrefabInfo","root":{"__id__":1},"asset":{"__uuid__":"6dkwB0PIpBZJ8TXXztggad"},"fileId":"32gS4XTnNNEYXxPS1GGWsB"},"_contentSize":{"__type__":"cc.Size","width":153,"height":153},"_position":{"__type__":"cc.Vec3","y":-2},"_scale":{"__type__":"cc.Vec3","x":1,"y":1,"z":1}},{"__type__":"cc.Node","_name":"item_icon","_parent":{"__id__":11},"_active":false,"_level":5,"_components":[{"__type__":"cc.Sprite","node":{"__id__":13},"_spriteFrame":{"__uuid__":"25QAMdnP9EM4qP99hjzWKz"}},{"__type__":"cc.Widget","node":{"__id__":13},"_alignFlags":18}],"_prefab":{"__type__":"cc.PrefabInfo","root":{"__id__":1},"asset":{"__uuid__":"6dkwB0PIpBZJ8TXXztggad"},"fileId":"00HmFMtJxCvK1hUwj870FB"},"_contentSize":{"__type__":"cc.Size","width":57,"height":107},"_scale":{"__type__":"cc.Vec3","x":1,"y":1,"z":1}},{"__type__":"cc.Node","_name":"item_unlock","_parent":{"__id__":11},"_level":5,"_components":[{"__type__":"cc.Sprite","node":{"__id__":14},"_spriteFrame":{"__uuid__":"0fdzpNvvhL4bkON22aq/4O"}}],"_prefab":{"__type__":"cc.PrefabInfo","root":{"__id__":1},"asset":{"__uuid__":"6dkwB0PIpBZJ8TXXztggad"},"fileId":"f9GDdCuABObIwraTlCiP4y"},"_contentSize":{"__type__":"cc.Size","width":53,"height":83},"_scale":{"__type__":"cc.Vec3","x":1,"y":1,"z":1}},{"__type__":"cc.Node","_name":"pan_container","_parent":{"__id__":1},"_active":false,"_level":2,"_components":[{"__type__":"cc.Layout","node":{"__id__":15},"_layoutSize":{"__type__":"cc.Size","width":600,"height":960},"_N$layoutType":3,"_N$paddingLeft":20,"_N$spacingX":70,"_N$spacingY":55}],"_prefab":{"__type__":"cc.PrefabInfo","root":{"__id__":1},"asset":{"__uuid__":"6dkwB0PIpBZJ8TXXztggad"},"fileId":"91EFjdpKFO4JydFQeD2Z4Y"},"_contentSize":{"__type__":"cc.Size","width":630,"height":1000},"_position":{"__type__":"cc.Vec3","x":727},"_scale":{"__type__":"cc.Vec3","x":1,"y":1,"z":1}}]]