[{"__type__":"cc.SpriteFrame","content":{"name":"btn_base_dialog_watchvidieo","texture":"62kbi6Mq9NJYLWXrkaxbZk","rect":[96,604,188,60],"offset":[0,0],"originalSize":[188,60],"rotated":1}},{"__type__":"cc.SpriteFrame","content":{"name":"pic_base_dialog_fine","texture":"62kbi6Mq9NJYLWXrkaxbZk","rect":[2,2,360,233],"offset":[0,0],"originalSize":[360,233],"rotated":1}},{"__type__":"cc.SpriteFrame","content":{"name":"text_base_dialog_askforhelp","texture":"62kbi6Mq9NJYLWXrkaxbZk","rect":[2,825,173,37],"offset":[0,0],"originalSize":[173,37]}},{"__type__":"cc.SpriteFrame","content":{"name":"text_base_dialog_watchvidieo","texture":"62kbi6Mq9NJYLWXrkaxbZk","rect":[177,720,152,40],"offset":[2,-1],"originalSize":[188,60],"rotated":1}},{"__type__":"cc.SpriteAtlas","_name":"help_dialog.plist","_spriteFrames":{"btn_base_dialog_save":{"__uuid__":"be1KLhdO9It66wAmqyOKXR"},"btn_base_dialog_watchvidieo":{"__uuid__":"02RoDr2ndLMKYkkEdNbz2D"},"btn_help_friend":{"__uuid__":"c67dtKo8dGlrgNJkkoyRiX"},"img_help_hint_title":{"__uuid__":"98uoP6GnxNG4oTGor22o1Q"},"pic_base_dialog_fine":{"__uuid__":"06l1VibVxAqaOHentpEQm0"},"text_base_dialog_askforhelp":{"__uuid__":"0f+aEWd1tHbqsL1RS8Wznl"},"text_base_dialog_watchvidieo":{"__uuid__":"7crWuTu3NGoYTr1EUhWHp/"},"txt_dialog_bg":{"__uuid__":"bb96fL3I9NnbB1JjebYFGw"}}},{"__type__":"cc.SpriteFrame","content":{"name":"img_help_hint_title","texture":"62kbi6Mq9NJYLWXrkaxbZk","rect":[2,653,170,92],"offset":[0,0],"originalSize":[170,92],"rotated":1}},{"__type__":"cc.SpriteFrame","content":{"name":"txt_dialog_bg","texture":"62kbi6Mq9NJYLWXrkaxbZk","rect":[177,364,354,58],"offset":[0,0],"originalSize":[354,58],"rotated":1,"capInsets":[55,22,75,21]}},{"__type__":"cc.SpriteFrame","content":{"name":"btn_base_dialog_save","texture":"62kbi6Mq9NJYLWXrkaxbZk","rect":[86,364,238,76],"offset":[0,0],"originalSize":[238,76],"rotated":1}},{"__type__":"cc.SpriteFrame","content":{"name":"btn_help_friend","texture":"62kbi6Mq9NJYLWXrkaxbZk","rect":[2,364,287,82],"offset":[0,0],"originalSize":[287,82],"rotated":1}}]