[{"__type__":"cc.Prefab","_name":"HpDialog","data":{"__id__":1}},{"__type__":"cc.Node","_name":"HpDialog","_children":[{"__id__":2},{"__id__":3}],"_level":1,"_components":[{"__type__":"cc.Widget","node":{"__id__":1},"_alignFlags":45,"_originalWidth":750,"_originalHeight":1334},{"__type__":"71c39hFD5JLK6qszJ1C4YFI","node":{"__id__":1},"args":{},"pan_mask":{"__id__":2},"btn_sure":{"__id__":9},"btn_share":{"__id__":11},"img_title":{"__id__":5},"time_txt":{"__id__":7},"btn_close":{"__id__":6},"img_s":{"__id__":13},"img_v":{"__id__":14}}],"_prefab":{"__type__":"cc.PrefabInfo","root":{"__id__":1},"asset":{"__uuid__":"6dGdUapQJL9oke3iQkTcXn"},"fileId":"e5UKqe25tHw4lDjLotWmwl"},"_contentSize":{"__type__":"cc.Size","width":720,"height":1280},"_position":{"__type__":"cc.Vec3","x":360,"y":640},"_scale":{"__type__":"cc.Vec3","x":1,"y":1,"z":1}},{"__type__":"cc.Node","_name":"pan_mask","_parent":{"__id__":1},"_level":2,"_components":[{"__type__":"cc.Sprite","node":{"__id__":2},"_spriteFrame":{"__uuid__":"a2MjXRFdtLlYQ5ouAFv/+R"},"_sizeMode":0},{"__type__":"cc.Widget","node":{"__id__":2},"_target":{"__id__":1},"_alignFlags":45,"_originalWidth":720,"_originalHeight":1280}],"_prefab":{"__type__":"cc.PrefabInfo","root":{"__id__":1},"asset":{"__uuid__":"6dGdUapQJL9oke3iQkTcXn"},"fileId":"cc5b6TK3hP7YScZFPMK4sH"},"_opacity":200,"_color":{"__type__":"cc.Color"},"_contentSize":{"__type__":"cc.Size","width":720,"height":1280},"_scale":{"__type__":"cc.Vec3","x":1,"y":1,"z":1}},{"__type__":"cc.Node","_name":"pan_content","_parent":{"__id__":1},"_children":[{"__id__":4},{"__id__":5},{"__id__":6},{"__id__":7},{"__id__":8},{"__id__":9},{"__id__":11}],"_level":2,"_components":[{"__type__":"cc.Widget","node":{"__id__":3},"_alignFlags":18}],"_prefab":{"__type__":"cc.PrefabInfo","root":{"__id__":1},"asset":{"__uuid__":"6dGdUapQJL9oke3iQkTcXn"},"fileId":"f2TBg9ROJFf6tx1bqJEurt"},"_contentSize":{"__type__":"cc.Size","width":530,"height":570},"_scale":{"__type__":"cc.Vec3","x":1,"y":1,"z":1}},{"__type__":"cc.Node","_name":"img_bg","_parent":{"__id__":3},"_level":3,"_components":[{"__type__":"cc.Sprite","node":{"__id__":4},"_spriteFrame":{"__uuid__":"9ftiXx3JtC/KrOmGKee49Q"},"_sizeMode":0}],"_prefab":{"__type__":"cc.PrefabInfo","root":{"__id__":1},"asset":{"__uuid__":"6dGdUapQJL9oke3iQkTcXn"},"fileId":"2aKI1J9X1A0b3A24FwAsDA"},"_contentSize":{"__type__":"cc.Size","width":530,"height":570},"_scale":{"__type__":"cc.Vec3","x":1,"y":1,"z":1}},{"__type__":"cc.Node","_name":"img_title","_parent":{"__id__":3},"_level":3,"_components":[{"__type__":"cc.Sprite","node":{"__id__":5},"_spriteFrame":{"__uuid__":"0fUr8bRPFAYrh2Eh4nq10r"}}],"_prefab":{"__type__":"cc.PrefabInfo","root":{"__id__":1},"asset":{"__uuid__":"6dGdUapQJL9oke3iQkTcXn"},"fileId":"e1Ach62RxPK7RKvaznS/iB"},"_contentSize":{"__type__":"cc.Size","width":193,"height":39},"_position":{"__type__":"cc.Vec3","y":230},"_scale":{"__type__":"cc.Vec3","x":1,"y":1,"z":1}},{"__type__":"cc.Node","_name":"btn_close","_parent":{"__id__":3},"_level":3,"_components":[{"__type__":"cc.Sprite","node":{"__id__":6},"_spriteFrame":{"__uuid__":"9fMyXiDw9J/7UYA+VuvsD/"},"_sizeMode":2},{"__type__":"cc.Button","node":{"__id__":6},"transition":3,"pressedColor":{"__type__":"cc.Color","r":255,"g":255,"b":255},"zoomScale":1.05,"_N$normalColor":{"__type__":"cc.Color","r":255,"g":255,"b":255},"_N$disabledColor":{"__type__":"cc.Color","r":255,"g":255,"b":255},"_N$normalSprite":{"__uuid__":"1efXllwVFJPZcO4AfKCutz"},"_N$pressedSprite":{"__uuid__":"e97GVMl6JHh5Ml5qEDdSGa"},"pressedSprite":{"__uuid__":"e97GVMl6JHh5Ml5qEDdSGa"},"_N$hoverSprite":{"__uuid__":"f0BIwQ8D5Ml7nTNQbh1YlS"},"hoverSprite":{"__uuid__":"f0BIwQ8D5Ml7nTNQbh1YlS"},"_N$disabledSprite":{"__uuid__":"29FYIk+N1GYaeWH/q1NxQO"},"_N$target":{"__id__":6}}],"_prefab":{"__type__":"cc.PrefabInfo","root":{"__id__":1},"asset":{"__uuid__":"6dGdUapQJL9oke3iQkTcXn"},"fileId":"5clHAbRfRHnb/WPmQ3MyQG"},"_contentSize":{"__type__":"cc.Size","width":71,"height":71},"_position":{"__type__":"cc.Vec3","x":243,"y":273},"_scale":{"__type__":"cc.Vec3","x":1,"y":1,"z":1}},{"__type__":"cc.Node","_name":"lb_content","_parent":{"__id__":3},"_level":3,"_components":[{"__type__":"cc.Label","node":{"__id__":7},"_srcBlendFactor":1,"_useOriginalSize":false,"_string":"体力时间：00：00","_N$string":"体力时间：00：00","_fontSize":36,"_lineHeight":46,"_N$horizontalAlign":1,"_N$verticalAlign":1,"_N$fontFamily":"微软雅黑","_N$overflow":1}],"_prefab":{"__type__":"cc.PrefabInfo","root":{"__id__":1},"asset":{"__uuid__":"6dGdUapQJL9oke3iQkTcXn"},"fileId":"1e6aDHzxBHwapU2QXFEtcT"},"_color":{"__type__":"cc.Color"},"_contentSize":{"__type__":"cc.Size","width":380,"height":80},"_position":{"__type__":"cc.Vec3","x":3,"y":92},"_scale":{"__type__":"cc.Vec3","x":1,"y":1,"z":1}},{"__type__":"cc.Node","_name":"img_hp","_parent":{"__id__":3},"_level":3,"_components":[{"__type__":"cc.Sprite","node":{"__id__":8},"_spriteFrame":{"__uuid__":"abyygl+BpCCqRCUfPZh/Eh"}}],"_prefab":{"__type__":"cc.PrefabInfo","root":{"__id__":1},"asset":{"__uuid__":"6dGdUapQJL9oke3iQkTcXn"},"fileId":"e0u4BxY5FMgb1LkkcOSMKd"},"_contentSize":{"__type__":"cc.Size","width":80,"height":112},"_position":{"__type__":"cc.Vec3","x":-2,"y":-28},"_scale":{"__type__":"cc.Vec3","x":1,"y":1,"z":1}},{"__type__":"cc.Node","_name":"btn_sure","_parent":{"__id__":3},"_children":[{"__id__":10}],"_level":3,"_components":[{"__type__":"cc.Sprite","node":{"__id__":9},"_spriteFrame":{"__uuid__":"afttdT55xF4ab8DLqf9i6K"},"_sizeMode":2},{"__type__":"cc.Button","node":{"__id__":9},"transition":3,"pressedColor":{"__type__":"cc.Color","r":255,"g":255,"b":255},"zoomScale":1.05,"_N$normalColor":{"__type__":"cc.Color","r":255,"g":255,"b":255},"_N$disabledColor":{"__type__":"cc.Color","r":255,"g":255,"b":255},"_N$normalSprite":{"__uuid__":"1efXllwVFJPZcO4AfKCutz"},"_N$pressedSprite":{"__uuid__":"e97GVMl6JHh5Ml5qEDdSGa"},"pressedSprite":{"__uuid__":"e97GVMl6JHh5Ml5qEDdSGa"},"_N$hoverSprite":{"__uuid__":"f0BIwQ8D5Ml7nTNQbh1YlS"},"hoverSprite":{"__uuid__":"f0BIwQ8D5Ml7nTNQbh1YlS"},"_N$disabledSprite":{"__uuid__":"29FYIk+N1GYaeWH/q1NxQO"},"_N$target":{"__id__":9}}],"_prefab":{"__type__":"cc.PrefabInfo","root":{"__id__":1},"asset":{"__uuid__":"6dGdUapQJL9oke3iQkTcXn"},"fileId":"01V6a8ACVMXZ0Ph+hG9wVS"},"_contentSize":{"__type__":"cc.Size","width":287,"height":82},"_position":{"__type__":"cc.Vec3","x":-2,"y":-164},"_scale":{"__type__":"cc.Vec3","x":1,"y":1,"z":1}},{"__type__":"cc.Node","_name":"img_txt","_parent":{"__id__":9},"_components":[{"__type__":"cc.Sprite","node":{"__id__":10},"_spriteFrame":{"__uuid__":"aa+fu7UoFIMJcFu9Ol2tui"}}],"_prefab":{"__type__":"cc.PrefabInfo","root":{"__id__":1},"asset":{"__uuid__":"6dGdUapQJL9oke3iQkTcXn"},"fileId":"e896PwFuBGL45on8G7fyel"},"_contentSize":{"__type__":"cc.Size","width":71,"height":35},"_scale":{"__type__":"cc.Vec3","x":1,"y":1,"z":1}},{"__type__":"cc.Node","_name":"btn_share","_parent":{"__id__":3},"_children":[{"__id__":12},{"__id__":13},{"__id__":14}],"_level":3,"_components":[{"__type__":"cc.Sprite","node":{"__id__":11},"_spriteFrame":{"__uuid__":"afttdT55xF4ab8DLqf9i6K"},"_sizeMode":2},{"__type__":"cc.Button","node":{"__id__":11},"transition":3,"pressedColor":{"__type__":"cc.Color","r":255,"g":255,"b":255},"zoomScale":1.05,"_N$normalColor":{"__type__":"cc.Color","r":255,"g":255,"b":255},"_N$disabledColor":{"__type__":"cc.Color","r":255,"g":255,"b":255},"_N$normalSprite":{"__uuid__":"1efXllwVFJPZcO4AfKCutz"},"_N$pressedSprite":{"__uuid__":"e97GVMl6JHh5Ml5qEDdSGa"},"pressedSprite":{"__uuid__":"e97GVMl6JHh5Ml5qEDdSGa"},"_N$hoverSprite":{"__uuid__":"f0BIwQ8D5Ml7nTNQbh1YlS"},"hoverSprite":{"__uuid__":"f0BIwQ8D5Ml7nTNQbh1YlS"},"_N$disabledSprite":{"__uuid__":"29FYIk+N1GYaeWH/q1NxQO"},"_N$target":{"__id__":11}}],"_prefab":{"__type__":"cc.PrefabInfo","root":{"__id__":1},"asset":{"__uuid__":"6dGdUapQJL9oke3iQkTcXn"},"fileId":"f4+qPF4DxAN5hL5/rMAlpd"},"_contentSize":{"__type__":"cc.Size","width":287,"height":82},"_position":{"__type__":"cc.Vec3","x":-2,"y":-164},"_scale":{"__type__":"cc.Vec3","x":1,"y":1,"z":1}},{"__type__":"cc.Node","_name":"img_txt","_parent":{"__id__":11},"_components":[{"__type__":"cc.Sprite","node":{"__id__":12},"_spriteFrame":{"__uuid__":"a7wP0RzjdHDYqUgdsMBHBP"}}],"_prefab":{"__type__":"cc.PrefabInfo","root":{"__id__":1},"asset":{"__uuid__":"6dGdUapQJL9oke3iQkTcXn"},"fileId":"27T9qbeThH2IiZk9bUT82K"},"_contentSize":{"__type__":"cc.Size","width":146,"height":35},"_position":{"__type__":"cc.Vec3","x":27},"_scale":{"__type__":"cc.Vec3","x":1,"y":1,"z":1}},{"__type__":"cc.Node","_name":"img_hp_s","_parent":{"__id__":11},"_level":4,"_components":[{"__type__":"cc.Sprite","node":{"__id__":13},"_spriteFrame":{"__uuid__":"a6LL5R+vhBjJpVLmoCaG4h"}}],"_prefab":{"__type__":"cc.PrefabInfo","root":{"__id__":1},"asset":{"__uuid__":"6dGdUapQJL9oke3iQkTcXn"},"fileId":"10Y++d3atIgLtY4s429Qvx"},"_contentSize":{"__type__":"cc.Size","width":37,"height":41},"_position":{"__type__":"cc.Vec3","x":-79,"y":1},"_scale":{"__type__":"cc.Vec3","x":1,"y":1,"z":1}},{"__type__":"cc.Node","_name":"img_hp_v","_parent":{"__id__":11},"_active":false,"_level":4,"_components":[{"__type__":"cc.Sprite","node":{"__id__":14},"_spriteFrame":{"__uuid__":"a33g6td6lDBI9tibWFkdk9"}}],"_prefab":{"__type__":"cc.PrefabInfo","root":{"__id__":1},"asset":{"__uuid__":"6dGdUapQJL9oke3iQkTcXn"},"fileId":"c89blnjrhHMYyoCwu5dAb/"},"_contentSize":{"__type__":"cc.Size","width":39,"height":39},"_position":{"__type__":"cc.Vec3","x":-76.4,"y":0.8},"_scale":{"__type__":"cc.Vec3","x":1,"y":1,"z":1}}]