{
	"description": "项目配置文件。",
	"miniprogramRoot": "./",
	"cloudfunctionRoot": "cloudfunction/",
	"setting": {
		"urlCheck": false,
		"es6": true,
		"postcss": true,
		"minified": true,
		"newFeature": false
	},
	"compileType": "game",
	"libVersion": "game",
	"appid": "wx4cf34e627d3908c3",
	"projectname": "2048_game",
	"condition": {
		"search": {
			"current": -1,
			"list": []
		},
		"conversation": {
			"current": -1,
			"list": []
		},
		"game": {
			"currentL": -1,
			"list": [],
			"current": -1
		},
		"miniprogram": {
			"current": -1,
			"list": []
		}
	}
}