[[{"__type__":"cc.Prefab","_name":"GameView","data":{"__id__":1}},{"__type__":"cc.Node","_name":"gameView","_children":[{"__id__":2},{"__id__":3},{"__id__":4},{"__id__":39},{"__id__":46},{"__id__":53},{"__id__":55},{"__id__":56},{"__id__":57},{"__id__":58},{"__id__":60}],"_level":1,"_components":[{"__type__":"cc.Widget","node":{"__id__":1},"_alignFlags":45,"_originalWidth":750,"_originalHeight":1334},{"__type__":"c4ec25cEGFP44Ir4zLRxxmx","node":{"__id__":1},"lb_score":{"__id__":43},"lb_history_score":{"__id__":45},"btn_music":{"__id__":41},"btn_play_desc":{"__id__":40},"btn_return":{"__id__":3},"pan_game":{"__id__":4},"game_touch_layer":{"__id__":6},"role_stencil":{"__id__":58},"btn_tool_clear":{"__id__":51},"btn_tool_up":{"__id__":49},"btn_tool_back":{"__id__":47},"btn_close":{"__id__":54},"txt_tip":{"__id__":55},"lb_add_score_stencil":{"__id__":56},"anim_boom_node":{"__id__":57},"particle_node":{"__id__":60}}],"_prefab":{"__type__":"cc.PrefabInfo","root":{"__id__":1},"asset":{"__uuid__":"1fiIEkwyZKO5ewgh2p+zJa"},"fileId":"e5UKqe25tHw4lDjLotWmwl"},"_contentSize":{"__type__":"cc.Size","width":720,"height":1280},"_position":{"__type__":"cc.Vec3","x":360,"y":640},"_scale":{"__type__":"cc.Vec3","x":1,"y":1,"z":1}},{"__type__":"cc.Node","_name":"game_bottom_bg","_parent":{"__id__":1},"_level":2,"_components":[{"__type__":"cc.Sprite","node":{"__id__":2},"_spriteFrame":{"__uuid__":"5f5iLXx4BMsIL27AARx3dg"},"_type":2,"_sizeMode":0},{"__type__":"cc.Widget","node":{"__id__":2},"_alignFlags":21,"_originalHeight":130}],"_prefab":{"__type__":"cc.PrefabInfo","root":{"__id__":1},"asset":{"__uuid__":"1fiIEkwyZKO5ewgh2p+zJa"},"fileId":"5aY0OHUqhFF70a7b5h5I3A"},"_color":{"__type__":"cc.Color","r":247,"g":235,"b":225},"_contentSize":{"__type__":"cc.Size","width":720,"height":1280},"_anchorPoint":{"__type__":"cc.Vec2","x":0.5},"_position":{"__type__":"cc.Vec3","y":-640},"_scale":{"__type__":"cc.Vec3","x":1,"y":1,"z":1}},{"__type__":"cc.Node","_name":"btn_return","_parent":{"__id__":1},"_level":2,"_components":[{"__type__":"cc.Sprite","node":{"__id__":3},"_spriteFrame":{"__uuid__":"6eMb7z6ENON7Vsy6cPQVi1"},"_sizeMode":2},{"__type__":"cc.Button","node":{"__id__":3},"transition":3,"pressedColor":{"__type__":"cc.Color","r":255,"g":255,"b":255},"zoomScale":1.05,"_N$normalColor":{"__type__":"cc.Color","r":255,"g":255,"b":255},"_N$disabledColor":{"__type__":"cc.Color","r":255,"g":255,"b":255},"_N$normalSprite":{"__uuid__":"6eMb7z6ENON7Vsy6cPQVi1"},"_N$pressedSprite":{"__uuid__":"e97GVMl6JHh5Ml5qEDdSGa"},"pressedSprite":{"__uuid__":"e97GVMl6JHh5Ml5qEDdSGa"},"_N$hoverSprite":{"__uuid__":"f0BIwQ8D5Ml7nTNQbh1YlS"},"hoverSprite":{"__uuid__":"f0BIwQ8D5Ml7nTNQbh1YlS"},"_N$disabledSprite":{"__uuid__":"29FYIk+N1GYaeWH/q1NxQO"},"_N$target":{"__id__":3}},{"__type__":"cc.Widget","node":{"__id__":3},"_alignFlags":9,"_left":28,"_top":31.5}],"_prefab":{"__type__":"cc.PrefabInfo","root":{"__id__":1},"asset":{"__uuid__":"1fiIEkwyZKO5ewgh2p+zJa"},"fileId":"43LzoL5DRM5oHUCo1dAlLz"},"_contentSize":{"__type__":"cc.Size","width":65,"height":65},"_position":{"__type__":"cc.Vec3","x":-299.5,"y":576},"_scale":{"__type__":"cc.Vec3","x":1,"y":1,"z":1}},{"__type__":"cc.Node","_name":"pan_game","_parent":{"__id__":1},"_children":[{"__id__":5},{"__id__":6},{"__id__":7},{"__id__":9},{"__id__":11},{"__id__":13},{"__id__":15},{"__id__":17},{"__id__":19},{"__id__":21},{"__id__":23},{"__id__":25},{"__id__":27},{"__id__":29},{"__id__":31},{"__id__":33},{"__id__":35},{"__id__":37}],"_level":2,"_components":[{"__type__":"cc.Widget","node":{"__id__":4},"_alignFlags":18,"_left":3.5,"_right":3.5,"_top":344.5,"_bottom":344.5,"_originalWidth":713,"_originalHeight":591}],"_prefab":{"__type__":"cc.PrefabInfo","root":{"__id__":1},"asset":{"__uuid__":"1fiIEkwyZKO5ewgh2p+zJa"},"fileId":"9dUABctQVDLpbHKQT9Jb1m"},"_contentSize":{"__type__":"cc.Size","width":720,"height":591},"_scale":{"__type__":"cc.Vec3","x":1,"y":1,"z":1}},{"__type__":"cc.Node","_name":"game_bg","_parent":{"__id__":4},"_level":3,"_components":[{"__type__":"cc.Sprite","node":{"__id__":5},"_spriteFrame":{"__uuid__":"d80ub0E3FIsaMJf2pN+JJ0"},"_sizeMode":2}],"_prefab":{"__type__":"cc.PrefabInfo","root":{"__id__":1},"asset":{"__uuid__":"1fiIEkwyZKO5ewgh2p+zJa"},"fileId":"00SPCNEVxFk4HmQDZnu6TM"},"_contentSize":{"__type__":"cc.Size","width":693,"height":520},"_scale":{"__type__":"cc.Vec3","x":1,"y":1,"z":1}},{"__type__":"cc.Node","_name":"game_touch_layer","_parent":{"__id__":4},"_level":3,"_components":[{"__type__":"cc.Sprite","node":{"__id__":6},"_spriteFrame":{"__uuid__":"a2MjXRFdtLlYQ5ouAFv/+R"},"_sizeMode":0}],"_prefab":{"__type__":"cc.PrefabInfo","root":{"__id__":1},"asset":{"__uuid__":"1fiIEkwyZKO5ewgh2p+zJa"},"fileId":"d2BTL2hiFPCJuUAZoKQTsy"},"_opacity":0,"_contentSize":{"__type__":"cc.Size","width":496,"height":450},"_position":{"__type__":"cc.Vec3","x":-3,"y":5},"_scale":{"__type__":"cc.Vec3","x":1,"y":1,"z":1},"_rotationX":32,"_rotationY":32,"_quat":{"__type__":"cc.Quat","z":-0.27563735581699916,"w":0.9612616959383189},"_skewX":26},{"__type__":"cc.Node","_name":"rect_0_0","_parent":{"__id__":4},"_children":[{"__id__":8}],"_level":3,"_components":[{"__type__":"cc.Sprite","node":{"__id__":7},"_spriteFrame":{"__uuid__":"8e3kgaBqVF37w9EKtiTzzl"},"_sizeMode":2}],"_prefab":{"__type__":"cc.PrefabInfo","root":{"__id__":1},"asset":{"__uuid__":"1fiIEkwyZKO5ewgh2p+zJa"},"fileId":"63Smo73jxK/4ZR5JUZteuH"},"_contentSize":{"__type__":"cc.Size","width":162,"height":105},"_position":{"__type__":"cc.Vec3","x":-266,"y":38},"_scale":{"__type__":"cc.Vec3","x":1,"y":1,"z":1}},{"__type__":"cc.Node","_name":"rect","_parent":{"__id__":7},"_level":4,"_components":[{"__type__":"cc.Sprite","node":{"__id__":8},"_spriteFrame":{"__uuid__":"a2MjXRFdtLlYQ5ouAFv/+R"},"_sizeMode":0}],"_prefab":{"__type__":"cc.PrefabInfo","root":{"__id__":1},"asset":{"__uuid__":"1fiIEkwyZKO5ewgh2p+zJa"},"fileId":"4azPLh/vNAVpcPLC1pghwd"},"_opacity":0,"_contentSize":{"__type__":"cc.Size","width":102,"height":90},"_position":{"__type__":"cc.Vec3","x":0.4,"y":1},"_scale":{"__type__":"cc.Vec3","x":1,"y":1,"z":1},"_rotationX":31,"_rotationY":31,"_quat":{"__type__":"cc.Quat","z":-0.26723837607825685,"w":0.963630453208623},"_skewX":28.5},{"__type__":"cc.Node","_name":"rect_0_1","_parent":{"__id__":4},"_children":[{"__id__":10}],"_level":3,"_components":[{"__type__":"cc.Sprite","node":{"__id__":9},"_spriteFrame":{"__uuid__":"8e3kgaBqVF37w9EKtiTzzl"},"_sizeMode":2}],"_prefab":{"__type__":"cc.PrefabInfo","root":{"__id__":1},"asset":{"__uuid__":"1fiIEkwyZKO5ewgh2p+zJa"},"fileId":"40VeS0ZJlHTqRpwfvYCgRe"},"_contentSize":{"__type__":"cc.Size","width":162,"height":105},"_position":{"__type__":"cc.Vec3","x":-177,"y":-16},"_scale":{"__type__":"cc.Vec3","x":1,"y":1,"z":1}},{"__type__":"cc.Node","_name":"rect","_parent":{"__id__":9},"_level":4,"_components":[{"__type__":"cc.Sprite","node":{"__id__":10},"_spriteFrame":{"__uuid__":"a2MjXRFdtLlYQ5ouAFv/+R"},"_sizeMode":0}],"_prefab":{"__type__":"cc.PrefabInfo","root":{"__id__":1},"asset":{"__uuid__":"1fiIEkwyZKO5ewgh2p+zJa"},"fileId":"51ROZ7mI1PYpKSzTD0r/lo"},"_opacity":0,"_contentSize":{"__type__":"cc.Size","width":102,"height":90},"_position":{"__type__":"cc.Vec3","x":0.4,"y":1},"_scale":{"__type__":"cc.Vec3","x":1,"y":1,"z":1},"_rotationX":31,"_rotationY":31,"_quat":{"__type__":"cc.Quat","z":-0.26723837607825685,"w":0.963630453208623},"_skewX":28.5},{"__type__":"cc.Node","_name":"rect_0_2","_parent":{"__id__":4},"_children":[{"__id__":12}],"_level":3,"_components":[{"__type__":"cc.Sprite","node":{"__id__":11},"_spriteFrame":{"__uuid__":"8e3kgaBqVF37w9EKtiTzzl"},"_sizeMode":2}],"_prefab":{"__type__":"cc.PrefabInfo","root":{"__id__":1},"asset":{"__uuid__":"1fiIEkwyZKO5ewgh2p+zJa"},"fileId":"74jplQwyJFXqx3BGiSZW2a"},"_contentSize":{"__type__":"cc.Size","width":162,"height":105},"_position":{"__type__":"cc.Vec3","x":-89,"y":-72},"_scale":{"__type__":"cc.Vec3","x":1,"y":1,"z":1}},{"__type__":"cc.Node","_name":"rect","_parent":{"__id__":11},"_level":4,"_components":[{"__type__":"cc.Sprite","node":{"__id__":12},"_spriteFrame":{"__uuid__":"a2MjXRFdtLlYQ5ouAFv/+R"},"_sizeMode":0}],"_prefab":{"__type__":"cc.PrefabInfo","root":{"__id__":1},"asset":{"__uuid__":"1fiIEkwyZKO5ewgh2p+zJa"},"fileId":"b6NNl3pEJIvJag+nxwoHkV"},"_opacity":0,"_contentSize":{"__type__":"cc.Size","width":102,"height":90},"_position":{"__type__":"cc.Vec3","x":0.4,"y":1},"_scale":{"__type__":"cc.Vec3","x":1,"y":1,"z":1},"_rotationX":31,"_rotationY":31,"_quat":{"__type__":"cc.Quat","z":-0.26723837607825685,"w":0.963630453208623},"_skewX":28.5},{"__type__":"cc.Node","_name":"rect_0_3","_parent":{"__id__":4},"_children":[{"__id__":14}],"_level":3,"_components":[{"__type__":"cc.Sprite","node":{"__id__":13},"_spriteFrame":{"__uuid__":"8e3kgaBqVF37w9EKtiTzzl"},"_sizeMode":2}],"_prefab":{"__type__":"cc.PrefabInfo","root":{"__id__":1},"asset":{"__uuid__":"1fiIEkwyZKO5ewgh2p+zJa"},"fileId":"d5KhNoV2NOVLOSip3W78gt"},"_contentSize":{"__type__":"cc.Size","width":162,"height":105},"_position":{"__type__":"cc.Vec3","x":-1,"y":-128},"_scale":{"__type__":"cc.Vec3","x":1,"y":1,"z":1}},{"__type__":"cc.Node","_name":"rect","_parent":{"__id__":13},"_level":4,"_components":[{"__type__":"cc.Sprite","node":{"__id__":14},"_spriteFrame":{"__uuid__":"a2MjXRFdtLlYQ5ouAFv/+R"},"_sizeMode":0}],"_prefab":{"__type__":"cc.PrefabInfo","root":{"__id__":1},"asset":{"__uuid__":"1fiIEkwyZKO5ewgh2p+zJa"},"fileId":"48Ez7bRmdOkZIqa+3stf9N"},"_opacity":0,"_contentSize":{"__type__":"cc.Size","width":102,"height":90},"_position":{"__type__":"cc.Vec3","x":0.4,"y":1},"_scale":{"__type__":"cc.Vec3","x":1,"y":1,"z":1},"_rotationX":31,"_rotationY":31,"_quat":{"__type__":"cc.Quat","z":-0.26723837607825685,"w":0.963630453208623},"_skewX":28.5},{"__type__":"cc.Node","_name":"rect_1_0","_parent":{"__id__":4},"_children":[{"__id__":16}],"_level":3,"_components":[{"__type__":"cc.Sprite","node":{"__id__":15},"_spriteFrame":{"__uuid__":"8e3kgaBqVF37w9EKtiTzzl"},"_sizeMode":2}],"_prefab":{"__type__":"cc.PrefabInfo","root":{"__id__":1},"asset":{"__uuid__":"1fiIEkwyZKO5ewgh2p+zJa"},"fileId":"00zJ2pdTtIBZoD9MwIPILQ"},"_contentSize":{"__type__":"cc.Size","width":162,"height":105},"_position":{"__type__":"cc.Vec3","x":-177,"y":94},"_scale":{"__type__":"cc.Vec3","x":1,"y":1,"z":1}},{"__type__":"cc.Node","_name":"rect","_parent":{"__id__":15},"_level":4,"_components":[{"__type__":"cc.Sprite","node":{"__id__":16},"_spriteFrame":{"__uuid__":"a2MjXRFdtLlYQ5ouAFv/+R"},"_sizeMode":0}],"_prefab":{"__type__":"cc.PrefabInfo","root":{"__id__":1},"asset":{"__uuid__":"1fiIEkwyZKO5ewgh2p+zJa"},"fileId":"e60X6afIFPQqiL84Vh45+r"},"_opacity":0,"_contentSize":{"__type__":"cc.Size","width":102,"height":90},"_position":{"__type__":"cc.Vec3","x":0.4,"y":1},"_scale":{"__type__":"cc.Vec3","x":1,"y":1,"z":1},"_rotationX":31,"_rotationY":31,"_quat":{"__type__":"cc.Quat","z":-0.26723837607825685,"w":0.963630453208623},"_skewX":28.5},{"__type__":"cc.Node","_name":"rect_1_1","_parent":{"__id__":4},"_children":[{"__id__":18}],"_level":3,"_components":[{"__type__":"cc.Sprite","node":{"__id__":17},"_spriteFrame":{"__uuid__":"8e3kgaBqVF37w9EKtiTzzl"},"_sizeMode":2}],"_prefab":{"__type__":"cc.PrefabInfo","root":{"__id__":1},"asset":{"__uuid__":"1fiIEkwyZKO5ewgh2p+zJa"},"fileId":"3bmJcvc5JD6pqswOsBlcdU"},"_contentSize":{"__type__":"cc.Size","width":162,"height":105},"_position":{"__type__":"cc.Vec3","x":-90,"y":40},"_scale":{"__type__":"cc.Vec3","x":1,"y":1,"z":1}},{"__type__":"cc.Node","_name":"rect","_parent":{"__id__":17},"_level":4,"_components":[{"__type__":"cc.Sprite","node":{"__id__":18},"_spriteFrame":{"__uuid__":"a2MjXRFdtLlYQ5ouAFv/+R"},"_sizeMode":0}],"_prefab":{"__type__":"cc.PrefabInfo","root":{"__id__":1},"asset":{"__uuid__":"1fiIEkwyZKO5ewgh2p+zJa"},"fileId":"67C/nPBmJHvYN6AXAViFE0"},"_opacity":0,"_contentSize":{"__type__":"cc.Size","width":102,"height":90},"_position":{"__type__":"cc.Vec3","x":0.4,"y":1},"_scale":{"__type__":"cc.Vec3","x":1,"y":1,"z":1},"_rotationX":31,"_rotationY":31,"_quat":{"__type__":"cc.Quat","z":-0.26723837607825685,"w":0.963630453208623},"_skewX":28.5},{"__type__":"cc.Node","_name":"rect_1_2","_parent":{"__id__":4},"_children":[{"__id__":20}],"_level":3,"_components":[{"__type__":"cc.Sprite","node":{"__id__":19},"_spriteFrame":{"__uuid__":"8e3kgaBqVF37w9EKtiTzzl"},"_sizeMode":2}],"_prefab":{"__type__":"cc.PrefabInfo","root":{"__id__":1},"asset":{"__uuid__":"1fiIEkwyZKO5ewgh2p+zJa"},"fileId":"13WlV8/rlBooNzi0rmM2nF"},"_contentSize":{"__type__":"cc.Size","width":162,"height":105},"_position":{"__type__":"cc.Vec3","x":-3,"y":-15},"_scale":{"__type__":"cc.Vec3","x":1,"y":1,"z":1}},{"__type__":"cc.Node","_name":"rect","_parent":{"__id__":19},"_level":4,"_components":[{"__type__":"cc.Sprite","node":{"__id__":20},"_spriteFrame":{"__uuid__":"a2MjXRFdtLlYQ5ouAFv/+R"},"_sizeMode":0}],"_prefab":{"__type__":"cc.PrefabInfo","root":{"__id__":1},"asset":{"__uuid__":"1fiIEkwyZKO5ewgh2p+zJa"},"fileId":"f6HhnxUwRIq63DfNstrxSg"},"_opacity":0,"_contentSize":{"__type__":"cc.Size","width":102,"height":90},"_position":{"__type__":"cc.Vec3","x":0.4,"y":1},"_scale":{"__type__":"cc.Vec3","x":1,"y":1,"z":1},"_rotationX":31,"_rotationY":31,"_quat":{"__type__":"cc.Quat","z":-0.26723837607825685,"w":0.963630453208623},"_skewX":28.5},{"__type__":"cc.Node","_name":"rect_1_3","_parent":{"__id__":4},"_children":[{"__id__":22}],"_level":3,"_components":[{"__type__":"cc.Sprite","node":{"__id__":21},"_spriteFrame":{"__uuid__":"8e3kgaBqVF37w9EKtiTzzl"},"_sizeMode":2}],"_prefab":{"__type__":"cc.PrefabInfo","root":{"__id__":1},"asset":{"__uuid__":"1fiIEkwyZKO5ewgh2p+zJa"},"fileId":"bbuyi1ijxII6cgx835VEIR"},"_contentSize":{"__type__":"cc.Size","width":162,"height":105},"_position":{"__type__":"cc.Vec3","x":89,"y":-71},"_scale":{"__type__":"cc.Vec3","x":1,"y":1,"z":1}},{"__type__":"cc.Node","_name":"rect","_parent":{"__id__":21},"_level":4,"_components":[{"__type__":"cc.Sprite","node":{"__id__":22},"_spriteFrame":{"__uuid__":"a2MjXRFdtLlYQ5ouAFv/+R"},"_sizeMode":0}],"_prefab":{"__type__":"cc.PrefabInfo","root":{"__id__":1},"asset":{"__uuid__":"1fiIEkwyZKO5ewgh2p+zJa"},"fileId":"1ddnI8qjNJP6HVP4lRKwWa"},"_opacity":0,"_contentSize":{"__type__":"cc.Size","width":102,"height":90},"_position":{"__type__":"cc.Vec3","x":0.4,"y":1},"_scale":{"__type__":"cc.Vec3","x":1,"y":1,"z":1},"_rotationX":31,"_rotationY":31,"_quat":{"__type__":"cc.Quat","z":-0.26723837607825685,"w":0.963630453208623},"_skewX":28.5},{"__type__":"cc.Node","_name":"rect_2_0","_parent":{"__id__":4},"_children":[{"__id__":24}],"_level":3,"_components":[{"__type__":"cc.Sprite","node":{"__id__":23},"_spriteFrame":{"__uuid__":"8e3kgaBqVF37w9EKtiTzzl"},"_sizeMode":2}],"_prefab":{"__type__":"cc.PrefabInfo","root":{"__id__":1},"asset":{"__uuid__":"1fiIEkwyZKO5ewgh2p+zJa"},"fileId":"28EAF4Ft9FI6WNaF9agUeB"},"_contentSize":{"__type__":"cc.Size","width":162,"height":105},"_position":{"__type__":"cc.Vec3","x":-89,"y":151},"_scale":{"__type__":"cc.Vec3","x":1,"y":1,"z":1}},{"__type__":"cc.Node","_name":"rect","_parent":{"__id__":23},"_level":4,"_components":[{"__type__":"cc.Sprite","node":{"__id__":24},"_spriteFrame":{"__uuid__":"a2MjXRFdtLlYQ5ouAFv/+R"},"_sizeMode":0}],"_prefab":{"__type__":"cc.PrefabInfo","root":{"__id__":1},"asset":{"__uuid__":"1fiIEkwyZKO5ewgh2p+zJa"},"fileId":"2fcXzTK11LSb7J6gud5/mi"},"_opacity":0,"_contentSize":{"__type__":"cc.Size","width":102,"height":90},"_position":{"__type__":"cc.Vec3","x":0.4,"y":1},"_scale":{"__type__":"cc.Vec3","x":1,"y":1,"z":1},"_rotationX":31,"_rotationY":31,"_quat":{"__type__":"cc.Quat","z":-0.26723837607825685,"w":0.963630453208623},"_skewX":28.5},{"__type__":"cc.Node","_name":"rect_2_1","_parent":{"__id__":4},"_children":[{"__id__":26}],"_level":3,"_components":[{"__type__":"cc.Sprite","node":{"__id__":25},"_spriteFrame":{"__uuid__":"8e3kgaBqVF37w9EKtiTzzl"},"_sizeMode":2}],"_prefab":{"__type__":"cc.PrefabInfo","root":{"__id__":1},"asset":{"__uuid__":"1fiIEkwyZKO5ewgh2p+zJa"},"fileId":"77tyw7yMBEt7uvWOaNtPL4"},"_contentSize":{"__type__":"cc.Size","width":162,"height":105},"_position":{"__type__":"cc.Vec3","x":-2,"y":96},"_scale":{"__type__":"cc.Vec3","x":1,"y":1,"z":1}},{"__type__":"cc.Node","_name":"rect","_parent":{"__id__":25},"_level":4,"_components":[{"__type__":"cc.Sprite","node":{"__id__":26},"_spriteFrame":{"__uuid__":"a2MjXRFdtLlYQ5ouAFv/+R"},"_sizeMode":0}],"_prefab":{"__type__":"cc.PrefabInfo","root":{"__id__":1},"asset":{"__uuid__":"1fiIEkwyZKO5ewgh2p+zJa"},"fileId":"d46z+b+ChA87KFSsclZi+Q"},"_opacity":0,"_contentSize":{"__type__":"cc.Size","width":102,"height":90},"_position":{"__type__":"cc.Vec3","x":0.4,"y":1},"_scale":{"__type__":"cc.Vec3","x":1,"y":1,"z":1},"_rotationX":31,"_rotationY":31,"_quat":{"__type__":"cc.Quat","z":-0.26723837607825685,"w":0.963630453208623},"_skewX":28.5},{"__type__":"cc.Node","_name":"rect_2_2","_parent":{"__id__":4},"_children":[{"__id__":28}],"_level":3,"_components":[{"__type__":"cc.Sprite","node":{"__id__":27},"_spriteFrame":{"__uuid__":"8e3kgaBqVF37w9EKtiTzzl"},"_sizeMode":2}],"_prefab":{"__type__":"cc.PrefabInfo","root":{"__id__":1},"asset":{"__uuid__":"1fiIEkwyZKO5ewgh2p+zJa"},"fileId":"9feJOwMXJCVbBQkcPGWA5e"},"_contentSize":{"__type__":"cc.Size","width":162,"height":105},"_position":{"__type__":"cc.Vec3","x":86,"y":41},"_scale":{"__type__":"cc.Vec3","x":1,"y":1,"z":1}},{"__type__":"cc.Node","_name":"rect","_parent":{"__id__":27},"_level":4,"_components":[{"__type__":"cc.Sprite","node":{"__id__":28},"_spriteFrame":{"__uuid__":"a2MjXRFdtLlYQ5ouAFv/+R"},"_sizeMode":0}],"_prefab":{"__type__":"cc.PrefabInfo","root":{"__id__":1},"asset":{"__uuid__":"1fiIEkwyZKO5ewgh2p+zJa"},"fileId":"ecB4Xsa0FKC7CnC3yKFM/s"},"_opacity":0,"_contentSize":{"__type__":"cc.Size","width":102,"height":90},"_position":{"__type__":"cc.Vec3","x":0.4,"y":1},"_scale":{"__type__":"cc.Vec3","x":1,"y":1,"z":1},"_rotationX":31,"_rotationY":31,"_quat":{"__type__":"cc.Quat","z":-0.26723837607825685,"w":0.963630453208623},"_skewX":28.5},{"__type__":"cc.Node","_name":"rect_2_3","_parent":{"__id__":4},"_children":[{"__id__":30}],"_level":3,"_components":[{"__type__":"cc.Sprite","node":{"__id__":29},"_spriteFrame":{"__uuid__":"8e3kgaBqVF37w9EKtiTzzl"},"_sizeMode":2}],"_prefab":{"__type__":"cc.PrefabInfo","root":{"__id__":1},"asset":{"__uuid__":"1fiIEkwyZKO5ewgh2p+zJa"},"fileId":"18lFl2gt1JFZtjVCsCgFDH"},"_contentSize":{"__type__":"cc.Size","width":162,"height":105},"_position":{"__type__":"cc.Vec3","x":176,"y":-15},"_scale":{"__type__":"cc.Vec3","x":1,"y":1,"z":1}},{"__type__":"cc.Node","_name":"rect","_parent":{"__id__":29},"_level":4,"_components":[{"__type__":"cc.Sprite","node":{"__id__":30},"_spriteFrame":{"__uuid__":"a2MjXRFdtLlYQ5ouAFv/+R"},"_sizeMode":0}],"_prefab":{"__type__":"cc.PrefabInfo","root":{"__id__":1},"asset":{"__uuid__":"1fiIEkwyZKO5ewgh2p+zJa"},"fileId":"e8yYqITLpFZ4/Czvf/kgmO"},"_opacity":0,"_contentSize":{"__type__":"cc.Size","width":102,"height":90},"_position":{"__type__":"cc.Vec3","x":0.4,"y":1},"_scale":{"__type__":"cc.Vec3","x":1,"y":1,"z":1},"_rotationX":31,"_rotationY":31,"_quat":{"__type__":"cc.Quat","z":-0.26723837607825685,"w":0.963630453208623},"_skewX":28.5},{"__type__":"cc.Node","_name":"rect_3_0","_parent":{"__id__":4},"_children":[{"__id__":32}],"_level":3,"_components":[{"__type__":"cc.Sprite","node":{"__id__":31},"_spriteFrame":{"__uuid__":"8e3kgaBqVF37w9EKtiTzzl"},"_sizeMode":2}],"_prefab":{"__type__":"cc.PrefabInfo","root":{"__id__":1},"asset":{"__uuid__":"1fiIEkwyZKO5ewgh2p+zJa"},"fileId":"23aCXO+QtFuJ4fWMHoajRp"},"_contentSize":{"__type__":"cc.Size","width":162,"height":105},"_position":{"__type__":"cc.Vec3","x":-2,"y":208},"_scale":{"__type__":"cc.Vec3","x":1,"y":1,"z":1}},{"__type__":"cc.Node","_name":"rect","_parent":{"__id__":31},"_level":4,"_components":[{"__type__":"cc.Sprite","node":{"__id__":32},"_spriteFrame":{"__uuid__":"a2MjXRFdtLlYQ5ouAFv/+R"},"_sizeMode":0}],"_prefab":{"__type__":"cc.PrefabInfo","root":{"__id__":1},"asset":{"__uuid__":"1fiIEkwyZKO5ewgh2p+zJa"},"fileId":"64jE+pvlhJK48/MvR9zZwF"},"_opacity":0,"_contentSize":{"__type__":"cc.Size","width":102,"height":90},"_position":{"__type__":"cc.Vec3","x":0.4,"y":1},"_scale":{"__type__":"cc.Vec3","x":1,"y":1,"z":1},"_rotationX":31,"_rotationY":31,"_quat":{"__type__":"cc.Quat","z":-0.26723837607825685,"w":0.963630453208623},"_skewX":28.5},{"__type__":"cc.Node","_name":"rect_3_1","_parent":{"__id__":4},"_children":[{"__id__":34}],"_level":3,"_components":[{"__type__":"cc.Sprite","node":{"__id__":33},"_spriteFrame":{"__uuid__":"8e3kgaBqVF37w9EKtiTzzl"},"_sizeMode":2}],"_prefab":{"__type__":"cc.PrefabInfo","root":{"__id__":1},"asset":{"__uuid__":"1fiIEkwyZKO5ewgh2p+zJa"},"fileId":"46e2JUBoRLm5M+jXm0ZKHB"},"_contentSize":{"__type__":"cc.Size","width":162,"height":105},"_position":{"__type__":"cc.Vec3","x":86,"y":153},"_scale":{"__type__":"cc.Vec3","x":1,"y":1,"z":1}},{"__type__":"cc.Node","_name":"rect","_parent":{"__id__":33},"_level":4,"_components":[{"__type__":"cc.Sprite","node":{"__id__":34},"_spriteFrame":{"__uuid__":"a2MjXRFdtLlYQ5ouAFv/+R"},"_sizeMode":0}],"_prefab":{"__type__":"cc.PrefabInfo","root":{"__id__":1},"asset":{"__uuid__":"1fiIEkwyZKO5ewgh2p+zJa"},"fileId":"f46H7l4adF6L61Nc9rqEff"},"_opacity":0,"_contentSize":{"__type__":"cc.Size","width":102,"height":90},"_position":{"__type__":"cc.Vec3","x":0.4,"y":1},"_scale":{"__type__":"cc.Vec3","x":1,"y":1,"z":1},"_rotationX":31,"_rotationY":31,"_quat":{"__type__":"cc.Quat","z":-0.26723837607825685,"w":0.963630453208623},"_skewX":28.5},{"__type__":"cc.Node","_name":"rect_3_2","_parent":{"__id__":4},"_children":[{"__id__":36}],"_level":3,"_components":[{"__type__":"cc.Sprite","node":{"__id__":35},"_spriteFrame":{"__uuid__":"8e3kgaBqVF37w9EKtiTzzl"},"_sizeMode":2}],"_prefab":{"__type__":"cc.PrefabInfo","root":{"__id__":1},"asset":{"__uuid__":"1fiIEkwyZKO5ewgh2p+zJa"},"fileId":"77H60oMIpJ3qAUc+Zd0SbA"},"_contentSize":{"__type__":"cc.Size","width":162,"height":105},"_position":{"__type__":"cc.Vec3","x":175,"y":97},"_scale":{"__type__":"cc.Vec3","x":1,"y":1,"z":1}},{"__type__":"cc.Node","_name":"rect","_parent":{"__id__":35},"_level":4,"_components":[{"__type__":"cc.Sprite","node":{"__id__":36},"_spriteFrame":{"__uuid__":"a2MjXRFdtLlYQ5ouAFv/+R"},"_sizeMode":0}],"_prefab":{"__type__":"cc.PrefabInfo","root":{"__id__":1},"asset":{"__uuid__":"1fiIEkwyZKO5ewgh2p+zJa"},"fileId":"14ZruQDW9DTK6JK9lTVglO"},"_opacity":0,"_contentSize":{"__type__":"cc.Size","width":102,"height":90},"_position":{"__type__":"cc.Vec3","x":0.4,"y":1},"_scale":{"__type__":"cc.Vec3","x":1,"y":1,"z":1},"_rotationX":31,"_rotationY":31,"_quat":{"__type__":"cc.Quat","z":-0.26723837607825685,"w":0.963630453208623},"_skewX":28.5},{"__type__":"cc.Node","_name":"rect_3_3","_parent":{"__id__":4},"_children":[{"__id__":38}],"_level":3,"_components":[{"__type__":"cc.Sprite","node":{"__id__":37},"_spriteFrame":{"__uuid__":"8e3kgaBqVF37w9EKtiTzzl"},"_sizeMode":2}],"_prefab":{"__type__":"cc.PrefabInfo","root":{"__id__":1},"asset":{"__uuid__":"1fiIEkwyZKO5ewgh2p+zJa"},"fileId":"8emaFR01NDh79nQZ5tAwdy"},"_contentSize":{"__type__":"cc.Size","width":162,"height":105},"_position":{"__type__":"cc.Vec3","x":264,"y":42},"_scale":{"__type__":"cc.Vec3","x":1,"y":1,"z":1}},{"__type__":"cc.Node","_name":"rect","_parent":{"__id__":37},"_level":4,"_components":[{"__type__":"cc.Sprite","node":{"__id__":38},"_spriteFrame":{"__uuid__":"a2MjXRFdtLlYQ5ouAFv/+R"},"_sizeMode":0}],"_prefab":{"__type__":"cc.PrefabInfo","root":{"__id__":1},"asset":{"__uuid__":"1fiIEkwyZKO5ewgh2p+zJa"},"fileId":"8dUdKXzfxIt6akx3pZHqdC"},"_opacity":0,"_contentSize":{"__type__":"cc.Size","width":102,"height":90},"_position":{"__type__":"cc.Vec3","x":0.4,"y":1},"_scale":{"__type__":"cc.Vec3","x":1,"y":1,"z":1},"_rotationX":31,"_rotationY":31,"_quat":{"__type__":"cc.Quat","z":-0.26723837607825685,"w":0.963630453208623},"_skewX":28.5},{"__type__":"cc.Node","_name":"pan_top","_parent":{"__id__":1},"_children":[{"__id__":40},{"__id__":41},{"__id__":42},{"__id__":44}],"_level":2,"_components":[{"__type__":"cc.Widget","node":{"__id__":39},"_alignFlags":41,"_top":130}],"_prefab":{"__type__":"cc.PrefabInfo","root":{"__id__":1},"asset":{"__uuid__":"1fiIEkwyZKO5ewgh2p+zJa"},"fileId":"e1ic0dGKlGVb4WhUqJxzCR"},"_contentSize":{"__type__":"cc.Size","width":720,"height":220},"_position":{"__type__":"cc.Vec3","y":400},"_scale":{"__type__":"cc.Vec3","x":1,"y":1,"z":1}},{"__type__":"cc.Node","_name":"btn_play_desc","_parent":{"__id__":39},"_level":3,"_components":[{"__type__":"cc.Sprite","node":{"__id__":40},"_spriteFrame":{"__uuid__":"0f3lPrEUpLJqZN+u/j2PhB"},"_sizeMode":2},{"__type__":"cc.Button","node":{"__id__":40},"transition":3,"pressedColor":{"__type__":"cc.Color","r":255,"g":255,"b":255},"zoomScale":1.05,"_N$normalColor":{"__type__":"cc.Color","r":255,"g":255,"b":255},"_N$disabledColor":{"__type__":"cc.Color","r":255,"g":255,"b":255},"_N$normalSprite":{"__uuid__":"6eMb7z6ENON7Vsy6cPQVi1"},"_N$pressedSprite":{"__uuid__":"e97GVMl6JHh5Ml5qEDdSGa"},"pressedSprite":{"__uuid__":"e97GVMl6JHh5Ml5qEDdSGa"},"_N$hoverSprite":{"__uuid__":"f0BIwQ8D5Ml7nTNQbh1YlS"},"hoverSprite":{"__uuid__":"f0BIwQ8D5Ml7nTNQbh1YlS"},"_N$disabledSprite":{"__uuid__":"29FYIk+N1GYaeWH/q1NxQO"},"_N$target":{"__id__":40}}],"_prefab":{"__type__":"cc.PrefabInfo","root":{"__id__":1},"asset":{"__uuid__":"1fiIEkwyZKO5ewgh2p+zJa"},"fileId":"3dw4s7RsNEhI3z7Q25OgVk"},"_contentSize":{"__type__":"cc.Size","width":89,"height":98},"_position":{"__type__":"cc.Vec3","x":-293,"y":62},"_scale":{"__type__":"cc.Vec3","x":1,"y":1,"z":1}},{"__type__":"cc.Node","_name":"btn_music","_parent":{"__id__":39},"_level":3,"_components":[{"__type__":"cc.Sprite","node":{"__id__":41},"_spriteFrame":{"__uuid__":"dfpY38XEJFzokqlQwBfZ1a"},"_sizeMode":2},{"__type__":"cc.Button","node":{"__id__":41},"transition":3,"pressedColor":{"__type__":"cc.Color","r":255,"g":255,"b":255},"zoomScale":1.05,"_N$normalColor":{"__type__":"cc.Color","r":255,"g":255,"b":255},"_N$disabledColor":{"__type__":"cc.Color","r":255,"g":255,"b":255},"_N$normalSprite":{"__uuid__":"6eMb7z6ENON7Vsy6cPQVi1"},"_N$pressedSprite":{"__uuid__":"e97GVMl6JHh5Ml5qEDdSGa"},"pressedSprite":{"__uuid__":"e97GVMl6JHh5Ml5qEDdSGa"},"_N$hoverSprite":{"__uuid__":"f0BIwQ8D5Ml7nTNQbh1YlS"},"hoverSprite":{"__uuid__":"f0BIwQ8D5Ml7nTNQbh1YlS"},"_N$disabledSprite":{"__uuid__":"29FYIk+N1GYaeWH/q1NxQO"},"_N$target":{"__id__":41}}],"_prefab":{"__type__":"cc.PrefabInfo","root":{"__id__":1},"asset":{"__uuid__":"1fiIEkwyZKO5ewgh2p+zJa"},"fileId":"6cGLPBrz5D3oxGtd+vv4jN"},"_contentSize":{"__type__":"cc.Size","width":85,"height":85},"_position":{"__type__":"cc.Vec3","x":-295,"y":-58},"_scale":{"__type__":"cc.Vec3","x":1,"y":1,"z":1}},{"__type__":"cc.Node","_name":"lb_score","_parent":{"__id__":39},"_level":3,"_components":[{"__id__":43},{"__type__":"cc.Widget","node":{"__id__":42},"_alignFlags":16}],"_prefab":{"__type__":"cc.PrefabInfo","root":{"__id__":1},"asset":{"__uuid__":"1fiIEkwyZKO5ewgh2p+zJa"},"fileId":"de//fW5PJNc5L7Lrqde1Ra"},"_contentSize":{"__type__":"cc.Size","width":70,"height":80},"_position":{"__type__":"cc.Vec3","y":100},"_scale":{"__type__":"cc.Vec3","x":1,"y":1,"z":1}},{"__type__":"cc.Label","node":{"__id__":42},"_useOriginalSize":false,"_string":"0","_N$string":"0","_fontSize":32,"_lineHeight":80,"_N$file":{"__uuid__":"e9AlCmu2dKZJ/NrrQxDU8v"},"_isSystemFontUsed":false,"_N$horizontalAlign":1,"_N$verticalAlign":1},{"__type__":"cc.Node","_name":"lb_history_score","_parent":{"__id__":39},"_level":3,"_components":[{"__id__":45},{"__type__":"cc.Widget","node":{"__id__":44},"_alignFlags":16}],"_prefab":{"__type__":"cc.PrefabInfo","root":{"__id__":1},"asset":{"__uuid__":"1fiIEkwyZKO5ewgh2p+zJa"},"fileId":"58t2i/z6JLA59v3q1Eiq/r"},"_contentSize":{"__type__":"cc.Size","width":276,"height":45},"_position":{"__type__":"cc.Vec3","y":11},"_scale":{"__type__":"cc.Vec3","x":1,"y":1,"z":1}},{"__type__":"cc.Label","node":{"__id__":44},"_useOriginalSize":false,"_string":"历史最高:  1","_N$string":"历史最高:  1","_fontSize":32,"_lineHeight":45,"_N$file":{"__uuid__":"14e/m6gVFLB5J13Cq295LH"},"_isSystemFontUsed":false,"_N$horizontalAlign":1,"_N$verticalAlign":1},{"__type__":"cc.Node","_name":"pan_op","_parent":{"__id__":1},"_children":[{"__id__":47},{"__id__":49},{"__id__":51}],"_level":2,"_components":[{"__type__":"cc.Widget","node":{"__id__":46},"_alignFlags":42,"_left":-3.5,"_right":-3.5,"_bottom":210,"_verticalCenter":-380,"_horizontalCenter":-29}],"_prefab":{"__type__":"cc.PrefabInfo","root":{"__id__":1},"asset":{"__uuid__":"1fiIEkwyZKO5ewgh2p+zJa"},"fileId":"17eck9sUNMMb64aPDiLire"},"_contentSize":{"__type__":"cc.Size","width":727,"height":120},"_position":{"__type__":"cc.Vec3","y":-380},"_scale":{"__type__":"cc.Vec3","x":1,"y":1,"z":1}},{"__type__":"cc.Node","_name":"btn_tool_back","_parent":{"__id__":46},"_children":[{"__id__":48}],"_level":3,"_components":[{"__type__":"cc.Sprite","node":{"__id__":47},"_spriteFrame":{"__uuid__":"18w1qaam9MyKRxcg4dSp2N"},"_sizeMode":2},{"__type__":"cc.Button","node":{"__id__":47},"transition":3,"pressedColor":{"__type__":"cc.Color","r":255,"g":255,"b":255},"zoomScale":1.05,"_N$normalColor":{"__type__":"cc.Color","r":255,"g":255,"b":255},"_N$disabledColor":{"__type__":"cc.Color","r":255,"g":255,"b":255},"_N$normalSprite":{"__uuid__":"6eMb7z6ENON7Vsy6cPQVi1"},"_N$pressedSprite":{"__uuid__":"e97GVMl6JHh5Ml5qEDdSGa"},"pressedSprite":{"__uuid__":"e97GVMl6JHh5Ml5qEDdSGa"},"_N$hoverSprite":{"__uuid__":"f0BIwQ8D5Ml7nTNQbh1YlS"},"hoverSprite":{"__uuid__":"f0BIwQ8D5Ml7nTNQbh1YlS"},"_N$disabledSprite":{"__uuid__":"29FYIk+N1GYaeWH/q1NxQO"},"_N$target":{"__id__":47}}],"_prefab":{"__type__":"cc.PrefabInfo","root":{"__id__":1},"asset":{"__uuid__":"1fiIEkwyZKO5ewgh2p+zJa"},"fileId":"29z5geOuVDU7boBhwgkGYY"},"_contentSize":{"__type__":"cc.Size","width":154,"height":97},"_position":{"__type__":"cc.Vec3","x":-218},"_scale":{"__type__":"cc.Vec3","x":1,"y":1,"z":1}},{"__type__":"cc.Node","_name":"btn_txt","_parent":{"__id__":47},"_level":4,"_components":[{"__type__":"cc.Sprite","node":{"__id__":48},"_spriteFrame":{"__uuid__":"d49hG93ExIQJW1dmKqinIR"},"_sizeMode":2}],"_prefab":{"__type__":"cc.PrefabInfo","root":{"__id__":1},"asset":{"__uuid__":"1fiIEkwyZKO5ewgh2p+zJa"},"fileId":"0aoSqqBfFJKZEVEti0F3iD"},"_contentSize":{"__type__":"cc.Size","width":44,"height":61},"_scale":{"__type__":"cc.Vec3","x":1,"y":1,"z":1}},{"__type__":"cc.Node","_name":"btn_tool_up","_parent":{"__id__":46},"_children":[{"__id__":50}],"_level":4,"_components":[{"__type__":"cc.Sprite","node":{"__id__":49},"_spriteFrame":{"__uuid__":"18w1qaam9MyKRxcg4dSp2N"},"_sizeMode":2},{"__type__":"cc.Button","node":{"__id__":49},"transition":3,"pressedColor":{"__type__":"cc.Color","r":255,"g":255,"b":255},"zoomScale":1.05,"_N$normalColor":{"__type__":"cc.Color","r":255,"g":255,"b":255},"_N$disabledColor":{"__type__":"cc.Color","r":255,"g":255,"b":255},"_N$normalSprite":{"__uuid__":"6eMb7z6ENON7Vsy6cPQVi1"},"_N$pressedSprite":{"__uuid__":"e97GVMl6JHh5Ml5qEDdSGa"},"pressedSprite":{"__uuid__":"e97GVMl6JHh5Ml5qEDdSGa"},"_N$hoverSprite":{"__uuid__":"f0BIwQ8D5Ml7nTNQbh1YlS"},"hoverSprite":{"__uuid__":"f0BIwQ8D5Ml7nTNQbh1YlS"},"_N$disabledSprite":{"__uuid__":"29FYIk+N1GYaeWH/q1NxQO"},"_N$target":{"__id__":49}}],"_prefab":{"__type__":"cc.PrefabInfo","root":{"__id__":1},"asset":{"__uuid__":"1fiIEkwyZKO5ewgh2p+zJa"},"fileId":"94sh5a46ZJjZE4aZc03e45"},"_contentSize":{"__type__":"cc.Size","width":154,"height":97},"_scale":{"__type__":"cc.Vec3","x":1,"y":1,"z":1}},{"__type__":"cc.Node","_name":"btn_txt","_parent":{"__id__":49},"_level":4,"_components":[{"__type__":"cc.Sprite","node":{"__id__":50},"_spriteFrame":{"__uuid__":"edWm4qf89FBYfWe0FDAOJ0"},"_sizeMode":2}],"_prefab":{"__type__":"cc.PrefabInfo","root":{"__id__":1},"asset":{"__uuid__":"1fiIEkwyZKO5ewgh2p+zJa"},"fileId":"02tYGbw+dHWY4htyhhxnbk"},"_contentSize":{"__type__":"cc.Size","width":44,"height":61},"_scale":{"__type__":"cc.Vec3","x":1,"y":1,"z":1}},{"__type__":"cc.Node","_name":"btn_tool_clear","_parent":{"__id__":46},"_children":[{"__id__":52}],"_level":4,"_components":[{"__type__":"cc.Sprite","node":{"__id__":51},"_spriteFrame":{"__uuid__":"18w1qaam9MyKRxcg4dSp2N"},"_sizeMode":2},{"__type__":"cc.Button","node":{"__id__":51},"transition":3,"pressedColor":{"__type__":"cc.Color","r":255,"g":255,"b":255},"zoomScale":1.05,"_N$normalColor":{"__type__":"cc.Color","r":255,"g":255,"b":255},"_N$disabledColor":{"__type__":"cc.Color","r":255,"g":255,"b":255},"_N$pressedSprite":{"__uuid__":"e97GVMl6JHh5Ml5qEDdSGa"},"pressedSprite":{"__uuid__":"e97GVMl6JHh5Ml5qEDdSGa"},"_N$hoverSprite":{"__uuid__":"f0BIwQ8D5Ml7nTNQbh1YlS"},"hoverSprite":{"__uuid__":"f0BIwQ8D5Ml7nTNQbh1YlS"},"_N$disabledSprite":{"__uuid__":"29FYIk+N1GYaeWH/q1NxQO"},"_N$target":{"__id__":51}}],"_prefab":{"__type__":"cc.PrefabInfo","root":{"__id__":1},"asset":{"__uuid__":"1fiIEkwyZKO5ewgh2p+zJa"},"fileId":"e64BvMWj9Es5uaNu0QKE7r"},"_contentSize":{"__type__":"cc.Size","width":154,"height":97},"_position":{"__type__":"cc.Vec3","x":218},"_scale":{"__type__":"cc.Vec3","x":1,"y":1,"z":1}},{"__type__":"cc.Node","_name":"btn_txt","_parent":{"__id__":51},"_level":4,"_components":[{"__type__":"cc.Sprite","node":{"__id__":52},"_spriteFrame":{"__uuid__":"d56kWr6utPT7wCpVn65DSa"},"_sizeMode":2}],"_prefab":{"__type__":"cc.PrefabInfo","root":{"__id__":1},"asset":{"__uuid__":"1fiIEkwyZKO5ewgh2p+zJa"},"fileId":"db+ZpvVmBDBoBBiRrp6kv8"},"_contentSize":{"__type__":"cc.Size","width":45,"height":60},"_scale":{"__type__":"cc.Vec3","x":1,"y":1,"z":1}},{"__type__":"cc.Node","_name":"bg_mask","_parent":{"__id__":1},"_children":[{"__id__":54}],"_active":false,"_level":2,"_components":[{"__type__":"cc.Sprite","node":{"__id__":53},"_spriteFrame":{"__uuid__":"a2MjXRFdtLlYQ5ouAFv/+R"},"_sizeMode":0},{"__type__":"cc.Widget","node":{"__id__":53},"_alignFlags":45,"_originalWidth":100,"_originalHeight":100}],"_prefab":{"__type__":"cc.PrefabInfo","root":{"__id__":1},"asset":{"__uuid__":"1fiIEkwyZKO5ewgh2p+zJa"},"fileId":"343RaTG7dJyagYAmp4jsGi"},"_opacity":200,"_color":{"__type__":"cc.Color"},"_contentSize":{"__type__":"cc.Size","width":720,"height":1280},"_scale":{"__type__":"cc.Vec3","x":1,"y":1,"z":1}},{"__type__":"cc.Node","_name":"btn_close","_parent":{"__id__":53},"_level":3,"_components":[{"__type__":"cc.Sprite","node":{"__id__":54},"_spriteFrame":{"__uuid__":"39QDMhl01CvZ8hVu7sZ8Td"},"_sizeMode":2},{"__type__":"cc.Button","node":{"__id__":54},"transition":3,"pressedColor":{"__type__":"cc.Color","r":255,"g":255,"b":255},"zoomScale":1.05,"_N$normalColor":{"__type__":"cc.Color","r":255,"g":255,"b":255},"_N$disabledColor":{"__type__":"cc.Color","r":255,"g":255,"b":255},"_N$normalSprite":{"__uuid__":"f0BIwQ8D5Ml7nTNQbh1YlS"},"_N$pressedSprite":{"__uuid__":"e97GVMl6JHh5Ml5qEDdSGa"},"pressedSprite":{"__uuid__":"e97GVMl6JHh5Ml5qEDdSGa"},"_N$hoverSprite":{"__uuid__":"f0BIwQ8D5Ml7nTNQbh1YlS"},"hoverSprite":{"__uuid__":"f0BIwQ8D5Ml7nTNQbh1YlS"},"_N$disabledSprite":{"__uuid__":"29FYIk+N1GYaeWH/q1NxQO"},"_N$target":{"__id__":54}},{"__type__":"cc.Widget","node":{"__id__":54},"_alignFlags":18,"_verticalCenter":-300,"_originalWidth":71}],"_prefab":{"__type__":"cc.PrefabInfo","root":{"__id__":1},"asset":{"__uuid__":"1fiIEkwyZKO5ewgh2p+zJa"},"fileId":"0bILyQeHNNrIvdrOcnuqN/"},"_contentSize":{"__type__":"cc.Size","width":71,"height":70},"_position":{"__type__":"cc.Vec3","y":-300},"_scale":{"__type__":"cc.Vec3","x":1,"y":1,"z":1}},{"__type__":"cc.Node","_name":"txt_tip","_parent":{"__id__":1},"_level":2,"_components":[{"__type__":"cc.Label","node":{"__id__":55},"_srcBlendFactor":1,"_useOriginalSize":false,"_fontSize":36,"_lineHeight":36,"_N$horizontalAlign":1,"_N$verticalAlign":1},{"__type__":"cc.Widget","node":{"__id__":55},"_alignFlags":18,"_verticalCenter":-374}],"_prefab":{"__type__":"cc.PrefabInfo","root":{"__id__":1},"asset":{"__uuid__":"1fiIEkwyZKO5ewgh2p+zJa"},"fileId":"235mSUHL5FRYrLmw+NzeuC"},"_contentSize":{"__type__":"cc.Size","height":36},"_position":{"__type__":"cc.Vec3","y":-374},"_scale":{"__type__":"cc.Vec3","x":1,"y":1,"z":1}},{"__type__":"cc.Node","_name":"lb_score_stencil","_parent":{"__id__":1},"_level":2,"_components":[{"__type__":"cc.Label","node":{"__id__":56},"_srcBlendFactor":1,"_useOriginalSize":false,"_string":"+9999","_N$string":"+9999","_fontSize":36,"_lineHeight":25,"_N$horizontalAlign":1,"_N$verticalAlign":1,"_N$overflow":2},{"__type__":"cc.LabelOutline","node":{"__id__":56}}],"_prefab":{"__type__":"cc.PrefabInfo","root":{"__id__":1},"asset":{"__uuid__":"1fiIEkwyZKO5ewgh2p+zJa"},"fileId":"87jXmO2n1PSKtERGtcFVWM"},"_color":{"__type__":"cc.Color","r":255},"_contentSize":{"__type__":"cc.Size","width":140,"height":40},"_position":{"__type__":"cc.Vec3","x":642,"y":111},"_scale":{"__type__":"cc.Vec3","x":1,"y":1,"z":1}},{"__type__":"cc.Node","_name":"anim_boom_node","_parent":{"__id__":1},"_level":2,"_components":[{"__type__":"cc.Animation","node":{"__id__":57},"_defaultClip":{"__uuid__":"db8e3bIdhFnI63o851yaTP"},"_clips":[{"__uuid__":"db8e3bIdhFnI63o851yaTP"}]},{"__type__":"cc.Sprite","node":{"__id__":57},"_spriteFrame":{"__uuid__":"0czpOp9CxNaYBueyTHKYrL"}}],"_prefab":{"__type__":"cc.PrefabInfo","root":{"__id__":1},"asset":{"__uuid__":"1fiIEkwyZKO5ewgh2p+zJa"},"fileId":"daEGUMtDBIy6MeJTAi4r7R"},"_contentSize":{"__type__":"cc.Size","width":205,"height":182},"_position":{"__type__":"cc.Vec3","x":646,"y":253},"_scale":{"__type__":"cc.Vec3","x":1,"y":1,"z":1}},{"__type__":"cc.Node","_name":"role_stencil","_parent":{"__id__":1},"_children":[{"__id__":59}],"_level":2,"_components":[{"__type__":"cc.Sprite","node":{"__id__":58},"_spriteFrame":{"__uuid__":"dbYWiraR5GgZ9Ea4wI3n2B"},"_sizeMode":2,"_isTrimmedMode":false}],"_prefab":{"__type__":"cc.PrefabInfo","root":{"__id__":1},"asset":{"__uuid__":"1fiIEkwyZKO5ewgh2p+zJa"},"fileId":"a8Thm+v3pEr7ZkTH0LQxCL"},"_contentSize":{"__type__":"cc.Size","width":85,"height":119},"_anchorPoint":{"__type__":"cc.Vec2","x":0.4,"y":0.1},"_position":{"__type__":"cc.Vec3","x":647,"y":-24},"_scale":{"__type__":"cc.Vec3","x":1,"y":1,"z":1}},{"__type__":"cc.Node","_name":"role_mask","_parent":{"__id__":58},"_active":false,"_level":3,"_components":[{"__type__":"cc.Sprite","node":{"__id__":59},"_spriteFrame":{"__uuid__":"a2MjXRFdtLlYQ5ouAFv/+R"},"_sizeMode":0}],"_prefab":{"__type__":"cc.PrefabInfo","root":{"__id__":1},"asset":{"__uuid__":"1fiIEkwyZKO5ewgh2p+zJa"},"fileId":"264I6Dm7xOs5ASkrdhJWwB"},"_opacity":170,"_color":{"__type__":"cc.Color"},"_contentSize":{"__type__":"cc.Size","width":121,"height":169},"_position":{"__type__":"cc.Vec3","x":14,"y":67},"_scale":{"__type__":"cc.Vec3","x":1,"y":1,"z":1}},{"__type__":"cc.Node","_name":"particle_node","_parent":{"__id__":1},"_level":2,"_components":[{"__type__":"cc.ParticleSystem","node":{"__id__":60},"_srcBlendFactor":1,"_file":{"__uuid__":"1fS9zq301LPoKqJc8htMeY"},"playOnLoad":false,"totalParticles":81,"duration":0.12,"emissionRate":null,"life":0,"lifeVar":1.3,"_startColor":{"__type__":"cc.Color","r":255,"g":255,"b":255},"_startColorVar":{"__type__":"cc.Color","a":0},"_endColor":{"__type__":"cc.Color","r":255,"g":255,"b":255},"_endColorVar":{"__type__":"cc.Color","a":0},"angle":0,"angleVar":360,"startSize":29,"startSizeVar":74,"startSpin":168,"startSpinVar":585,"gravity":{"__type__":"cc.Vec2","y":-651},"speed":413.44,"speedVar":226.61,"tangentialAccel":0}],"_prefab":{"__type__":"cc.PrefabInfo","root":{"__id__":1},"asset":{"__uuid__":"1fiIEkwyZKO5ewgh2p+zJa"},"fileId":"34KKIRXmlOSb7t9Ve9qci0"},"_position":{"__type__":"cc.Vec3","x":638,"y":-95},"_scale":{"__type__":"cc.Vec3","x":0.2,"y":0.2,"z":1}}],{"__type__":"cc.SpriteFrame","content":{"name":"default_btn_disabled","texture":"71VhFCTINJM6/Ky3oX9nBT","rect":[0,0,40,40],"offset":[0,0],"originalSize":[40,40],"capInsets":[12,12,12,12]}},{"__type__":"cc.SpriteFrame","content":{"name":"game_bg_0","texture":"02OcsPiCJNuqeCKPEeKFMY","rect":[0,0,720,1280],"offset":[0,0],"originalSize":[720,1280]}},{"__type__":"cc.SpriteFrame","content":{"name":"default_btn_pressed","texture":"b4P/PCArtIdIH38t6mlw8Y","rect":[0,0,40,40],"offset":[0,0],"originalSize":[40,40],"capInsets":[12,12,12,12]}},{"__type__":"cc.SpriteFrame","content":{"name":"default_btn_normal","texture":"e8Ueib+qJEhL6mXAHdnwbi","rect":[0,0,40,40],"offset":[0,0],"originalSize":[40,40],"capInsets":[12,12,12,12]}}]