[{"__type__":"cc.SpriteFrame","content":{"name":"fnt_4","texture":"857cotGVFHbomdf0ZjzlME","rect":[0,0,91,252],"offset":[-18.5,2],"originalSize":[128,256]}},{"__type__":"cc.BitmapFont","_name":"fnt_4","spriteFrame":{"__uuid__":"7ciy/vlqdKAL05Mkg5ADMp"},"fontSize":32,"_fntConfig":{"commonHeight":45,"fontSize":32,"atlasName":"fnt_4.png","fontDefDictionary":{"9":{"rect":{"x":0,"y":0,"width":0,"height":0},"xOffset":0,"yOffset":0,"xAdvance":80},"32":{"rect":{"x":0,"y":0,"width":0,"height":0},"xOffset":0,"yOffset":0,"xAdvance":10},"48":{"rect":{"x":28,"y":186,"width":26,"height":37},"xOffset":0,"yOffset":8,"xAdvance":28},"49":{"rect":{"x":68,"y":38,"width":15,"height":37},"xOffset":0,"yOffset":8,"xAdvance":17},"50":{"rect":{"x":67,"y":132,"width":24,"height":37},"xOffset":0,"yOffset":8,"xAdvance":26},"51":{"rect":{"x":43,"y":38,"width":24,"height":37},"xOffset":0,"yOffset":8,"xAdvance":26},"52":{"rect":{"x":0,"y":186,"width":27,"height":37},"xOffset":0,"yOffset":8,"xAdvance":29},"53":{"rect":{"x":55,"y":177,"width":24,"height":37},"xOffset":0,"yOffset":8,"xAdvance":26},"54":{"rect":{"x":55,"y":215,"width":24,"height":37},"xOffset":0,"yOffset":8,"xAdvance":26},"55":{"rect":{"x":42,"y":94,"width":25,"height":37},"xOffset":0,"yOffset":8,"xAdvance":27},"56":{"rect":{"x":41,"y":139,"width":25,"height":37},"xOffset":0,"yOffset":8,"xAdvance":27},"57":{"rect":{"x":43,"y":0,"width":25,"height":37},"xOffset":0,"yOffset":8,"xAdvance":27},"20998":{"rect":{"x":0,"y":47,"width":42,"height":46},"xOffset":0,"yOffset":4,"xAdvance":44},"24471":{"rect":{"x":0,"y":0,"width":42,"height":46},"xOffset":0,"yOffset":4,"xAdvance":44},"26368":{"rect":{"x":0,"y":94,"width":41,"height":44},"xOffset":0,"yOffset":5,"xAdvance":43},"39640":{"rect":{"x":0,"y":139,"width":40,"height":46},"xOffset":0,"yOffset":4,"xAdvance":42},"65306":{"rect":{"x":0,"y":224,"width":11,"height":27},"xOffset":0,"yOffset":18,"xAdvance":13}},"kerningDict":{}}}]