[{"__type__":"cc.SpriteFrame","content":{"name":"use_btn","texture":"477h4+S1RGLKY5EVqPgsMF","rect":[2,2,240,85],"offset":[0,0],"originalSize":[240,85]}},{"__type__":"cc.SpriteFrame","content":{"name":"txt_1","texture":"477h4+S1RGLKY5EVqPgsMF","rect":[244,2,452,53],"offset":[0,0],"originalSize":[452,53]}},{"__type__":"cc.SpriteFrame","content":{"name":"num_kuang","texture":"477h4+S1RGLKY5EVqPgsMF","rect":[698,36,50,50],"offset":[0,0],"originalSize":[50,50]}},{"__type__":"cc.SpriteFrame","content":{"name":"txt","texture":"477h4+S1RGLKY5EVqPgsMF","rect":[698,2,191,32],"offset":[0,0],"originalSize":[191,32]}},{"__type__":"cc.SpriteFrame","content":{"name":"txt_3","texture":"477h4+S1RGLKY5EVqPgsMF","rect":[244,57,358,31],"offset":[0,0],"originalSize":[358,31]}},{"__type__":"cc.SpriteAtlas","_name":"rescue_dialog.plist","_spriteFrames":{"num_kuang":{"__uuid__":"6dzDr9CRhLW4Rigf2guCFF"},"txt":{"__uuid__":"77paOTZQ9BrYl/51K0t8p8"},"txt_1":{"__uuid__":"64jteOhyFMXZXjhJHKOp/z"},"txt_3":{"__uuid__":"95mVsDG79Kz6DdaTZW2Ch5"},"use_btn":{"__uuid__":"59C3ipWqdEdILZKzcHYlBq"}}}]