[{"__type__":"cc.SpriteAtlas","_name":"lobby.plist","_spriteFrames":{"light":{"__uuid__":"4cWGNAyVVAabLaJkFGmj4f"},"lobby_bg":{"__uuid__":"38Z+RX/LlDp5jk/wpA3IhQ"},"lobby_title":{"__uuid__":"90x8B/0xBJvL6JnOjheHbY"},"start_bg":{"__uuid__":"faPH4aRWFHurpFALkZDcFd"}}},{"__type__":"cc.SpriteFrame","content":{"name":"lobby_bg","texture":"a5ubzL32JBGZa4HvrRP+ef","rect":[2,2,720,1280],"offset":[0,0],"originalSize":[720,1280],"rotated":1}},{"__type__":"cc.SpriteFrame","content":{"name":"light","texture":"a5ubzL32JBGZa4HvrRP+ef","rect":[1470,279,87,97],"offset":[0,0],"originalSize":[87,97]}},{"__type__":"cc.SpriteFrame","content":{"name":"lobby_title","texture":"a5ubzL32JBGZa4HvrRP+ef","rect":[1284,2,665,184],"offset":[0,0],"originalSize":[665,184],"rotated":1}},{"__type__":"cc.SpriteFrame","content":{"name":"start_bg","texture":"a5ubzL32JBGZa4HvrRP+ef","rect":[1470,2,275,97],"offset":[0,0],"originalSize":[275,97],"rotated":1}}]