[{"__type__":"cc.SpriteFrame","content":{"name":"fx_clear_clip_1","texture":"d8p+aP1I9L+4l33Fyld1gL","rect":[2,166,187,184],"offset":[13,5],"originalSize":[213,194]}},{"__type__":"cc.SpriteFrame","content":{"name":"fx_clear_clip_2","texture":"d8p+aP1I9L+4l33Fyld1gL","rect":[2,2,195,162],"offset":[-3,4],"originalSize":[213,194]}},{"__type__":"cc.SpriteFrame","content":{"name":"fx_clear_clip_4","texture":"d8p+aP1I9L+4l33Fyld1gL","rect":[2,721,173,152],"offset":[3,3],"originalSize":[213,194]}},{"__type__":"cc.SpriteFrame","content":{"name":"fx_clear_clip_0","texture":"d8p+aP1I9L+4l33Fyld1gL","rect":[2,352,205,182],"offset":[-4,-6],"originalSize":[213,194],"rotated":1}},{"__type__":"cc.SpriteFrame","content":{"name":"fx_clear_clip_5","texture":"d8p+aP1I9L+4l33Fyld1gL","rect":[2,875,123,136],"offset":[-15,1],"originalSize":[213,194],"rotated":1}},{"__type__":"cc.SpriteFrame","content":{"name":"fx_clear_clip_3","texture":"d8p+aP1I9L+4l33Fyld1gL","rect":[2,559,177,160],"offset":[-2,3],"originalSize":[213,194]}}]