[{"__type__":"cc.SpriteFrame","content":{"name":"btn_game_play_desc","texture":"58Dd3NXClAYrTQzmxqJMdo","rect":[804,158,89,98],"offset":[0,0],"originalSize":[89,98]}},{"__type__":"cc.SpriteFrame","content":{"name":"btn_game_bg","texture":"58Dd3NXClAYrTQzmxqJMdo","rect":[804,2,154,97],"offset":[0,0],"originalSize":[154,97],"rotated":1}},{"__type__":"cc.SpriteFrame","content":{"name":"btn_game_music_off","texture":"58Dd3NXClAYrTQzmxqJMdo","rect":[784,437,85,85],"offset":[0,0],"originalSize":[85,85]}},{"__type__":"cc.SpriteFrame","content":{"name":"btn_game_return","texture":"58Dd3NXClAYrTQzmxqJMdo","rect":[804,258,65,65],"offset":[0,0],"originalSize":[65,65]}},{"__type__":"cc.SpriteFrame","content":{"name":"role_seat_2","texture":"58Dd3NXClAYrTQzmxqJMdo","rect":[697,2,162,105],"offset":[0,0],"originalSize":[162,105],"rotated":1}},{"__type__":"cc.SpriteFrame","content":{"name":"role_seat_0","texture":"58Dd3NXClAYrTQzmxqJMdo","rect":[697,330,162,105],"offset":[0,0],"originalSize":[162,105]}},{"__type__":"cc.SpriteFrame","content":{"name":"role_seat_1","texture":"58Dd3NXClAYrTQzmxqJMdo","rect":[697,166,162,105],"offset":[0,0],"originalSize":[162,105],"rotated":1}},{"__type__":"cc.SpriteAtlas","_name":"game_base.plist","_spriteFrames":{"btn_game_bg":{"__uuid__":"18w1qaam9MyKRxcg4dSp2N"},"btn_game_music_off":{"__uuid__":"65M90ySrlMIqjT6kExYwjY"},"btn_game_music_on":{"__uuid__":"dfpY38XEJFzokqlQwBfZ1a"},"btn_game_play_desc":{"__uuid__":"0f3lPrEUpLJqZN+u/j2PhB"},"btn_game_return":{"__uuid__":"6eMb7z6ENON7Vsy6cPQVi1"},"btn_game_txt_1":{"__uuid__":"d49hG93ExIQJW1dmKqinIR"},"btn_game_txt_2":{"__uuid__":"edWm4qf89FBYfWe0FDAOJ0"},"btn_game_txt_3":{"__uuid__":"d56kWr6utPT7wCpVn65DSa"},"game_op_bg":{"__uuid__":"d80ub0E3FIsaMJf2pN+JJ0"},"role_seat_0":{"__uuid__":"8e3kgaBqVF37w9EKtiTzzl"},"role_seat_1":{"__uuid__":"90I4SyS7ZIM4D7e+3xeKVC"},"role_seat_2":{"__uuid__":"79+XlGkmJMvosfVbRiCzPa"}}},{"__type__":"cc.SpriteFrame","content":{"name":"btn_game_txt_1","texture":"58Dd3NXClAYrTQzmxqJMdo","rect":[871,258,44,61],"offset":[0,0],"originalSize":[44,61]}},{"__type__":"cc.SpriteFrame","content":{"name":"btn_game_txt_3","texture":"58Dd3NXClAYrTQzmxqJMdo","rect":[871,388,45,60],"offset":[0,0],"originalSize":[45,60]}},{"__type__":"cc.SpriteFrame","content":{"name":"game_op_bg","texture":"58Dd3NXClAYrTQzmxqJMdo","rect":[2,2,693,520],"offset":[0,0],"originalSize":[693,520]}},{"__type__":"cc.SpriteFrame","content":{"name":"btn_game_music_on","texture":"58Dd3NXClAYrTQzmxqJMdo","rect":[697,437,85,85],"offset":[0,0],"originalSize":[85,85]}},{"__type__":"cc.SpriteFrame","content":{"name":"btn_game_txt_2","texture":"58Dd3NXClAYrTQzmxqJMdo","rect":[861,325,44,61],"offset":[0,0],"originalSize":[44,61]}}]