[{"__type__":"cc.SpriteFrame","content":{"name":"roleb_3","texture":"dcjb/qOKBP2p/EbzJ7XwJm","rect":[344,2,191,336],"offset":[2,-4],"originalSize":[277,386],"rotated":1}},{"__type__":"cc.SpriteFrame","content":{"name":"roleb_2","texture":"dcjb/qOKBP2p/EbzJ7XwJm","rect":[366,195,245,346],"offset":[-1,0],"originalSize":[277,386],"rotated":1}},{"__type__":"cc.SpriteAtlas","_name":"roleb1_map.plist","_spriteFrames":{"roleb_1":{"__uuid__":"b3ZYtlVs1CJLj0SY67GyAI"},"roleb_2":{"__uuid__":"2cqaGmIdRG+4oD223e1Ro9"},"roleb_3":{"__uuid__":"05c7Pt2vZJT7wqqdAqGQ3e"},"roleb_4":{"__uuid__":"9dpGjtHuVMRrr+omY8QG/l"}}},{"__type__":"cc.SpriteFrame","content":{"name":"roleb_4","texture":"dcjb/qOKBP2p/EbzJ7XwJm","rect":[2,2,185,340],"offset":[2,-4],"originalSize":[277,386],"rotated":1}},{"__type__":"cc.SpriteFrame","content":{"name":"roleb_1","texture":"dcjb/qOKBP2p/EbzJ7XwJm","rect":[2,195,211,362],"offset":[-1,0],"originalSize":[277,386],"rotated":1}}]