[{"__type__":"cc.Prefab","_name":"PlayDescDialog","data":{"__id__":1}},{"__type__":"cc.Node","_name":"play_desc_dialog","_children":[{"__id__":2},{"__id__":3}],"_level":1,"_components":[{"__type__":"cc.Widget","node":{"__id__":1},"_alignFlags":45,"_originalWidth":750,"_originalHeight":1334},{"__type__":"125347WNQJK9brQoFBKBJsF","node":{"__id__":1},"args":{},"pan_mask":{"__id__":2},"btn_close":{"__id__":17},"btn_left":{"__id__":12},"btn_right":{"__id__":13},"page_view":{"__id__":14}}],"_prefab":{"__type__":"cc.PrefabInfo","root":{"__id__":1},"asset":{"__uuid__":"f5ewQIaf5ER4xMQTelQhnr"},"fileId":"e5UKqe25tHw4lDjLotWmwl"},"_contentSize":{"__type__":"cc.Size","width":720,"height":1280},"_position":{"__type__":"cc.Vec3","x":360,"y":640},"_scale":{"__type__":"cc.Vec3","x":1,"y":1,"z":1}},{"__type__":"cc.Node","_name":"pan_mask","_parent":{"__id__":1},"_level":2,"_components":[{"__type__":"cc.Sprite","node":{"__id__":2},"_spriteFrame":{"__uuid__":"a2MjXRFdtLlYQ5ouAFv/+R"},"_sizeMode":0},{"__type__":"cc.Widget","node":{"__id__":2},"_target":{"__id__":1},"_alignFlags":45,"_originalWidth":720,"_originalHeight":1280}],"_prefab":{"__type__":"cc.PrefabInfo","root":{"__id__":1},"asset":{"__uuid__":"f5ewQIaf5ER4xMQTelQhnr"},"fileId":"cc5b6TK3hP7YScZFPMK4sH"},"_opacity":200,"_color":{"__type__":"cc.Color"},"_contentSize":{"__type__":"cc.Size","width":720,"height":1280},"_scale":{"__type__":"cc.Vec3","x":1,"y":1,"z":1}},{"__type__":"cc.Node","_name":"pan_content","_parent":{"__id__":1},"_children":[{"__id__":4},{"__id__":15},{"__id__":16},{"__id__":17}],"_level":2,"_components":[{"__type__":"cc.Widget","node":{"__id__":3},"_alignFlags":18}],"_prefab":{"__type__":"cc.PrefabInfo","root":{"__id__":1},"asset":{"__uuid__":"f5ewQIaf5ER4xMQTelQhnr"},"fileId":"f2TBg9ROJFf6tx1bqJEurt"},"_contentSize":{"__type__":"cc.Size","width":541,"height":675},"_scale":{"__type__":"cc.Vec3","x":1,"y":1,"z":1}},{"__type__":"cc.Node","_name":"page_view","_parent":{"__id__":3},"_children":[{"__id__":5},{"__id__":12},{"__id__":13}],"_level":3,"_components":[{"__id__":14}],"_prefab":{"__type__":"cc.PrefabInfo","root":{"__id__":1},"asset":{"__uuid__":"f5ewQIaf5ER4xMQTelQhnr"},"fileId":"7c4z7OTNhLdIBsag66tWkL"},"_contentSize":{"__type__":"cc.Size","width":540,"height":675},"_scale":{"__type__":"cc.Vec3","x":1,"y":1,"z":1}},{"__type__":"cc.Node","_name":"view","_parent":{"__id__":4},"_children":[{"__id__":6}],"_components":[{"__type__":"cc.Mask","node":{"__id__":5}},{"__type__":"cc.Widget","node":{"__id__":5},"_alignFlags":45,"_originalWidth":720,"_originalHeight":350}],"_prefab":{"__type__":"cc.PrefabInfo","root":{"__id__":1},"asset":{"__uuid__":"f5ewQIaf5ER4xMQTelQhnr"},"fileId":"a7ePEGcBhNlLUWnGb3qd67"},"_contentSize":{"__type__":"cc.Size","width":540,"height":675},"_scale":{"__type__":"cc.Vec3","x":1,"y":1,"z":1}},{"__type__":"cc.Node","_name":"content","_parent":{"__id__":5},"_children":[{"__id__":7},{"__id__":8},{"__id__":11}],"_components":[{"__type__":"cc.Layout","node":{"__id__":6},"_layoutSize":{"__type__":"cc.Size","width":1623,"height":675},"_resize":1,"_N$layoutType":1,"_N$spacingY":15},{"__type__":"cc.Widget","node":{"__id__":6},"_alignFlags":13,"_originalHeight":1280}],"_prefab":{"__type__":"cc.PrefabInfo","root":{"__id__":1},"asset":{"__uuid__":"f5ewQIaf5ER4xMQTelQhnr"},"fileId":"070RY23WtJzJZmzPeoO6ft"},"_contentSize":{"__type__":"cc.Size","width":1623,"height":675},"_anchorPoint":{"__type__":"cc.Vec2","y":0.5},"_position":{"__type__":"cc.Vec3","x":-270},"_scale":{"__type__":"cc.Vec3","x":1,"y":1,"z":1}},{"__type__":"cc.Node","_name":"page_1","_parent":{"__id__":6},"_level":1,"_components":[{"__type__":"cc.Sprite","node":{"__id__":7},"_spriteFrame":{"__uuid__":"0fCU/kyzRDLI8d9Ud0w/8o"}}],"_prefab":{"__type__":"cc.PrefabInfo","root":{"__id__":1},"asset":{"__uuid__":"f5ewQIaf5ER4xMQTelQhnr"},"fileId":"b1WLZXH2ZK/oZGH0G7unyw"},"_contentSize":{"__type__":"cc.Size","width":541,"height":672},"_position":{"__type__":"cc.Vec3","x":270.5},"_scale":{"__type__":"cc.Vec3","x":1,"y":1,"z":1}},{"__type__":"cc.Node","_name":"page_2","_parent":{"__id__":6},"_children":[{"__id__":9},{"__id__":10}],"_level":1,"_components":[{"__type__":"cc.Sprite","node":{"__id__":8},"_spriteFrame":{"__uuid__":"d3NoXrRv1CkbVPmRSDD8Mb"}}],"_prefab":{"__type__":"cc.PrefabInfo","root":{"__id__":1},"asset":{"__uuid__":"f5ewQIaf5ER4xMQTelQhnr"},"fileId":"b6U+NkWL5O+qand+dmIjBc"},"_contentSize":{"__type__":"cc.Size","width":541,"height":672},"_position":{"__type__":"cc.Vec3","x":811.5},"_scale":{"__type__":"cc.Vec3","x":1,"y":1,"z":1}},{"__type__":"cc.Node","_name":"img_desc_1","_parent":{"__id__":8},"_level":2,"_components":[{"__type__":"cc.Sprite","node":{"__id__":9},"_spriteFrame":{"__uuid__":"75lcZnfyVOjqc22rjSeTH4"}}],"_prefab":{"__type__":"cc.PrefabInfo","root":{"__id__":1},"asset":{"__uuid__":"f5ewQIaf5ER4xMQTelQhnr"},"fileId":"e3MkXSMlhK6ZhYp6UvuLr5"},"_contentSize":{"__type__":"cc.Size","width":70,"height":106},"_position":{"__type__":"cc.Vec3","x":-232,"y":90},"_scale":{"__type__":"cc.Vec3","x":1,"y":1,"z":1}},{"__type__":"cc.Node","_name":"img_desc_2","_parent":{"__id__":8},"_level":2,"_components":[{"__type__":"cc.Sprite","node":{"__id__":10},"_spriteFrame":{"__uuid__":"db7Dt02ctPQ7XMRajn9pFu"}}],"_prefab":{"__type__":"cc.PrefabInfo","root":{"__id__":1},"asset":{"__uuid__":"f5ewQIaf5ER4xMQTelQhnr"},"fileId":"88iDYbe55IqZLMA9rNZiNW"},"_contentSize":{"__type__":"cc.Size","width":37,"height":258},"_position":{"__type__":"cc.Vec3","x":-235,"y":-80},"_scale":{"__type__":"cc.Vec3","x":1,"y":1,"z":1}},{"__type__":"cc.Node","_name":"page_3","_parent":{"__id__":6},"_level":1,"_components":[{"__type__":"cc.Sprite","node":{"__id__":11},"_spriteFrame":{"__uuid__":"49fQqr+HxIeYayctiRJI/N"}}],"_prefab":{"__type__":"cc.PrefabInfo","root":{"__id__":1},"asset":{"__uuid__":"f5ewQIaf5ER4xMQTelQhnr"},"fileId":"b5oJh4ZEpNEImmJr2QRgH8"},"_contentSize":{"__type__":"cc.Size","width":541,"height":672},"_position":{"__type__":"cc.Vec3","x":1352.5},"_scale":{"__type__":"cc.Vec3","x":1,"y":1,"z":1}},{"__type__":"cc.Node","_name":"btn_left","_parent":{"__id__":4},"_level":3,"_components":[{"__type__":"cc.Sprite","node":{"__id__":12},"_spriteFrame":{"__uuid__":"9br9pENUpExL0G7t4iDij1"},"_sizeMode":2},{"__type__":"cc.Button","node":{"__id__":12},"transition":3,"pressedColor":{"__type__":"cc.Color","r":255,"g":255,"b":255},"zoomScale":1.05,"_N$normalColor":{"__type__":"cc.Color","r":255,"g":255,"b":255},"_N$disabledColor":{"__type__":"cc.Color","r":255,"g":255,"b":255},"_N$normalSprite":{"__uuid__":"04M+MQzrRNJq/vysuq1u20"},"_N$pressedSprite":{"__uuid__":"e97GVMl6JHh5Ml5qEDdSGa"},"pressedSprite":{"__uuid__":"e97GVMl6JHh5Ml5qEDdSGa"},"_N$hoverSprite":{"__uuid__":"f0BIwQ8D5Ml7nTNQbh1YlS"},"hoverSprite":{"__uuid__":"f0BIwQ8D5Ml7nTNQbh1YlS"},"_N$disabledSprite":{"__uuid__":"29FYIk+N1GYaeWH/q1NxQO"},"_N$target":{"__id__":12}},{"__type__":"cc.Widget","node":{"__id__":12},"_alignFlags":12,"_left":33.5,"_bottom":36.5}],"_prefab":{"__type__":"cc.PrefabInfo","root":{"__id__":1},"asset":{"__uuid__":"f5ewQIaf5ER4xMQTelQhnr"},"fileId":"c3UVaoocZA8LX5BUpoukEB"},"_contentSize":{"__type__":"cc.Size","width":79,"height":79},"_position":{"__type__":"cc.Vec3","x":-197,"y":-261.5},"_scale":{"__type__":"cc.Vec3","x":-1,"y":-1,"z":1}},{"__type__":"cc.Node","_name":"btn_right","_parent":{"__id__":4},"_level":3,"_components":[{"__type__":"cc.Sprite","node":{"__id__":13},"_spriteFrame":{"__uuid__":"9br9pENUpExL0G7t4iDij1"},"_sizeMode":2},{"__type__":"cc.Button","node":{"__id__":13},"transition":3,"pressedColor":{"__type__":"cc.Color","r":255,"g":255,"b":255},"zoomScale":1.05,"_N$normalColor":{"__type__":"cc.Color","r":255,"g":255,"b":255},"_N$disabledColor":{"__type__":"cc.Color","r":255,"g":255,"b":255},"_N$normalSprite":{"__uuid__":"04M+MQzrRNJq/vysuq1u20"},"_N$pressedSprite":{"__uuid__":"e97GVMl6JHh5Ml5qEDdSGa"},"pressedSprite":{"__uuid__":"e97GVMl6JHh5Ml5qEDdSGa"},"_N$hoverSprite":{"__uuid__":"f0BIwQ8D5Ml7nTNQbh1YlS"},"hoverSprite":{"__uuid__":"f0BIwQ8D5Ml7nTNQbh1YlS"},"_N$disabledSprite":{"__uuid__":"29FYIk+N1GYaeWH/q1NxQO"},"_N$target":{"__id__":13}},{"__type__":"cc.Widget","node":{"__id__":13},"_target":{"__id__":4},"_alignFlags":36,"_right":33.5,"_bottom":36.5}],"_prefab":{"__type__":"cc.PrefabInfo","root":{"__id__":1},"asset":{"__uuid__":"f5ewQIaf5ER4xMQTelQhnr"},"fileId":"9e3phqfvJOO7UpNyzSVnGL"},"_contentSize":{"__type__":"cc.Size","width":79,"height":79},"_position":{"__type__":"cc.Vec3","x":197,"y":-261.5},"_scale":{"__type__":"cc.Vec3","x":1,"y":1,"z":1}},{"__type__":"cc.PageView","node":{"__id__":4},"content":{"__id__":6},"inertia":false,"elastic":false,"bounceDuration":0.5},{"__type__":"cc.Node","_name":"img_title_bg","_parent":{"__id__":3},"_level":3,"_components":[{"__type__":"cc.Sprite","node":{"__id__":15},"_spriteFrame":{"__uuid__":"a2MjXRFdtLlYQ5ouAFv/+R"},"_sizeMode":0},{"__type__":"cc.Widget","node":{"__id__":15},"_alignFlags":41,"_left":3,"_right":3,"_top":5,"_originalWidth":100}],"_prefab":{"__type__":"cc.PrefabInfo","root":{"__id__":1},"asset":{"__uuid__":"f5ewQIaf5ER4xMQTelQhnr"},"fileId":"6a8PXUqmtMPLifr4xDopDD"},"_contentSize":{"__type__":"cc.Size","width":535,"height":80},"_position":{"__type__":"cc.Vec3","y":292.5},"_scale":{"__type__":"cc.Vec3","x":1,"y":1,"z":1}},{"__type__":"cc.Node","_name":"img_title","_parent":{"__id__":3},"_level":3,"_components":[{"__type__":"cc.Sprite","node":{"__id__":16},"_spriteFrame":{"__uuid__":"7fTrnarBhGH6s7XTLqwDce"}}],"_prefab":{"__type__":"cc.PrefabInfo","root":{"__id__":1},"asset":{"__uuid__":"f5ewQIaf5ER4xMQTelQhnr"},"fileId":"1dWPekRYNEOY+4eQu0O4V4"},"_contentSize":{"__type__":"cc.Size","width":203,"height":41},"_position":{"__type__":"cc.Vec3","y":292},"_scale":{"__type__":"cc.Vec3","x":1,"y":1,"z":1}},{"__type__":"cc.Node","_name":"btn_close","_parent":{"__id__":3},"_level":3,"_components":[{"__type__":"cc.Sprite","node":{"__id__":17},"_spriteFrame":{"__uuid__":"9fMyXiDw9J/7UYA+VuvsD/"},"_sizeMode":2},{"__type__":"cc.Button","node":{"__id__":17},"transition":3,"pressedColor":{"__type__":"cc.Color","r":255,"g":255,"b":255},"zoomScale":1.05,"_N$normalColor":{"__type__":"cc.Color","r":255,"g":255,"b":255},"_N$disabledColor":{"__type__":"cc.Color","r":255,"g":255,"b":255},"_N$normalSprite":{"__uuid__":"9fMyXiDw9J/7UYA+VuvsD/"},"_N$pressedSprite":{"__uuid__":"e97GVMl6JHh5Ml5qEDdSGa"},"pressedSprite":{"__uuid__":"e97GVMl6JHh5Ml5qEDdSGa"},"_N$hoverSprite":{"__uuid__":"f0BIwQ8D5Ml7nTNQbh1YlS"},"hoverSprite":{"__uuid__":"f0BIwQ8D5Ml7nTNQbh1YlS"},"_N$disabledSprite":{"__uuid__":"29FYIk+N1GYaeWH/q1NxQO"},"_N$target":{"__id__":17}}],"_prefab":{"__type__":"cc.PrefabInfo","root":{"__id__":1},"asset":{"__uuid__":"f5ewQIaf5ER4xMQTelQhnr"},"fileId":"9eDkSdayVD16R4EOhTraZi"},"_contentSize":{"__type__":"cc.Size","width":71,"height":71},"_position":{"__type__":"cc.Vec3","x":262,"y":333},"_scale":{"__type__":"cc.Vec3","x":1,"y":1,"z":1}}]