[{"__type__":"cc.Prefab","_name":"GameLevel9","data":{"__id__":1}},{"__type__":"cc.Node","_name":"GameLevel9","_children":[{"__id__":2}],"_level":1,"_prefab":{"__type__":"cc.PrefabInfo","root":{"__id__":1},"asset":{"__uuid__":"a0cvnX8elOdZPvlnEwKs6V"},"fileId":"68YzU/zJxI1ZYe+WK9qm8w"},"_contentSize":{"__type__":"cc.Size","width":720,"height":1280},"_scale":{"__type__":"cc.Vec3","x":1,"y":1,"z":1}},{"__type__":"cc.Node","_name":"page_1","_parent":{"__id__":1},"_children":[{"__id__":3},{"__id__":4},{"__id__":5},{"__id__":6},{"__id__":7},{"__id__":8}],"_level":2,"_prefab":{"__type__":"cc.PrefabInfo","root":{"__id__":1},"asset":{"__uuid__":"a0cvnX8elOdZPvlnEwKs6V"},"fileId":"6eFGFV+KxFd6MUSBY9B12i"},"_contentSize":{"__type__":"cc.Size","width":720,"height":1280},"_scale":{"__type__":"cc.Vec3","x":1,"y":1,"z":1}},{"__type__":"cc.Node","_name":"bg","_parent":{"__id__":2},"_level":3,"_components":[{"__type__":"cc.Sprite","node":{"__id__":3},"_spriteFrame":{"__uuid__":"f1/icWDbBNTqMXx8SGm7jH"}}],"_prefab":{"__type__":"cc.PrefabInfo","root":{"__id__":1},"asset":{"__uuid__":"a0cvnX8elOdZPvlnEwKs6V"},"fileId":"c4n3HR01dJpbzD67onnpeZ"},"_contentSize":{"__type__":"cc.Size","width":720,"height":1280},"_scale":{"__type__":"cc.Vec3","x":1,"y":1,"z":1}},{"__type__":"cc.Node","_name":"item_techer","_parent":{"__id__":2},"_level":3,"_components":[{"__type__":"cc.Sprite","node":{"__id__":4},"_spriteFrame":{"__uuid__":"72PdYe8LxBJJwchHmEj9ws"}}],"_prefab":{"__type__":"cc.PrefabInfo","root":{"__id__":1},"asset":{"__uuid__":"a0cvnX8elOdZPvlnEwKs6V"},"fileId":"d7wcVk5Y5AMIMlh9rL4fUP"},"_contentSize":{"__type__":"cc.Size","width":113,"height":76},"_position":{"__type__":"cc.Vec3","x":310,"y":50},"_scale":{"__type__":"cc.Vec3","x":1,"y":1,"z":1},"_rotationX":-89.99999999999999,"_rotationY":-89.99999999999999,"_quat":{"__type__":"cc.Quat","z":0.7071067811865475,"w":0.7071067811865477}},{"__type__":"cc.Node","_name":"item_student","_parent":{"__id__":2},"_level":3,"_components":[{"__type__":"cc.Sprite","node":{"__id__":5},"_spriteFrame":{"__uuid__":"5dahRwZzlDyZmURuC5ti5R"}}],"_prefab":{"__type__":"cc.PrefabInfo","root":{"__id__":1},"asset":{"__uuid__":"a0cvnX8elOdZPvlnEwKs6V"},"fileId":"ddscsPBFtLA6hI8LICTliB"},"_contentSize":{"__type__":"cc.Size","width":85,"height":93},"_position":{"__type__":"cc.Vec3","x":-160,"y":-330},"_scale":{"__type__":"cc.Vec3","x":1,"y":1,"z":1},"_rotationX":-89.99999999999999,"_rotationY":-89.99999999999999,"_quat":{"__type__":"cc.Quat","z":0.7071067811865475,"w":0.7071067811865477}},{"__type__":"cc.Node","_name":"item_desk","_parent":{"__id__":2},"_level":3,"_components":[{"__type__":"cc.Sprite","node":{"__id__":6},"_spriteFrame":{"__uuid__":"cb9KUMpiRFxbzqFS4/zQWS"}}],"_prefab":{"__type__":"cc.PrefabInfo","root":{"__id__":1},"asset":{"__uuid__":"a0cvnX8elOdZPvlnEwKs6V"},"fileId":"b0ULLrOZlLS7hm3ijM3mPQ"},"_contentSize":{"__type__":"cc.Size","width":231,"height":365},"_position":{"__type__":"cc.Vec3","x":-100,"y":50},"_scale":{"__type__":"cc.Vec3","x":1,"y":1,"z":1}},{"__type__":"cc.Node","_name":"item_pig","_parent":{"__id__":2},"_level":3,"_components":[{"__type__":"cc.Sprite","node":{"__id__":7},"_spriteFrame":{"__uuid__":"c657Ibz4BNnZQipNGgCX+K"}}],"_prefab":{"__type__":"cc.PrefabInfo","root":{"__id__":1},"asset":{"__uuid__":"a0cvnX8elOdZPvlnEwKs6V"},"fileId":"2blrkjcqFGrqC6j2+spph7"},"_contentSize":{"__type__":"cc.Size","width":80,"height":110},"_position":{"__type__":"cc.Vec3","x":-300,"y":50},"_scale":{"__type__":"cc.Vec3","x":1,"y":1,"z":1}},{"__type__":"cc.Node","_name":"item_stop","_parent":{"__id__":2},"_active":false,"_level":3,"_components":[{"__type__":"cc.Sprite","node":{"__id__":8},"_spriteFrame":{"__uuid__":"908jcQbdRIoJjQb/2uYNcc"}}],"_prefab":{"__type__":"cc.PrefabInfo","root":{"__id__":1},"asset":{"__uuid__":"a0cvnX8elOdZPvlnEwKs6V"},"fileId":"883b6PhYpM/blnEpAOACYW"},"_contentSize":{"__type__":"cc.Size","width":106,"height":50},"_position":{"__type__":"cc.Vec3","x":288,"y":-327},"_scale":{"__type__":"cc.Vec3","x":1,"y":1,"z":1}}]