[{"__type__":"cc.Prefab","_name":"GameLevel10","data":{"__id__":1}},{"__type__":"cc.Node","_name":"GameLevel10","_children":[{"__id__":2},{"__id__":22}],"_level":1,"_prefab":{"__type__":"cc.PrefabInfo","root":{"__id__":1},"asset":{"__uuid__":"42oGZGFZhDh4LdKZR2MdRx"},"fileId":"5a+NE5qY9HT5Kn9fDx1126"},"_contentSize":{"__type__":"cc.Size","width":720,"height":1280},"_scale":{"__type__":"cc.Vec3","x":1,"y":1,"z":1}},{"__type__":"cc.Node","_name":"page_1","_parent":{"__id__":1},"_children":[{"__id__":3},{"__id__":4},{"__id__":5},{"__id__":6},{"__id__":7},{"__id__":8},{"__id__":9},{"__id__":10},{"__id__":11},{"__id__":12},{"__id__":13},{"__id__":14},{"__id__":15},{"__id__":16},{"__id__":17},{"__id__":18},{"__id__":19},{"__id__":20},{"__id__":21}],"_level":2,"_prefab":{"__type__":"cc.PrefabInfo","root":{"__id__":1},"asset":{"__uuid__":"42oGZGFZhDh4LdKZR2MdRx"},"fileId":"57TrV9eghDO4Sxu1fy7jz9"},"_contentSize":{"__type__":"cc.Size","width":720,"height":1280},"_scale":{"__type__":"cc.Vec3","x":1,"y":1,"z":1}},{"__type__":"cc.Node","_name":"bg","_parent":{"__id__":2},"_level":3,"_components":[{"__type__":"cc.Sprite","node":{"__id__":3},"_spriteFrame":{"__uuid__":"6bZT1pRF5CL42rkd35Wqt8"}}],"_prefab":{"__type__":"cc.PrefabInfo","root":{"__id__":1},"asset":{"__uuid__":"42oGZGFZhDh4LdKZR2MdRx"},"fileId":"e1tY/2hzRKAIrA+bXhhBDC"},"_contentSize":{"__type__":"cc.Size","width":720,"height":1280},"_scale":{"__type__":"cc.Vec3","x":1,"y":1,"z":1}},{"__type__":"cc.Node","_name":"n_door","_parent":{"__id__":2},"_level":3,"_components":[{"__type__":"cc.Sprite","node":{"__id__":4},"_spriteFrame":{"__uuid__":"a2MjXRFdtLlYQ5ouAFv/+R"},"_sizeMode":0}],"_prefab":{"__type__":"cc.PrefabInfo","root":{"__id__":1},"asset":{"__uuid__":"42oGZGFZhDh4LdKZR2MdRx"},"fileId":"f9yVug/llC9KFLADlY6lMC"},"_opacity":0,"_color":{"__type__":"cc.Color","r":255},"_contentSize":{"__type__":"cc.Size","width":185,"height":361},"_position":{"__type__":"cc.Vec3","x":-267,"y":208},"_scale":{"__type__":"cc.Vec3","x":1,"y":1,"z":1}},{"__type__":"cc.Node","_name":"img_bookcase","_parent":{"__id__":2},"_level":3,"_components":[{"__type__":"cc.Sprite","node":{"__id__":5},"_spriteFrame":{"__uuid__":"21dD4h5y1BzbiJshGz3a0S"}}],"_prefab":{"__type__":"cc.PrefabInfo","root":{"__id__":1},"asset":{"__uuid__":"42oGZGFZhDh4LdKZR2MdRx"},"fileId":"29HjNVp+BG/JcXqZQx72Qi"},"_contentSize":{"__type__":"cc.Size","width":86,"height":115},"_position":{"__type__":"cc.Vec3","x":318,"y":275},"_scale":{"__type__":"cc.Vec3","x":1,"y":1,"z":1}},{"__type__":"cc.Node","_name":"img_blackbood","_parent":{"__id__":2},"_level":3,"_components":[{"__type__":"cc.Sprite","node":{"__id__":6},"_spriteFrame":{"__uuid__":"7f44dXFk5IWZV7W0smB9al"}}],"_prefab":{"__type__":"cc.PrefabInfo","root":{"__id__":1},"asset":{"__uuid__":"42oGZGFZhDh4LdKZR2MdRx"},"fileId":"4dXvGGun9M7p3rISt9swyk"},"_contentSize":{"__type__":"cc.Size","width":393,"height":228},"_position":{"__type__":"cc.Vec3","x":58,"y":290},"_scale":{"__type__":"cc.Vec3","x":1,"y":1,"z":1}},{"__type__":"cc.Node","_name":"img_bell","_parent":{"__id__":2},"_level":3,"_components":[{"__type__":"cc.Sprite","node":{"__id__":7},"_spriteFrame":{"__uuid__":"53RflWhOVCRoS9ECViNohE"}}],"_prefab":{"__type__":"cc.PrefabInfo","root":{"__id__":1},"asset":{"__uuid__":"42oGZGFZhDh4LdKZR2MdRx"},"fileId":"3ehXFhXG5OXIyffoAPMo/q"},"_contentSize":{"__type__":"cc.Size","width":71,"height":87},"_position":{"__type__":"cc.Vec3","x":248,"y":465},"_scale":{"__type__":"cc.Vec3","x":1,"y":1,"z":1}},{"__type__":"cc.Node","_name":"img_clock","_parent":{"__id__":2},"_level":3,"_components":[{"__type__":"cc.Sprite","node":{"__id__":8},"_spriteFrame":{"__uuid__":"cbsRSoIZ1LZ6rux1wpoQa3"}}],"_prefab":{"__type__":"cc.PrefabInfo","root":{"__id__":1},"asset":{"__uuid__":"42oGZGFZhDh4LdKZR2MdRx"},"fileId":"95eFsbThBESJejbxMmxtCm"},"_contentSize":{"__type__":"cc.Size","width":80,"height":80},"_position":{"__type__":"cc.Vec3","x":53,"y":460},"_scale":{"__type__":"cc.Vec3","x":1,"y":1,"z":1}},{"__type__":"cc.Node","_name":"img_chest","_parent":{"__id__":2},"_level":3,"_components":[{"__type__":"cc.Sprite","node":{"__id__":9},"_spriteFrame":{"__uuid__":"dd+VCuE8RNBJtefW5C6h9T"}}],"_prefab":{"__type__":"cc.PrefabInfo","root":{"__id__":1},"asset":{"__uuid__":"42oGZGFZhDh4LdKZR2MdRx"},"fileId":"38TwlndwVPhJOZJiWftUoI"},"_contentSize":{"__type__":"cc.Size","width":86,"height":189},"_position":{"__type__":"cc.Vec3","x":310,"y":93},"_scale":{"__type__":"cc.Vec3","x":1,"y":1,"z":1}},{"__type__":"cc.Node","_name":"img_dais","_parent":{"__id__":2},"_level":3,"_components":[{"__type__":"cc.Sprite","node":{"__id__":10},"_spriteFrame":{"__uuid__":"70Q4ZCSldItrfYAOSp8r9+"}}],"_prefab":{"__type__":"cc.PrefabInfo","root":{"__id__":1},"asset":{"__uuid__":"42oGZGFZhDh4LdKZR2MdRx"},"fileId":"2eUD9QdBtEz5ykyz8NvQnP"},"_contentSize":{"__type__":"cc.Size","width":248,"height":180},"_position":{"__type__":"cc.Vec3","x":78,"y":35},"_scale":{"__type__":"cc.Vec3","x":1,"y":1,"z":1}},{"__type__":"cc.Node","_name":"img_desk_1","_parent":{"__id__":2},"_level":3,"_components":[{"__type__":"cc.Sprite","node":{"__id__":11},"_spriteFrame":{"__uuid__":"3dDXvrfKRIqZlwOIX5ajT8"}}],"_prefab":{"__type__":"cc.PrefabInfo","root":{"__id__":1},"asset":{"__uuid__":"42oGZGFZhDh4LdKZR2MdRx"},"fileId":"5fdouXYh1FD4qGHCHG+7ut"},"_contentSize":{"__type__":"cc.Size","width":213,"height":208},"_position":{"__type__":"cc.Vec3","x":-75,"y":-180},"_scale":{"__type__":"cc.Vec3","x":1,"y":1,"z":1}},{"__type__":"cc.Node","_name":"img_chair_1","_parent":{"__id__":2},"_level":3,"_components":[{"__type__":"cc.Sprite","node":{"__id__":12},"_spriteFrame":{"__uuid__":"eebaEQ2oZOoaPvS6y6Qgy8"}}],"_prefab":{"__type__":"cc.PrefabInfo","root":{"__id__":1},"asset":{"__uuid__":"42oGZGFZhDh4LdKZR2MdRx"},"fileId":"597OOnv8tKmL7XPTVFFMRE"},"_contentSize":{"__type__":"cc.Size","width":97,"height":154},"_position":{"__type__":"cc.Vec3","x":-74,"y":-265},"_scale":{"__type__":"cc.Vec3","x":1,"y":1,"z":1}},{"__type__":"cc.Node","_name":"img_desk_2","_parent":{"__id__":2},"_level":3,"_components":[{"__type__":"cc.Sprite","node":{"__id__":13},"_spriteFrame":{"__uuid__":"3dDXvrfKRIqZlwOIX5ajT8"}}],"_prefab":{"__type__":"cc.PrefabInfo","root":{"__id__":1},"asset":{"__uuid__":"42oGZGFZhDh4LdKZR2MdRx"},"fileId":"9eN68111lCq66eAbu1wIHk"},"_contentSize":{"__type__":"cc.Size","width":213,"height":208},"_position":{"__type__":"cc.Vec3","x":195,"y":-179},"_scale":{"__type__":"cc.Vec3","x":1,"y":1,"z":1}},{"__type__":"cc.Node","_name":"img_chair_2","_parent":{"__id__":2},"_level":3,"_components":[{"__type__":"cc.Sprite","node":{"__id__":14},"_spriteFrame":{"__uuid__":"eebaEQ2oZOoaPvS6y6Qgy8"}}],"_prefab":{"__type__":"cc.PrefabInfo","root":{"__id__":1},"asset":{"__uuid__":"42oGZGFZhDh4LdKZR2MdRx"},"fileId":"18x3TnRI9EbpGVAsigDLKK"},"_contentSize":{"__type__":"cc.Size","width":97,"height":154},"_position":{"__type__":"cc.Vec3","x":196,"y":-265},"_scale":{"__type__":"cc.Vec3","x":1,"y":1,"z":1}},{"__type__":"cc.Node","_name":"item_bag","_parent":{"__id__":2},"_level":3,"_components":[{"__type__":"cc.Sprite","node":{"__id__":15},"_spriteFrame":{"__uuid__":"9bzp9tElBDg6AMRaEy5+A9"}}],"_prefab":{"__type__":"cc.PrefabInfo","root":{"__id__":1},"asset":{"__uuid__":"42oGZGFZhDh4LdKZR2MdRx"},"fileId":"43zoNiAphHjo9jei7Uvm9o"},"_contentSize":{"__type__":"cc.Size","width":126,"height":135},"_position":{"__type__":"cc.Vec3","x":-128,"y":-301},"_scale":{"__type__":"cc.Vec3","x":1,"y":1,"z":1}},{"__type__":"cc.Node","_name":"item_storn","_parent":{"__id__":2},"_level":3,"_components":[{"__type__":"cc.Sprite","node":{"__id__":16},"_spriteFrame":{"__uuid__":"bbsQFnA/BPaLdAIqkDzGw3"}}],"_prefab":{"__type__":"cc.PrefabInfo","root":{"__id__":1},"asset":{"__uuid__":"42oGZGFZhDh4LdKZR2MdRx"},"fileId":"ba0Mvr+ZxJ5IgaXuL/xJrj"},"_contentSize":{"__type__":"cc.Size","width":230,"height":241},"_position":{"__type__":"cc.Vec3","x":-269,"y":25},"_scale":{"__type__":"cc.Vec3","x":0.9,"y":0.9,"z":1}},{"__type__":"cc.Node","_name":"item_angle","_parent":{"__id__":2},"_active":false,"_level":3,"_components":[{"__type__":"cc.Sprite","node":{"__id__":17},"_spriteFrame":{"__uuid__":"fdOaBjXZdG+45RClsD2VAa"}}],"_prefab":{"__type__":"cc.PrefabInfo","root":{"__id__":1},"asset":{"__uuid__":"42oGZGFZhDh4LdKZR2MdRx"},"fileId":"7dmeNtEzNNjb2Ttllnafdm"},"_contentSize":{"__type__":"cc.Size","width":90,"height":59},"_position":{"__type__":"cc.Vec3","x":-112,"y":-39},"_scale":{"__type__":"cc.Vec3","x":1,"y":1,"z":1}},{"__type__":"cc.Node","_name":"item_club_1","_parent":{"__id__":2},"_active":false,"_level":3,"_components":[{"__type__":"cc.Sprite","node":{"__id__":18},"_spriteFrame":{"__uuid__":"6fXrOgk3RLyYfsfsZ17Pr6"}}],"_prefab":{"__type__":"cc.PrefabInfo","root":{"__id__":1},"asset":{"__uuid__":"42oGZGFZhDh4LdKZR2MdRx"},"fileId":"fbaEoUyiBFhqAKpuiJ1jhF"},"_contentSize":{"__type__":"cc.Size","width":372,"height":132},"_position":{"__type__":"cc.Vec3","x":-7,"y":22},"_scale":{"__type__":"cc.Vec3","x":1,"y":1,"z":1}},{"__type__":"cc.Node","_name":"item_1","_parent":{"__id__":2},"_level":3,"_components":[{"__type__":"cc.Sprite","node":{"__id__":19},"_spriteFrame":{"__uuid__":"f1ZDhMrPdOvI46KlOtFQFD"}}],"_prefab":{"__type__":"cc.PrefabInfo","root":{"__id__":1},"asset":{"__uuid__":"42oGZGFZhDh4LdKZR2MdRx"},"fileId":"fdV3Kkt6BP6LFBA49rRI6q"},"_opacity":0,"_contentSize":{"__type__":"cc.Size","width":54,"height":40},"_position":{"__type__":"cc.Vec3","x":79,"y":326},"_scale":{"__type__":"cc.Vec3","x":1,"y":1,"z":1}},{"__type__":"cc.Node","_name":"item_2","_parent":{"__id__":2},"_level":3,"_components":[{"__type__":"cc.Sprite","node":{"__id__":20},"_spriteFrame":{"__uuid__":"0e9ZgUY/FMeqRrOCa8g0nm"}}],"_prefab":{"__type__":"cc.PrefabInfo","root":{"__id__":1},"asset":{"__uuid__":"42oGZGFZhDh4LdKZR2MdRx"},"fileId":"84T+CbutdCs70eIQRffyUB"},"_opacity":0,"_contentSize":{"__type__":"cc.Size","width":77,"height":63},"_position":{"__type__":"cc.Vec3","x":305,"y":29},"_scale":{"__type__":"cc.Vec3","x":0.95,"y":0.95,"z":1}},{"__type__":"cc.Node","_name":"img_bomb","_parent":{"__id__":2},"_active":false,"_level":3,"_components":[{"__type__":"cc.Sprite","node":{"__id__":21},"_spriteFrame":{"__uuid__":"29bOJLuxxH8bSmximW1KuQ"}}],"_prefab":{"__type__":"cc.PrefabInfo","root":{"__id__":1},"asset":{"__uuid__":"42oGZGFZhDh4LdKZR2MdRx"},"fileId":"8fNZpihrtIJ6V3heXm4NSM"},"_contentSize":{"__type__":"cc.Size","width":693,"height":703},"_position":{"__type__":"cc.Vec3","x":-89,"y":143},"_scale":{"__type__":"cc.Vec3","x":0.8,"y":0.8,"z":1}},{"__type__":"cc.Node","_name":"page_2","_objFlags":512,"_parent":{"__id__":1},"_children":[{"__id__":23},{"__id__":24},{"__id__":25},{"__id__":26},{"__id__":27},{"__id__":28},{"__id__":29},{"__id__":30},{"__id__":31},{"__id__":32},{"__id__":33},{"__id__":34},{"__id__":35},{"__id__":36},{"__id__":37},{"__id__":38},{"__id__":39},{"__id__":40},{"__type__":"cc.Node","_name":"item_mask","_parent":{"__id__":22},"_level":3,"_prefab":{"__type__":"cc.PrefabInfo","root":{"__id__":1},"asset":{"__uuid__":"42oGZGFZhDh4LdKZR2MdRx"},"fileId":"69pCgQY+dPDrt/gDLs7ctm"},"_contentSize":{"__type__":"cc.Size","width":300,"height":73},"_position":{"__type__":"cc.Vec3","x":364,"y":193},"_scale":{"__type__":"cc.Vec3","x":1,"y":1,"z":1},"_skewX":117}],"_level":2,"_prefab":{"__type__":"cc.PrefabInfo","root":{"__id__":1},"asset":{"__uuid__":"42oGZGFZhDh4LdKZR2MdRx"},"fileId":"7eXf1oHS9D2qDeTgvEfKOv"},"_contentSize":{"__type__":"cc.Size","width":720,"height":1280},"_position":{"__type__":"cc.Vec3","x":720},"_scale":{"__type__":"cc.Vec3","x":1,"y":1,"z":1}},{"__type__":"cc.Node","_name":"bg","_parent":{"__id__":22},"_level":3,"_components":[{"__type__":"cc.Sprite","node":{"__id__":23},"_spriteFrame":{"__uuid__":"56j5PRCX5EepeqXS0AH+VA"}}],"_prefab":{"__type__":"cc.PrefabInfo","root":{"__id__":1},"asset":{"__uuid__":"42oGZGFZhDh4LdKZR2MdRx"},"fileId":"a5sj9ib8tGE7I4vY/gYeBR"},"_contentSize":{"__type__":"cc.Size","width":720,"height":1280},"_scale":{"__type__":"cc.Vec3","x":1,"y":1,"z":1}},{"__type__":"cc.Node","_name":"item_22","_parent":{"__id__":22},"_level":3,"_components":[{"__type__":"cc.Sprite","node":{"__id__":24},"_spriteFrame":{"__uuid__":"5bcx9/qQdKLaDv27TtjFN0"}}],"_prefab":{"__type__":"cc.PrefabInfo","root":{"__id__":1},"asset":{"__uuid__":"42oGZGFZhDh4LdKZR2MdRx"},"fileId":"30JgiKighCtoirBMI4lQZU"},"_contentSize":{"__type__":"cc.Size","width":119,"height":207},"_position":{"__type__":"cc.Vec3","x":-133,"y":210},"_scale":{"__type__":"cc.Vec3","x":1,"y":1,"z":1}},{"__type__":"cc.Node","_name":"item_21","_parent":{"__id__":22},"_level":3,"_components":[{"__type__":"cc.Sprite","node":{"__id__":25},"_spriteFrame":{"__uuid__":"16z3DY5xtDBq5eZCuNq4Pn"},"_sizeMode":2}],"_prefab":{"__type__":"cc.PrefabInfo","root":{"__id__":1},"asset":{"__uuid__":"42oGZGFZhDh4LdKZR2MdRx"},"fileId":"fcZBDERShJBppRWe5QktCV"},"_contentSize":{"__type__":"cc.Size","width":340,"height":394},"_position":{"__type__":"cc.Vec3","x":139,"y":327},"_scale":{"__type__":"cc.Vec3","x":1,"y":1,"z":1}},{"__type__":"cc.Node","_name":"item_club_2","_parent":{"__id__":22},"_level":3,"_components":[{"__type__":"cc.Sprite","node":{"__id__":26},"_spriteFrame":{"__uuid__":"6fXrOgk3RLyYfsfsZ17Pr6"},"_sizeMode":0}],"_prefab":{"__type__":"cc.PrefabInfo","root":{"__id__":1},"asset":{"__uuid__":"42oGZGFZhDh4LdKZR2MdRx"},"fileId":"b5MVYoO9dHKpGlEBWAa2Aa"},"_contentSize":{"__type__":"cc.Size","width":242,"height":126},"_anchorPoint":{"__type__":"cc.Vec2","x":0.5413702686828084,"y":0.6642328369010457},"_position":{"__type__":"cc.Vec3","x":183,"y":405},"_scale":{"__type__":"cc.Vec3","x":1,"y":1,"z":1},"_quat":{"__type__":"cc.Quat","z":-0.31730465640509214,"w":0.9483236552061993}},{"__type__":"cc.Node","_name":"item_23","_parent":{"__id__":22},"_level":3,"_components":[{"__type__":"cc.Sprite","node":{"__id__":27},"_spriteFrame":{"__uuid__":"a8yLd6CT9IcouNEOitEGJG"}}],"_prefab":{"__type__":"cc.PrefabInfo","root":{"__id__":1},"asset":{"__uuid__":"42oGZGFZhDh4LdKZR2MdRx"},"fileId":"a84w6opgBK44xNU3aab/i2"},"_contentSize":{"__type__":"cc.Size","width":174,"height":233},"_position":{"__type__":"cc.Vec3","x":-267,"y":230},"_scale":{"__type__":"cc.Vec3","x":1,"y":1,"z":1}},{"__type__":"cc.Node","_name":"item_24_1","_parent":{"__id__":22},"_level":3,"_components":[{"__type__":"cc.Sprite","node":{"__id__":28},"_spriteFrame":{"__uuid__":"a4iHsKVEpC8p6KIfL7+kEZ"}}],"_prefab":{"__type__":"cc.PrefabInfo","root":{"__id__":1},"asset":{"__uuid__":"42oGZGFZhDh4LdKZR2MdRx"},"fileId":"07ph/GLhBLxr8TVQenMMV2"},"_contentSize":{"__type__":"cc.Size","width":76,"height":36},"_position":{"__type__":"cc.Vec3","x":-226,"y":270},"_scale":{"__type__":"cc.Vec3","x":1,"y":1,"z":1}},{"__type__":"cc.Node","_name":"item_24_2","_parent":{"__id__":22},"_level":3,"_components":[{"__type__":"cc.Sprite","node":{"__id__":29},"_spriteFrame":{"__uuid__":"a4iHsKVEpC8p6KIfL7+kEZ"}}],"_prefab":{"__type__":"cc.PrefabInfo","root":{"__id__":1},"asset":{"__uuid__":"42oGZGFZhDh4LdKZR2MdRx"},"fileId":"bfzxf5HRBOU4Z4OEL0IL3b"},"_contentSize":{"__type__":"cc.Size","width":76,"height":36},"_position":{"__type__":"cc.Vec3","x":-307,"y":270},"_scale":{"__type__":"cc.Vec3","x":-1,"y":1,"z":1}},{"__type__":"cc.Node","_name":"item_24_3","_parent":{"__id__":22},"_level":3,"_components":[{"__type__":"cc.Sprite","node":{"__id__":30},"_spriteFrame":{"__uuid__":"a4iHsKVEpC8p6KIfL7+kEZ"}}],"_prefab":{"__type__":"cc.PrefabInfo","root":{"__id__":1},"asset":{"__uuid__":"42oGZGFZhDh4LdKZR2MdRx"},"fileId":"a939hkvptNhY+xb8+SbCg0"},"_contentSize":{"__type__":"cc.Size","width":76,"height":36},"_position":{"__type__":"cc.Vec3","x":-226,"y":226},"_scale":{"__type__":"cc.Vec3","x":1,"y":1,"z":1}},{"__type__":"cc.Node","_name":"item_24_4","_parent":{"__id__":22},"_level":3,"_components":[{"__type__":"cc.Sprite","node":{"__id__":31},"_spriteFrame":{"__uuid__":"a4iHsKVEpC8p6KIfL7+kEZ"}}],"_prefab":{"__type__":"cc.PrefabInfo","root":{"__id__":1},"asset":{"__uuid__":"42oGZGFZhDh4LdKZR2MdRx"},"fileId":"069DJRcDBHxIIFobVNH8ZZ"},"_contentSize":{"__type__":"cc.Size","width":76,"height":36},"_position":{"__type__":"cc.Vec3","x":-307,"y":226},"_scale":{"__type__":"cc.Vec3","x":-1,"y":1,"z":1}},{"__type__":"cc.Node","_name":"item_24_5","_parent":{"__id__":22},"_level":3,"_components":[{"__type__":"cc.Sprite","node":{"__id__":32},"_spriteFrame":{"__uuid__":"a4iHsKVEpC8p6KIfL7+kEZ"}}],"_prefab":{"__type__":"cc.PrefabInfo","root":{"__id__":1},"asset":{"__uuid__":"42oGZGFZhDh4LdKZR2MdRx"},"fileId":"bciH2aqjVK6pGIMuhUg1n1"},"_contentSize":{"__type__":"cc.Size","width":76,"height":36},"_position":{"__type__":"cc.Vec3","x":-226,"y":182},"_scale":{"__type__":"cc.Vec3","x":1,"y":1,"z":1}},{"__type__":"cc.Node","_name":"item_24_6","_parent":{"__id__":22},"_level":3,"_components":[{"__type__":"cc.Sprite","node":{"__id__":33},"_spriteFrame":{"__uuid__":"a4iHsKVEpC8p6KIfL7+kEZ"}}],"_prefab":{"__type__":"cc.PrefabInfo","root":{"__id__":1},"asset":{"__uuid__":"42oGZGFZhDh4LdKZR2MdRx"},"fileId":"71hpOiiqtCioArAZMRQA1P"},"_contentSize":{"__type__":"cc.Size","width":76,"height":36},"_position":{"__type__":"cc.Vec3","x":-307,"y":182},"_scale":{"__type__":"cc.Vec3","x":-1,"y":1,"z":1}},{"__type__":"cc.Node","_name":"item_25_1","_parent":{"__id__":22},"_active":false,"_level":3,"_components":[{"__type__":"cc.Sprite","node":{"__id__":34},"_spriteFrame":{"__uuid__":"2ah/6ad6ZE9JacqM1oGZ0L"}}],"_prefab":{"__type__":"cc.PrefabInfo","root":{"__id__":1},"asset":{"__uuid__":"42oGZGFZhDh4LdKZR2MdRx"},"fileId":"035UtegfxK9JjJB1M0h4sm"},"_contentSize":{"__type__":"cc.Size","width":103,"height":31},"_position":{"__type__":"cc.Vec3","x":-299,"y":70},"_scale":{"__type__":"cc.Vec3","x":1,"y":1,"z":1}},{"__type__":"cc.Node","_name":"item_25_2","_parent":{"__id__":22},"_active":false,"_level":3,"_components":[{"__type__":"cc.Sprite","node":{"__id__":35},"_spriteFrame":{"__uuid__":"2ah/6ad6ZE9JacqM1oGZ0L"}}],"_prefab":{"__type__":"cc.PrefabInfo","root":{"__id__":1},"asset":{"__uuid__":"42oGZGFZhDh4LdKZR2MdRx"},"fileId":"40KsxEGKtIV6naDbcpnKn9"},"_contentSize":{"__type__":"cc.Size","width":103,"height":31},"_position":{"__type__":"cc.Vec3","x":-229,"y":74},"_scale":{"__type__":"cc.Vec3","x":1,"y":1,"z":1}},{"__type__":"cc.Node","_name":"item_25_3","_parent":{"__id__":22},"_active":false,"_level":3,"_components":[{"__type__":"cc.Sprite","node":{"__id__":36},"_spriteFrame":{"__uuid__":"2ah/6ad6ZE9JacqM1oGZ0L"}}],"_prefab":{"__type__":"cc.PrefabInfo","root":{"__id__":1},"asset":{"__uuid__":"42oGZGFZhDh4LdKZR2MdRx"},"fileId":"ecZJ3e0KhGP5Tlfad5fCkv"},"_contentSize":{"__type__":"cc.Size","width":103,"height":31},"_position":{"__type__":"cc.Vec3","x":-299,"y":94},"_scale":{"__type__":"cc.Vec3","x":1,"y":1,"z":1}},{"__type__":"cc.Node","_name":"item_25_4","_parent":{"__id__":22},"_active":false,"_level":3,"_components":[{"__type__":"cc.Sprite","node":{"__id__":37},"_spriteFrame":{"__uuid__":"2ah/6ad6ZE9JacqM1oGZ0L"}}],"_prefab":{"__type__":"cc.PrefabInfo","root":{"__id__":1},"asset":{"__uuid__":"42oGZGFZhDh4LdKZR2MdRx"},"fileId":"67qfeVUhlKR44KeRY1wdW0"},"_contentSize":{"__type__":"cc.Size","width":103,"height":31},"_position":{"__type__":"cc.Vec3","x":-229,"y":98},"_scale":{"__type__":"cc.Vec3","x":1,"y":1,"z":1}},{"__type__":"cc.Node","_name":"item_25_5","_parent":{"__id__":22},"_active":false,"_level":3,"_components":[{"__type__":"cc.Sprite","node":{"__id__":38},"_spriteFrame":{"__uuid__":"2ah/6ad6ZE9JacqM1oGZ0L"}}],"_prefab":{"__type__":"cc.PrefabInfo","root":{"__id__":1},"asset":{"__uuid__":"42oGZGFZhDh4LdKZR2MdRx"},"fileId":"cdLoWwAitNlLQXIUuYNNG9"},"_contentSize":{"__type__":"cc.Size","width":103,"height":31},"_position":{"__type__":"cc.Vec3","x":-299,"y":84},"_scale":{"__type__":"cc.Vec3","x":1,"y":1,"z":1}},{"__type__":"cc.Node","_name":"item_25_6","_parent":{"__id__":22},"_active":false,"_level":3,"_components":[{"__type__":"cc.Sprite","node":{"__id__":39},"_spriteFrame":{"__uuid__":"2ah/6ad6ZE9JacqM1oGZ0L"}}],"_prefab":{"__type__":"cc.PrefabInfo","root":{"__id__":1},"asset":{"__uuid__":"42oGZGFZhDh4LdKZR2MdRx"},"fileId":"afKFPzb5xBNJf4hfDd4hd7"},"_contentSize":{"__type__":"cc.Size","width":103,"height":31},"_position":{"__type__":"cc.Vec3","x":-229,"y":90},"_scale":{"__type__":"cc.Vec3","x":1,"y":1,"z":1}},{"__type__":"cc.Node","_name":"item_27","_parent":{"__id__":22},"_active":false,"_level":3,"_components":[{"__type__":"cc.Sprite","node":{"__id__":40},"_spriteFrame":{"__uuid__":"50FKD0u2hE0akYDptyfsva"}}],"_prefab":{"__type__":"cc.PrefabInfo","root":{"__id__":1},"asset":{"__uuid__":"42oGZGFZhDh4LdKZR2MdRx"},"fileId":"56wV5QAetGUrJlKI7AOMag"},"_contentSize":{"__type__":"cc.Size","width":37,"height":16},"_position":{"__type__":"cc.Vec3","x":-313,"y":131},"_scale":{"__type__":"cc.Vec3","x":1,"y":1,"z":1}}]