{"__type__":"dragonBones.DragonBonesAsset","_name":"fx_circle_ske","_dragonBonesJson":"{\"frameRate\":24,\"isGlobal\":0,\"armature\":[{\"aabb\":{\"width\":39,\"y\":-19.5,\"height\":39,\"x\":-19.5},\"type\":\"Sheet\",\"bone\":[{\"transform\":{},\"name\":\"root\"}],\"defaultActions\":[{\"gotoAndPlay\":\"fx_circle\"}],\"slot\":[{\"color\":{},\"name\":\"sheetSlot\",\"parent\":\"root\",\"displayIndex\":5}],\"skin\":[{\"name\":\"\",\"slot\":[{\"display\":[{\"path\":\"1\",\"type\":\"image\",\"name\":\"1\",\"transform\":{}},{\"path\":\"2\",\"type\":\"image\",\"name\":\"2\",\"transform\":{}},{\"path\":\"3\",\"type\":\"image\",\"name\":\"3\",\"transform\":{}},{\"path\":\"4\",\"type\":\"image\",\"name\":\"4\",\"transform\":{}},{\"path\":\"5\",\"type\":\"image\",\"name\":\"5\",\"transform\":{}},{\"path\":\"6\",\"type\":\"image\",\"name\":\"6\",\"transform\":{}}],\"name\":\"sheetSlot\"}]}],\"ik\":[],\"frameRate\":20,\"name\":\"fx_circle\",\"animation\":[{\"ffd\":[],\"frame\":[],\"slot\":[{\"frame\":[{\"tweenEasing\":null,\"duration\":1},{\"tweenEasing\":null,\"duration\":1,\"displayIndex\":1},{\"tweenEasing\":null,\"duration\":1,\"displayIndex\":2},{\"tweenEasing\":null,\"duration\":1,\"displayIndex\":3},{\"tweenEasing\":null,\"duration\":1,\"displayIndex\":4},{\"tweenEasing\":null,\"duration\":1,\"displayIndex\":5}],\"name\":\"sheetSlot\"}],\"duration\":6,\"ik\":[],\"name\":\"fx_circle\",\"bone\":[]}]}],\"name\":\"fx_circle\",\"version\":\"4.5\"}"}