[{"__type__":"cc.SpriteFrame","content":{"name":"game_level_3_item_2","texture":"51ZvVJ3FBJ4bXgw/4MX21t","rect":[2,154,264,366],"offset":[0,0],"originalSize":[264,366],"rotated":1}},{"__type__":"cc.SpriteAtlas","_name":"game_level_3.plist","_spriteFrames":{"game_level_3_item_1":{"__uuid__":"937bxaBvFIi6HV7D+LnoRo"},"game_level_3_item_2":{"__uuid__":"06LIO+xeFPCp5u4D2APPAS"},"game_level_3_item_3":{"__uuid__":"54z0GSeIhFUYP1Ln+cGwK6"},"game_level_3_item_4":{"__uuid__":"adwhz2do1DUaNhcc2wXifU"},"game_level_3_item_5":{"__uuid__":"77WDwNSdxE5IttVlAomRgK"},"game_level_3_item_6":{"__uuid__":"27XgloPi1JkLqlqzQtkgFX"},"game_level_3_item_7":{"__uuid__":"bc7A4en1tGJ54W2pKfadk6"},"game_level_3_item_8":{"__uuid__":"87U6fDz+hAlr8s15TjBzZt"},"game_level_3_item_9":{"__uuid__":"d8yZAcHkxJOI2pi2sY3Qkt"},"img_help":{"__uuid__":"8aE7mCNiVHW7IO7n/bfp93"}}},{"__type__":"cc.SpriteFrame","content":{"name":"game_level_3_item_6","texture":"51ZvVJ3FBJ4bXgw/4MX21t","rect":[179,655,164,304],"offset":[0,0],"originalSize":[164,304]}},{"__type__":"cc.SpriteFrame","content":{"name":"game_level_3_item_3","texture":"51ZvVJ3FBJ4bXgw/4MX21t","rect":[2,2,150,387],"offset":[0,0],"originalSize":[150,387],"rotated":1}},{"__type__":"cc.SpriteFrame","content":{"name":"game_level_3_item_5","texture":"51ZvVJ3FBJ4bXgw/4MX21t","rect":[345,751,135,185],"offset":[0,0],"originalSize":[135,185]}},{"__type__":"cc.SpriteFrame","content":{"name":"game_level_3_item_8","texture":"51ZvVJ3FBJ4bXgw/4MX21t","rect":[391,2,53,37],"offset":[0,0],"originalSize":[53,37]}},{"__type__":"cc.SpriteFrame","content":{"name":"img_help","texture":"51ZvVJ3FBJ4bXgw/4MX21t","rect":[2,420,360,233],"offset":[0,0],"originalSize":[360,233]}},{"__type__":"cc.SpriteFrame","content":{"name":"game_level_3_item_1","texture":"51ZvVJ3FBJ4bXgw/4MX21t","rect":[446,2,30,25],"offset":[0,0],"originalSize":[30,25]}},{"__type__":"cc.SpriteFrame","content":{"name":"game_level_3_item_4","texture":"51ZvVJ3FBJ4bXgw/4MX21t","rect":[2,655,175,315],"offset":[0,0],"originalSize":[175,315]}},{"__type__":"cc.SpriteFrame","content":{"name":"game_level_3_item_7","texture":"51ZvVJ3FBJ4bXgw/4MX21t","rect":[364,512,112,237],"offset":[0,0],"originalSize":[112,237]}},{"__type__":"cc.SpriteFrame","content":{"name":"game_level_3_item_9","texture":"51ZvVJ3FBJ4bXgw/4MX21t","rect":[370,154,93,356],"offset":[0,0],"originalSize":[93,356]}}]