[{"__type__":"cc.Prefab","_name":"GameLevel3","data":{"__id__":1}},{"__type__":"cc.Node","_name":"GameLevel3","_objFlags":512,"_children":[{"__id__":2}],"_level":1,"_prefab":{"__type__":"cc.PrefabInfo","root":{"__id__":1},"asset":{"__uuid__":"58y1UBfTxPFL1KoNS1Ov7i"},"fileId":"e5UKqe25tHw4lDjLotWmwl"},"_contentSize":{"__type__":"cc.Size","width":720,"height":1280},"_scale":{"__type__":"cc.Vec3","x":1,"y":1,"z":1}},{"__type__":"cc.Node","_name":"page_1","_parent":{"__id__":1},"_children":[{"__id__":3},{"__id__":4},{"__id__":5},{"__id__":6},{"__id__":7},{"__id__":8},{"__id__":9},{"__id__":10},{"__id__":11},{"__id__":12},{"__id__":13},{"__id__":14},{"__id__":15},{"__id__":16},{"__id__":17},{"__id__":18},{"__id__":19},{"__id__":20},{"__id__":21}],"_level":2,"_prefab":{"__type__":"cc.PrefabInfo","root":{"__id__":1},"asset":{"__uuid__":"58y1UBfTxPFL1KoNS1Ov7i"},"fileId":"06M/Ecbp5KBrPLGJG+UcjZ"},"_contentSize":{"__type__":"cc.Size","width":720,"height":1280},"_scale":{"__type__":"cc.Vec3","x":1,"y":1,"z":1}},{"__type__":"cc.Node","_name":"bg","_parent":{"__id__":2},"_level":3,"_components":[{"__type__":"cc.Sprite","node":{"__id__":3},"_spriteFrame":{"__uuid__":"2bB3xAnBRL8b1T+LH6w2yz"}}],"_prefab":{"__type__":"cc.PrefabInfo","root":{"__id__":1},"asset":{"__uuid__":"58y1UBfTxPFL1KoNS1Ov7i"},"fileId":"b4RC9r/mRC9Ikmozz+NmbD"},"_contentSize":{"__type__":"cc.Size","width":720,"height":1280},"_scale":{"__type__":"cc.Vec3","x":1,"y":1,"z":1}},{"__type__":"cc.Node","_name":"n_door","_parent":{"__id__":2},"_level":3,"_components":[{"__type__":"cc.Sprite","node":{"__id__":4},"_spriteFrame":{"__uuid__":"a2MjXRFdtLlYQ5ouAFv/+R"},"_sizeMode":0}],"_prefab":{"__type__":"cc.PrefabInfo","root":{"__id__":1},"asset":{"__uuid__":"58y1UBfTxPFL1KoNS1Ov7i"},"fileId":"e3H8RaS5VGSIIduUjMBbS7"},"_opacity":0,"_color":{"__type__":"cc.Color","r":255},"_contentSize":{"__type__":"cc.Size","width":185,"height":361},"_position":{"__type__":"cc.Vec3","x":-267,"y":208},"_scale":{"__type__":"cc.Vec3","x":1,"y":1,"z":1}},{"__type__":"cc.Node","_name":"img_bookcase","_parent":{"__id__":2},"_level":3,"_components":[{"__type__":"cc.Sprite","node":{"__id__":5},"_spriteFrame":{"__uuid__":"21dD4h5y1BzbiJshGz3a0S"}}],"_prefab":{"__type__":"cc.PrefabInfo","root":{"__id__":1},"asset":{"__uuid__":"58y1UBfTxPFL1KoNS1Ov7i"},"fileId":"1cYpojNzlEZLVDxWDwkhPB"},"_contentSize":{"__type__":"cc.Size","width":86,"height":115},"_position":{"__type__":"cc.Vec3","x":318,"y":275},"_scale":{"__type__":"cc.Vec3","x":1,"y":1,"z":1}},{"__type__":"cc.Node","_name":"img_blackbood","_parent":{"__id__":2},"_level":3,"_components":[{"__type__":"cc.Sprite","node":{"__id__":6},"_spriteFrame":{"__uuid__":"9arJfLtwRA7oU5tF0TmQF5"}}],"_prefab":{"__type__":"cc.PrefabInfo","root":{"__id__":1},"asset":{"__uuid__":"58y1UBfTxPFL1KoNS1Ov7i"},"fileId":"23IuTDw+RMb7L1gmM7hXiY"},"_contentSize":{"__type__":"cc.Size","width":397,"height":226},"_position":{"__type__":"cc.Vec3","x":58,"y":290},"_scale":{"__type__":"cc.Vec3","x":1,"y":1,"z":1}},{"__type__":"cc.Node","_name":"img_bell","_parent":{"__id__":2},"_level":3,"_components":[{"__type__":"cc.Sprite","node":{"__id__":7},"_spriteFrame":{"__uuid__":"53RflWhOVCRoS9ECViNohE"}}],"_prefab":{"__type__":"cc.PrefabInfo","root":{"__id__":1},"asset":{"__uuid__":"58y1UBfTxPFL1KoNS1Ov7i"},"fileId":"672bivhm5I85HQmu+zQfsq"},"_contentSize":{"__type__":"cc.Size","width":71,"height":87},"_position":{"__type__":"cc.Vec3","x":248,"y":465},"_scale":{"__type__":"cc.Vec3","x":1,"y":1,"z":1}},{"__type__":"cc.Node","_name":"img_clock","_parent":{"__id__":2},"_level":3,"_components":[{"__type__":"cc.Sprite","node":{"__id__":8},"_spriteFrame":{"__uuid__":"cbsRSoIZ1LZ6rux1wpoQa3"}}],"_prefab":{"__type__":"cc.PrefabInfo","root":{"__id__":1},"asset":{"__uuid__":"58y1UBfTxPFL1KoNS1Ov7i"},"fileId":"8c73xM7BNClZFYrEza2ckx"},"_contentSize":{"__type__":"cc.Size","width":80,"height":80},"_position":{"__type__":"cc.Vec3","x":53,"y":460},"_scale":{"__type__":"cc.Vec3","x":1,"y":1,"z":1}},{"__type__":"cc.Node","_name":"img_chest","_parent":{"__id__":2},"_level":3,"_components":[{"__type__":"cc.Sprite","node":{"__id__":9},"_spriteFrame":{"__uuid__":"df37GoDnNDUb7R/Xc18dmq"}}],"_prefab":{"__type__":"cc.PrefabInfo","root":{"__id__":1},"asset":{"__uuid__":"58y1UBfTxPFL1KoNS1Ov7i"},"fileId":"3aNjwQZghDFpYZRQHVvI+O"},"_contentSize":{"__type__":"cc.Size","width":103,"height":178},"_position":{"__type__":"cc.Vec3","x":310,"y":93},"_scale":{"__type__":"cc.Vec3","x":1,"y":1,"z":1}},{"__type__":"cc.Node","_name":"item_1","_parent":{"__id__":2},"_level":3,"_components":[{"__type__":"cc.Sprite","node":{"__id__":10},"_spriteFrame":{"__uuid__":"87U6fDz+hAlr8s15TjBzZt"}}],"_prefab":{"__type__":"cc.PrefabInfo","root":{"__id__":1},"asset":{"__uuid__":"58y1UBfTxPFL1KoNS1Ov7i"},"fileId":"6fhYrS+NVKvpnZMQ6GdoK9"},"_contentSize":{"__type__":"cc.Size","width":53,"height":37},"_position":{"__type__":"cc.Vec3","x":80,"y":141},"_scale":{"__type__":"cc.Vec3","x":1,"y":1,"z":1}},{"__type__":"cc.Node","_name":"img_dais","_parent":{"__id__":2},"_level":3,"_components":[{"__type__":"cc.Sprite","node":{"__id__":11},"_spriteFrame":{"__uuid__":"70Q4ZCSldItrfYAOSp8r9+"}}],"_prefab":{"__type__":"cc.PrefabInfo","root":{"__id__":1},"asset":{"__uuid__":"58y1UBfTxPFL1KoNS1Ov7i"},"fileId":"97nHO2/rxDvLR59Q/WvIAn"},"_contentSize":{"__type__":"cc.Size","width":248,"height":180},"_position":{"__type__":"cc.Vec3","x":78,"y":35},"_scale":{"__type__":"cc.Vec3","x":1,"y":1,"z":1}},{"__type__":"cc.Node","_name":"img_glass","_parent":{"__id__":2},"_level":3,"_components":[{"__type__":"cc.Sprite","node":{"__id__":12},"_spriteFrame":{"__uuid__":"bca3zqRclF4KqiO0FcquC9"}}],"_prefab":{"__type__":"cc.PrefabInfo","root":{"__id__":1},"asset":{"__uuid__":"58y1UBfTxPFL1KoNS1Ov7i"},"fileId":"d9apu0EsBEKIwtCCCuouSr"},"_contentSize":{"__type__":"cc.Size","width":37,"height":37},"_position":{"__type__":"cc.Vec3","x":159,"y":110},"_scale":{"__type__":"cc.Vec3","x":1,"y":1,"z":1}},{"__type__":"cc.Node","_name":"item_book","_parent":{"__id__":2},"_level":3,"_components":[{"__type__":"cc.Sprite","node":{"__id__":13},"_spriteFrame":{"__uuid__":"c2SOEv+U9HAI//8qXqz9WS"}}],"_prefab":{"__type__":"cc.PrefabInfo","root":{"__id__":1},"asset":{"__uuid__":"58y1UBfTxPFL1KoNS1Ov7i"},"fileId":"5dNQzEUSBGdLNGtl0G/++O"},"_contentSize":{"__type__":"cc.Size","width":97,"height":25},"_position":{"__type__":"cc.Vec3","x":61,"y":107},"_scale":{"__type__":"cc.Vec3","x":1,"y":1,"z":1}},{"__type__":"cc.Node","_name":"item_4","_parent":{"__id__":2},"_level":3,"_components":[{"__type__":"cc.Sprite","node":{"__id__":14},"_spriteFrame":{"__uuid__":"06LIO+xeFPCp5u4D2APPAS"}}],"_prefab":{"__type__":"cc.PrefabInfo","root":{"__id__":1},"asset":{"__uuid__":"58y1UBfTxPFL1KoNS1Ov7i"},"fileId":"bcna/BxMVBBp76bJYG14rc"},"_opacity":0,"_contentSize":{"__type__":"cc.Size","width":264,"height":366},"_position":{"__type__":"cc.Vec3","x":210,"y":62},"_scale":{"__type__":"cc.Vec3","x":1,"y":1,"z":1}},{"__type__":"cc.Node","_name":"img_desk_1","_parent":{"__id__":2},"_level":3,"_components":[{"__type__":"cc.Sprite","node":{"__id__":15},"_spriteFrame":{"__uuid__":"3dDXvrfKRIqZlwOIX5ajT8"}}],"_prefab":{"__type__":"cc.PrefabInfo","root":{"__id__":1},"asset":{"__uuid__":"58y1UBfTxPFL1KoNS1Ov7i"},"fileId":"46wsgzjTdOYrP6laR3eQNn"},"_contentSize":{"__type__":"cc.Size","width":213,"height":208},"_position":{"__type__":"cc.Vec3","x":-75,"y":-180},"_scale":{"__type__":"cc.Vec3","x":1,"y":1,"z":1}},{"__type__":"cc.Node","_name":"img_chair_1","_parent":{"__id__":2},"_level":3,"_components":[{"__type__":"cc.Sprite","node":{"__id__":16},"_spriteFrame":{"__uuid__":"eebaEQ2oZOoaPvS6y6Qgy8"}}],"_prefab":{"__type__":"cc.PrefabInfo","root":{"__id__":1},"asset":{"__uuid__":"58y1UBfTxPFL1KoNS1Ov7i"},"fileId":"76K06ETcdDCp++vAaQAUaj"},"_contentSize":{"__type__":"cc.Size","width":97,"height":154},"_position":{"__type__":"cc.Vec3","x":-74,"y":-265},"_scale":{"__type__":"cc.Vec3","x":1,"y":1,"z":1}},{"__type__":"cc.Node","_name":"img_student","_parent":{"__id__":2},"_level":3,"_components":[{"__type__":"cc.Sprite","node":{"__id__":17},"_spriteFrame":{"__uuid__":"3dDXvrfKRIqZlwOIX5ajT8"}}],"_prefab":{"__type__":"cc.PrefabInfo","root":{"__id__":1},"asset":{"__uuid__":"58y1UBfTxPFL1KoNS1Ov7i"},"fileId":"a3JCneNQlNG5uO4cTHNlHl"},"_contentSize":{"__type__":"cc.Size","width":213,"height":208},"_position":{"__type__":"cc.Vec3","x":195,"y":-179},"_scale":{"__type__":"cc.Vec3","x":1,"y":1,"z":1}},{"__type__":"cc.Node","_name":"img_chair_2","_parent":{"__id__":2},"_level":3,"_components":[{"__type__":"cc.Sprite","node":{"__id__":18},"_spriteFrame":{"__uuid__":"27XgloPi1JkLqlqzQtkgFX"}}],"_prefab":{"__type__":"cc.PrefabInfo","root":{"__id__":1},"asset":{"__uuid__":"58y1UBfTxPFL1KoNS1Ov7i"},"fileId":"a44Fw1rI9O3bXJPnDswZzV"},"_contentSize":{"__type__":"cc.Size","width":164,"height":304},"_position":{"__type__":"cc.Vec3","x":196,"y":-192},"_scale":{"__type__":"cc.Vec3","x":1,"y":1,"z":1}},{"__type__":"cc.Node","_name":"item_bag","_parent":{"__id__":2},"_level":3,"_components":[{"__type__":"cc.Sprite","node":{"__id__":19},"_spriteFrame":{"__uuid__":"9bzp9tElBDg6AMRaEy5+A9"}}],"_prefab":{"__type__":"cc.PrefabInfo","root":{"__id__":1},"asset":{"__uuid__":"58y1UBfTxPFL1KoNS1Ov7i"},"fileId":"506Uspi61JfYQU32TNedWB"},"_contentSize":{"__type__":"cc.Size","width":126,"height":135},"_position":{"__type__":"cc.Vec3","x":-128,"y":-301},"_scale":{"__type__":"cc.Vec3","x":1,"y":1,"z":1}},{"__type__":"cc.Node","_name":"item_2","_parent":{"__id__":2},"_level":3,"_components":[{"__type__":"cc.Sprite","node":{"__id__":20},"_spriteFrame":{"__uuid__":"937bxaBvFIi6HV7D+LnoRo"}}],"_prefab":{"__type__":"cc.PrefabInfo","root":{"__id__":1},"asset":{"__uuid__":"58y1UBfTxPFL1KoNS1Ov7i"},"fileId":"577Uwfg99CZ5bHmTX7aLH9"},"_contentSize":{"__type__":"cc.Size","width":30,"height":25},"_position":{"__type__":"cc.Vec3","x":-11,"y":-134},"_scale":{"__type__":"cc.Vec3","x":1,"y":1,"z":1}},{"__type__":"cc.Node","_name":"item_3","_parent":{"__id__":2},"_active":false,"_level":3,"_components":[{"__type__":"cc.Sprite","node":{"__id__":21},"_spriteFrame":{"__uuid__":"d8yZAcHkxJOI2pi2sY3Qkt"}}],"_prefab":{"__type__":"cc.PrefabInfo","root":{"__id__":1},"asset":{"__uuid__":"58y1UBfTxPFL1KoNS1Ov7i"},"fileId":"10jcm8WmxN1avxBxSVj/Yy"},"_contentSize":{"__type__":"cc.Size","width":93,"height":356},"_position":{"__type__":"cc.Vec3","x":-300,"y":154},"_scale":{"__type__":"cc.Vec3","x":1,"y":1,"z":1}}]