[{"__type__":"cc.Prefab","_name":"GameLevel4","data":{"__id__":1}},{"__type__":"cc.Node","_name":"GameLevel4","_children":[{"__id__":2},{"__id__":25}],"_level":1,"_prefab":{"__type__":"cc.PrefabInfo","root":{"__id__":1},"asset":{"__uuid__":"4c+El10vdFh7icOBrYiSMf"},"fileId":"e5UKqe25tHw4lDjLotWmwl"},"_contentSize":{"__type__":"cc.Size","width":720,"height":1280},"_scale":{"__type__":"cc.Vec3","x":1,"y":1,"z":1}},{"__type__":"cc.Node","_name":"page_1","_parent":{"__id__":1},"_children":[{"__id__":3},{"__id__":4},{"__id__":5},{"__id__":6},{"__id__":7},{"__id__":8},{"__id__":9},{"__id__":10},{"__id__":11},{"__id__":12},{"__id__":13},{"__id__":14},{"__id__":15},{"__id__":16},{"__id__":17},{"__id__":18},{"__id__":19},{"__id__":20},{"__id__":21},{"__id__":22},{"__id__":23},{"__id__":24}],"_level":2,"_prefab":{"__type__":"cc.PrefabInfo","root":{"__id__":1},"asset":{"__uuid__":"4c+El10vdFh7icOBrYiSMf"},"fileId":"c8cSdsDZlA7L7G2hwVrUVA"},"_contentSize":{"__type__":"cc.Size","width":720,"height":1280},"_scale":{"__type__":"cc.Vec3","x":1,"y":1,"z":1}},{"__type__":"cc.Node","_name":"bg","_parent":{"__id__":2},"_level":3,"_components":[{"__type__":"cc.Sprite","node":{"__id__":3},"_spriteFrame":{"__uuid__":"2bB3xAnBRL8b1T+LH6w2yz"}}],"_prefab":{"__type__":"cc.PrefabInfo","root":{"__id__":1},"asset":{"__uuid__":"4c+El10vdFh7icOBrYiSMf"},"fileId":"d3DyZ5AnBEh4IuSMJKjQmk"},"_contentSize":{"__type__":"cc.Size","width":720,"height":1280},"_scale":{"__type__":"cc.Vec3","x":1,"y":1,"z":1}},{"__type__":"cc.Node","_name":"item_1","_parent":{"__id__":2},"_level":3,"_components":[{"__type__":"cc.Sprite","node":{"__id__":4},"_spriteFrame":{"__uuid__":"5du2P3i7JP6oAe0tIkFFSh"}}],"_prefab":{"__type__":"cc.PrefabInfo","root":{"__id__":1},"asset":{"__uuid__":"4c+El10vdFh7icOBrYiSMf"},"fileId":"b528vTPZxA2amwygsWB1cJ"},"_contentSize":{"__type__":"cc.Size","width":50,"height":100},"_position":{"__type__":"cc.Vec3","x":-351,"y":238},"_scale":{"__type__":"cc.Vec3","x":1,"y":1,"z":1}},{"__type__":"cc.Node","_name":"item_2","_parent":{"__id__":2},"_level":3,"_components":[{"__type__":"cc.Sprite","node":{"__id__":5},"_spriteFrame":{"__uuid__":"37cXiSv79FVqHxQDAWBwt6"}}],"_prefab":{"__type__":"cc.PrefabInfo","root":{"__id__":1},"asset":{"__uuid__":"4c+El10vdFh7icOBrYiSMf"},"fileId":"feImQ0LwNCk5CHzvbQ4hFX"},"_opacity":0,"_contentSize":{"__type__":"cc.Size","width":93,"height":356},"_position":{"__type__":"cc.Vec3","x":-300,"y":154},"_scale":{"__type__":"cc.Vec3","x":1,"y":1,"z":1}},{"__type__":"cc.Node","_name":"n_door","_parent":{"__id__":2},"_level":3,"_components":[{"__type__":"cc.Sprite","node":{"__id__":6},"_spriteFrame":{"__uuid__":"a2MjXRFdtLlYQ5ouAFv/+R"},"_sizeMode":0}],"_prefab":{"__type__":"cc.PrefabInfo","root":{"__id__":1},"asset":{"__uuid__":"4c+El10vdFh7icOBrYiSMf"},"fileId":"37oCcwCvFANJb0wpzvvPYP"},"_opacity":0,"_color":{"__type__":"cc.Color","r":255},"_contentSize":{"__type__":"cc.Size","width":185,"height":361},"_position":{"__type__":"cc.Vec3","x":-267,"y":208},"_scale":{"__type__":"cc.Vec3","x":1,"y":1,"z":1}},{"__type__":"cc.Node","_name":"img_bookcase","_parent":{"__id__":2},"_level":3,"_components":[{"__type__":"cc.Sprite","node":{"__id__":7},"_spriteFrame":{"__uuid__":"21dD4h5y1BzbiJshGz3a0S"}}],"_prefab":{"__type__":"cc.PrefabInfo","root":{"__id__":1},"asset":{"__uuid__":"4c+El10vdFh7icOBrYiSMf"},"fileId":"7f04IhLPBCWpkuTOFoSezr"},"_contentSize":{"__type__":"cc.Size","width":86,"height":115},"_position":{"__type__":"cc.Vec3","x":318,"y":275},"_scale":{"__type__":"cc.Vec3","x":1,"y":1,"z":1}},{"__type__":"cc.Node","_name":"img_blackbood","_parent":{"__id__":2},"_level":3,"_components":[{"__type__":"cc.Sprite","node":{"__id__":8},"_spriteFrame":{"__uuid__":"9arJfLtwRA7oU5tF0TmQF5"}}],"_prefab":{"__type__":"cc.PrefabInfo","root":{"__id__":1},"asset":{"__uuid__":"4c+El10vdFh7icOBrYiSMf"},"fileId":"15TlbW5j9CN47wCfRhCskT"},"_contentSize":{"__type__":"cc.Size","width":397,"height":226},"_position":{"__type__":"cc.Vec3","x":58,"y":290},"_scale":{"__type__":"cc.Vec3","x":1,"y":1,"z":1}},{"__type__":"cc.Node","_name":"item_3","_parent":{"__id__":2},"_level":3,"_components":[{"__type__":"cc.Sprite","node":{"__id__":9},"_spriteFrame":{"__uuid__":"ebza2GkV1MeajoryV2rRGL"}}],"_prefab":{"__type__":"cc.PrefabInfo","root":{"__id__":1},"asset":{"__uuid__":"4c+El10vdFh7icOBrYiSMf"},"fileId":"7a0xoUn2RCz533xRgCJLw9"},"_opacity":0,"_contentSize":{"__type__":"cc.Size","width":250,"height":340},"_position":{"__type__":"cc.Vec3","x":-218,"y":109},"_scale":{"__type__":"cc.Vec3","x":1,"y":1,"z":1}},{"__type__":"cc.Node","_name":"img_bell","_parent":{"__id__":2},"_level":3,"_components":[{"__type__":"cc.Sprite","node":{"__id__":10},"_spriteFrame":{"__uuid__":"53RflWhOVCRoS9ECViNohE"}}],"_prefab":{"__type__":"cc.PrefabInfo","root":{"__id__":1},"asset":{"__uuid__":"4c+El10vdFh7icOBrYiSMf"},"fileId":"00klaaw9dMxrQvmg5yq2Vt"},"_contentSize":{"__type__":"cc.Size","width":71,"height":87},"_position":{"__type__":"cc.Vec3","x":248,"y":465},"_scale":{"__type__":"cc.Vec3","x":1,"y":1,"z":1}},{"__type__":"cc.Node","_name":"img_clock","_parent":{"__id__":2},"_level":3,"_components":[{"__type__":"cc.Sprite","node":{"__id__":11},"_spriteFrame":{"__uuid__":"cbsRSoIZ1LZ6rux1wpoQa3"}}],"_prefab":{"__type__":"cc.PrefabInfo","root":{"__id__":1},"asset":{"__uuid__":"4c+El10vdFh7icOBrYiSMf"},"fileId":"e7ZgXPLF9H/rW6B2orZEme"},"_contentSize":{"__type__":"cc.Size","width":80,"height":80},"_position":{"__type__":"cc.Vec3","x":53,"y":460},"_scale":{"__type__":"cc.Vec3","x":1,"y":1,"z":1}},{"__type__":"cc.Node","_name":"img_chest","_parent":{"__id__":2},"_level":3,"_components":[{"__type__":"cc.Sprite","node":{"__id__":12},"_spriteFrame":{"__uuid__":"df37GoDnNDUb7R/Xc18dmq"}}],"_prefab":{"__type__":"cc.PrefabInfo","root":{"__id__":1},"asset":{"__uuid__":"4c+El10vdFh7icOBrYiSMf"},"fileId":"8aslIonpNB/p1opQAm/nul"},"_contentSize":{"__type__":"cc.Size","width":103,"height":178},"_position":{"__type__":"cc.Vec3","x":310,"y":93},"_scale":{"__type__":"cc.Vec3","x":1,"y":1,"z":1}},{"__type__":"cc.Node","_name":"img_dais","_parent":{"__id__":2},"_level":3,"_components":[{"__type__":"cc.Sprite","node":{"__id__":13},"_spriteFrame":{"__uuid__":"70Q4ZCSldItrfYAOSp8r9+"}}],"_prefab":{"__type__":"cc.PrefabInfo","root":{"__id__":1},"asset":{"__uuid__":"4c+El10vdFh7icOBrYiSMf"},"fileId":"fbzkGNw8ZMPL5+kC3Nbd+G"},"_contentSize":{"__type__":"cc.Size","width":248,"height":180},"_position":{"__type__":"cc.Vec3","x":78,"y":35},"_scale":{"__type__":"cc.Vec3","x":1,"y":1,"z":1}},{"__type__":"cc.Node","_name":"img_glass","_parent":{"__id__":2},"_level":3,"_components":[{"__type__":"cc.Sprite","node":{"__id__":14},"_spriteFrame":{"__uuid__":"bca3zqRclF4KqiO0FcquC9"}}],"_prefab":{"__type__":"cc.PrefabInfo","root":{"__id__":1},"asset":{"__uuid__":"4c+El10vdFh7icOBrYiSMf"},"fileId":"370reduQlKPpYvChWSNhv6"},"_contentSize":{"__type__":"cc.Size","width":37,"height":37},"_position":{"__type__":"cc.Vec3","x":159,"y":110},"_scale":{"__type__":"cc.Vec3","x":1,"y":1,"z":1}},{"__type__":"cc.Node","_name":"item_book","_parent":{"__id__":2},"_level":3,"_components":[{"__type__":"cc.Sprite","node":{"__id__":15},"_spriteFrame":{"__uuid__":"00k8lo7aNBiIUhW5jVoSSL"}}],"_prefab":{"__type__":"cc.PrefabInfo","root":{"__id__":1},"asset":{"__uuid__":"4c+El10vdFh7icOBrYiSMf"},"fileId":"05/U4P2QlJWLVZPb0VcbjL"},"_contentSize":{"__type__":"cc.Size","width":131,"height":38},"_position":{"__type__":"cc.Vec3","x":61,"y":106},"_scale":{"__type__":"cc.Vec3","x":1,"y":1,"z":1}},{"__type__":"cc.Node","_name":"item_5","_parent":{"__id__":2},"_level":3,"_components":[{"__type__":"cc.Sprite","node":{"__id__":16},"_spriteFrame":{"__uuid__":"11pMBtOLNOppt0zoIii19J"}}],"_prefab":{"__type__":"cc.PrefabInfo","root":{"__id__":1},"asset":{"__uuid__":"4c+El10vdFh7icOBrYiSMf"},"fileId":"3dDKYHHINGpp4m6daSBrsQ"},"_opacity":0,"_contentSize":{"__type__":"cc.Size","width":172,"height":555},"_position":{"__type__":"cc.Vec3","x":62,"y":70},"_scale":{"__type__":"cc.Vec3","x":0.6,"y":0.6,"z":1}},{"__type__":"cc.Node","_name":"img_desk_1","_parent":{"__id__":2},"_level":3,"_components":[{"__type__":"cc.Sprite","node":{"__id__":17},"_spriteFrame":{"__uuid__":"3dDXvrfKRIqZlwOIX5ajT8"}}],"_prefab":{"__type__":"cc.PrefabInfo","root":{"__id__":1},"asset":{"__uuid__":"4c+El10vdFh7icOBrYiSMf"},"fileId":"ddAO262PFI14+31zGqoifu"},"_contentSize":{"__type__":"cc.Size","width":213,"height":208},"_position":{"__type__":"cc.Vec3","x":-75,"y":-180},"_scale":{"__type__":"cc.Vec3","x":1,"y":1,"z":1}},{"__type__":"cc.Node","_name":"img_chair_1","_parent":{"__id__":2},"_level":3,"_components":[{"__type__":"cc.Sprite","node":{"__id__":18},"_spriteFrame":{"__uuid__":"eebaEQ2oZOoaPvS6y6Qgy8"}}],"_prefab":{"__type__":"cc.PrefabInfo","root":{"__id__":1},"asset":{"__uuid__":"4c+El10vdFh7icOBrYiSMf"},"fileId":"b03rfkKUZCGqVKllnlW7j3"},"_contentSize":{"__type__":"cc.Size","width":97,"height":154},"_position":{"__type__":"cc.Vec3","x":-74,"y":-265},"_scale":{"__type__":"cc.Vec3","x":1,"y":1,"z":1}},{"__type__":"cc.Node","_name":"img_desk_2","_parent":{"__id__":2},"_level":3,"_components":[{"__type__":"cc.Sprite","node":{"__id__":19},"_spriteFrame":{"__uuid__":"3dDXvrfKRIqZlwOIX5ajT8"}}],"_prefab":{"__type__":"cc.PrefabInfo","root":{"__id__":1},"asset":{"__uuid__":"4c+El10vdFh7icOBrYiSMf"},"fileId":"12y66LNwNA3pDbWwxjhIXh"},"_contentSize":{"__type__":"cc.Size","width":213,"height":208},"_position":{"__type__":"cc.Vec3","x":195,"y":-179},"_scale":{"__type__":"cc.Vec3","x":1,"y":1,"z":1}},{"__type__":"cc.Node","_name":"img_chair_2","_parent":{"__id__":2},"_level":3,"_components":[{"__type__":"cc.Sprite","node":{"__id__":20},"_spriteFrame":{"__uuid__":"eebaEQ2oZOoaPvS6y6Qgy8"}}],"_prefab":{"__type__":"cc.PrefabInfo","root":{"__id__":1},"asset":{"__uuid__":"4c+El10vdFh7icOBrYiSMf"},"fileId":"67S41WjjJNNrqSq+AIYy5d"},"_contentSize":{"__type__":"cc.Size","width":97,"height":154},"_position":{"__type__":"cc.Vec3","x":196,"y":-265},"_scale":{"__type__":"cc.Vec3","x":1,"y":1,"z":1}},{"__type__":"cc.Node","_name":"item_bag","_parent":{"__id__":2},"_level":3,"_components":[{"__type__":"cc.Sprite","node":{"__id__":21},"_spriteFrame":{"__uuid__":"9bzp9tElBDg6AMRaEy5+A9"}}],"_prefab":{"__type__":"cc.PrefabInfo","root":{"__id__":1},"asset":{"__uuid__":"4c+El10vdFh7icOBrYiSMf"},"fileId":"263kTzyJxEqoU088+/Q28y"},"_contentSize":{"__type__":"cc.Size","width":126,"height":135},"_position":{"__type__":"cc.Vec3","x":-128,"y":-301},"_scale":{"__type__":"cc.Vec3","x":1,"y":1,"z":1}},{"__type__":"cc.Node","_name":"item_4","_parent":{"__id__":2},"_level":3,"_components":[{"__type__":"cc.Sprite","node":{"__id__":22},"_spriteFrame":{"__uuid__":"e3nnawzFNK7o5kzI3rZA5s"}}],"_prefab":{"__type__":"cc.PrefabInfo","root":{"__id__":1},"asset":{"__uuid__":"4c+El10vdFh7icOBrYiSMf"},"fileId":"a72ha8Qq1Ozp8cV96Q2w9q"},"_contentSize":{"__type__":"cc.Size","width":44,"height":21},"_position":{"__type__":"cc.Vec3","x":146,"y":-137},"_scale":{"__type__":"cc.Vec3","x":1,"y":1,"z":1}},{"__type__":"cc.Node","_name":"item_6","_parent":{"__id__":2},"_level":3,"_components":[{"__type__":"cc.Sprite","node":{"__id__":23},"_spriteFrame":{"__uuid__":"75YJC5xxhJNrQK1q/j3KfR"}}],"_prefab":{"__type__":"cc.PrefabInfo","root":{"__id__":1},"asset":{"__uuid__":"4c+El10vdFh7icOBrYiSMf"},"fileId":"8432L6GuZB6YsyERpM39I9"},"_opacity":0,"_contentSize":{"__type__":"cc.Size","width":147,"height":210},"_position":{"__type__":"cc.Vec3","x":-245,"y":26},"_scale":{"__type__":"cc.Vec3","x":1,"y":1,"z":1}},{"__type__":"cc.Node","_name":"item_7","_parent":{"__id__":2},"_active":false,"_level":3,"_components":[{"__type__":"cc.Sprite","node":{"__id__":24},"_spriteFrame":{"__uuid__":"38ZVgqMgtGSKxVB/6Qw5aD"}}],"_prefab":{"__type__":"cc.PrefabInfo","root":{"__id__":1},"asset":{"__uuid__":"4c+El10vdFh7icOBrYiSMf"},"fileId":"02A1O4PP5DaZnh6birByl6"},"_contentSize":{"__type__":"cc.Size","width":61,"height":85},"_position":{"__type__":"cc.Vec3","x":-295,"y":-18},"_scale":{"__type__":"cc.Vec3","x":1,"y":1,"z":1},"_rotationX":-30,"_rotationY":-30,"_quat":{"__type__":"cc.Quat","z":0.25881904510252074,"w":0.9659258262890683}},{"__type__":"cc.Node","_name":"page_2","_objFlags":512,"_parent":{"__id__":1},"_children":[{"__id__":26},{"__id__":27},{"__id__":28},{"__id__":29},{"__id__":30},{"__id__":31}],"_level":2,"_prefab":{"__type__":"cc.PrefabInfo","root":{"__id__":1},"asset":{"__uuid__":"4c+El10vdFh7icOBrYiSMf"},"fileId":"ebWg6uExRIPLpbWZQRzqu5"},"_contentSize":{"__type__":"cc.Size","width":720,"height":1280},"_scale":{"__type__":"cc.Vec3","x":1,"y":1,"z":1}},{"__type__":"cc.Node","_name":"bg","_parent":{"__id__":25},"_level":3,"_components":[{"__type__":"cc.Sprite","node":{"__id__":26},"_spriteFrame":{"__uuid__":"56j5PRCX5EepeqXS0AH+VA"}}],"_prefab":{"__type__":"cc.PrefabInfo","root":{"__id__":1},"asset":{"__uuid__":"4c+El10vdFh7icOBrYiSMf"},"fileId":"11aYvcHY5IDatEk5pnMs+D"},"_contentSize":{"__type__":"cc.Size","width":720,"height":1280},"_scale":{"__type__":"cc.Vec3","x":1,"y":1,"z":1}},{"__type__":"cc.Node","_name":"item_21","_parent":{"__id__":25},"_level":3,"_components":[{"__type__":"cc.Sprite","node":{"__id__":27},"_spriteFrame":{"__uuid__":"16z3DY5xtDBq5eZCuNq4Pn"},"_sizeMode":2}],"_prefab":{"__type__":"cc.PrefabInfo","root":{"__id__":1},"asset":{"__uuid__":"4c+El10vdFh7icOBrYiSMf"},"fileId":"4a7QaD1AlOdrxlR33iEODv"},"_contentSize":{"__type__":"cc.Size","width":340,"height":394},"_position":{"__type__":"cc.Vec3","x":139,"y":327},"_scale":{"__type__":"cc.Vec3","x":1,"y":1,"z":1}},{"__type__":"cc.Node","_name":"item_22","_parent":{"__id__":25},"_level":3,"_components":[{"__type__":"cc.Sprite","node":{"__id__":28},"_spriteFrame":{"__uuid__":"5bcx9/qQdKLaDv27TtjFN0"}}],"_prefab":{"__type__":"cc.PrefabInfo","root":{"__id__":1},"asset":{"__uuid__":"4c+El10vdFh7icOBrYiSMf"},"fileId":"52hcWmLotGsJ72fa+JrQB2"},"_contentSize":{"__type__":"cc.Size","width":119,"height":207},"_position":{"__type__":"cc.Vec3","x":-133,"y":210},"_scale":{"__type__":"cc.Vec3","x":1,"y":1,"z":1}},{"__type__":"cc.Node","_name":"item_25","_parent":{"__id__":25},"_active":false,"_level":3,"_components":[{"__type__":"cc.Sprite","node":{"__id__":29},"_spriteFrame":{"__uuid__":"22zEj2V1VGtYCGu1GXOlnC"}}],"_prefab":{"__type__":"cc.PrefabInfo","root":{"__id__":1},"asset":{"__uuid__":"4c+El10vdFh7icOBrYiSMf"},"fileId":"e39VswiQdIy7zpBhpZxpGE"},"_contentSize":{"__type__":"cc.Size","width":191,"height":665},"_position":{"__type__":"cc.Vec3","x":62,"y":75},"_scale":{"__type__":"cc.Vec3","x":0.6,"y":0.6,"z":1}},{"__type__":"cc.Node","_name":"item_24","_parent":{"__id__":25},"_active":false,"_level":3,"_components":[{"__type__":"cc.Sprite","node":{"__id__":30},"_spriteFrame":{"__uuid__":"7emwo/p85AOobPfiekdRgN"}}],"_prefab":{"__type__":"cc.PrefabInfo","root":{"__id__":1},"asset":{"__uuid__":"4c+El10vdFh7icOBrYiSMf"},"fileId":"12yfafj/NDpIfIbDaw4mEz"},"_contentSize":{"__type__":"cc.Size","width":266,"height":278},"_position":{"__type__":"cc.Vec3","x":211,"y":188},"_scale":{"__type__":"cc.Vec3","x":1,"y":1,"z":1}},{"__type__":"cc.Node","_name":"node_mask","_parent":{"__id__":25},"_children":[{"__id__":32}],"_level":3,"_components":[{"__type__":"cc.Mask","node":{"__id__":31}}],"_prefab":{"__type__":"cc.PrefabInfo","root":{"__id__":1},"asset":{"__uuid__":"4c+El10vdFh7icOBrYiSMf"},"fileId":"f68hutl0tMg549UwcenhRQ"},"_contentSize":{"__type__":"cc.Size","width":147,"height":450},"_position":{"__type__":"cc.Vec3","x":221,"y":272},"_scale":{"__type__":"cc.Vec3","x":1,"y":1,"z":1}},{"__type__":"cc.Node","_name":"item_23","_parent":{"__id__":31},"_level":4,"_components":[{"__type__":"cc.Sprite","node":{"__id__":32},"_spriteFrame":{"__uuid__":"fbgwjLYdhAE7CXl4rn24hy"}}],"_prefab":{"__type__":"cc.PrefabInfo","root":{"__id__":1},"asset":{"__uuid__":"4c+El10vdFh7icOBrYiSMf"},"fileId":"8bvwng5XZL7oXvKNK4GpFI"},"_contentSize":{"__type__":"cc.Size","width":137,"height":113},"_position":{"__type__":"cc.Vec3","y":-57},"_scale":{"__type__":"cc.Vec3","x":1,"y":1,"z":1}}]