[{"__type__":"cc.SpriteFrame","content":{"name":"img_desc_7","texture":"0cTo04ekJI07ZeOLnDz063","rect":[2,2,541,672],"offset":[0,0],"originalSize":[541,672]}},{"__type__":"cc.SpriteAtlas","_name":"play_desc_dialog.plist","_spriteFrames":{"img_desc_1":{"__uuid__":"75lcZnfyVOjqc22rjSeTH4"},"img_desc_2":{"__uuid__":"db7Dt02ctPQ7XMRajn9pFu"},"img_desc_3":{"__uuid__":"d3NoXrRv1CkbVPmRSDD8Mb"},"img_desc_4":{"__uuid__":"7fTrnarBhGH6s7XTLqwDce"},"img_desc_5":{"__uuid__":"9br9pENUpExL0G7t4iDij1"},"img_desc_6":{"__uuid__":"49fQqr+HxIeYayctiRJI/N"},"img_desc_7":{"__uuid__":"0fCU/kyzRDLI8d9Ud0w/8o"}}},{"__type__":"cc.SpriteFrame","content":{"name":"img_desc_6","texture":"0cTo04ekJI07ZeOLnDz063","rect":[545,2,541,672],"offset":[0,0],"originalSize":[541,672]}},{"__type__":"cc.SpriteFrame","content":{"name":"img_desc_1","texture":"0cTo04ekJI07ZeOLnDz063","rect":[83,676,70,106],"offset":[0,0],"originalSize":[70,106],"rotated":1}},{"__type__":"cc.SpriteFrame","content":{"name":"img_desc_4","texture":"0cTo04ekJI07ZeOLnDz063","rect":[191,676,203,41],"offset":[0,0],"originalSize":[203,41]}},{"__type__":"cc.SpriteFrame","content":{"name":"img_desc_5","texture":"0cTo04ekJI07ZeOLnDz063","rect":[2,676,79,79],"offset":[0,0],"originalSize":[79,79]}},{"__type__":"cc.SpriteFrame","content":{"name":"img_desc_3","texture":"0cTo04ekJI07ZeOLnDz063","rect":[1088,2,541,672],"offset":[0,0],"originalSize":[541,672]}},{"__type__":"cc.SpriteFrame","content":{"name":"img_desc_2","texture":"0cTo04ekJI07ZeOLnDz063","rect":[396,676,37,258],"offset":[0,0],"originalSize":[37,258],"rotated":1}}]