[{"__type__":"cc.SpriteFrame","content":{"name":"global_power_icon","texture":"eeYzDQvxRGXIK09PfLFRCt","rect":[119,192,39,48],"offset":[0,0],"originalSize":[39,48]}},{"__type__":"cc.SpriteFrame","content":{"name":"global_img_avatar_bottom","texture":"eeYzDQvxRGXIK09PfLFRCt","rect":[442,2,129,129],"offset":[0,0],"originalSize":[129,129]}},{"__type__":"cc.SpriteFrame","content":{"name":"global_add","texture":"eeYzDQvxRGXIK09PfLFRCt","rect":[64,192,53,53],"offset":[0,0],"originalSize":[53,53]}},{"__type__":"cc.SpriteFrame","content":{"name":"power_num_2","texture":"eeYzDQvxRGXIK09PfLFRCt","rect":[182,192,20,24],"offset":[0,0],"originalSize":[20,24]}},{"__type__":"cc.SpriteFrame","content":{"name":"global_rect_head_mask","texture":"eeYzDQvxRGXIK09PfLFRCt","rect":[305,2,130,130],"offset":[0,0],"originalSize":[130,130]}},{"__type__":"cc.SpriteAtlas","_name":"global.plist","_spriteFrames":{"global_add":{"__uuid__":"2fCs8IcZJOALdaBzDRZom4"},"global_bg9":{"__uuid__":"47kOV19uBJoYUuaaort7or"},"global_bubble":{"__uuid__":"9dM+WsOHVL1buYpZhU9xqF"},"global_img_avatar_bottom":{"__uuid__":"21RZRxx5dKZ55z4BDgXlUY"},"global_loadding":{"__uuid__":"91C2dObthHP7Rgn19mwHIZ"},"global_loadding_bg":{"__uuid__":"976NDpDfpGFp6URswv+bw+"},"global_power_bg":{"__uuid__":"e9wRcEmxFG9bY0dxWC0vHt"},"global_power_icon":{"__uuid__":"1f3mvAM9ZKzZe3FhuMKatr"},"global_rect_head_mask":{"__uuid__":"3fzUMVL7RBbaZjmzuK+azX"},"global_red_pot":{"__uuid__":"b3PA79K1dEbL5Zh1X7E9m5"},"power_num_0":{"__uuid__":"cfdqzAEllKKJ+Z/QWu7tHT"},"power_num_1":{"__uuid__":"84sNTYzTpHVaKQ7dhrk0wq"},"power_num_2":{"__uuid__":"3boWSEX2VPlJuWSHiS0oYK"},"power_num_3":{"__uuid__":"abZV//oj1AEYMWAoOpGLaA"},"power_num_4":{"__uuid__":"ecnKZxoVRNbpz/mOn9pASZ"},"power_num_5":{"__uuid__":"b91He0IfVCcqR/8SL1eFDj"}}},{"__type__":"cc.SpriteFrame","content":{"name":"global_bg9","texture":"eeYzDQvxRGXIK09PfLFRCt","rect":[2,192,60,60],"offset":[0,0],"originalSize":[60,60]}},{"__type__":"cc.SpriteFrame","content":{"name":"power_num_1","texture":"eeYzDQvxRGXIK09PfLFRCt","rect":[192,171,15,24],"offset":[0,0],"originalSize":[15,24],"rotated":1}},{"__type__":"cc.SpriteFrame","content":{"name":"global_loadding","texture":"eeYzDQvxRGXIK09PfLFRCt","rect":[442,133,86,86],"offset":[0,0],"originalSize":[86,86]}},{"__type__":"cc.SpriteFrame","content":{"name":"global_loadding_bg","texture":"eeYzDQvxRGXIK09PfLFRCt","rect":[2,2,188,188],"offset":[0,0],"originalSize":[188,188]}},{"__type__":"cc.SpriteFrame","content":{"name":"global_bubble","texture":"eeYzDQvxRGXIK09PfLFRCt","rect":[192,2,167,111],"offset":[0,0],"originalSize":[167,111],"rotated":1}},{"__type__":"cc.SpriteFrame","content":{"name":"power_num_3","texture":"eeYzDQvxRGXIK09PfLFRCt","rect":[160,218,20,24],"offset":[0,0],"originalSize":[20,24]}},{"__type__":"cc.SpriteFrame","content":{"name":"global_red_pot","texture":"eeYzDQvxRGXIK09PfLFRCt","rect":[204,188,15,15],"offset":[0,0],"originalSize":[15,15]}},{"__type__":"cc.SpriteFrame","content":{"name":"power_num_5","texture":"eeYzDQvxRGXIK09PfLFRCt","rect":[182,218,19,25],"offset":[0,0],"originalSize":[19,25]}},{"__type__":"cc.SpriteFrame","content":{"name":"power_num_0","texture":"eeYzDQvxRGXIK09PfLFRCt","rect":[203,218,19,25],"offset":[0,0],"originalSize":[19,25]}},{"__type__":"cc.SpriteFrame","content":{"name":"global_power_bg","texture":"eeYzDQvxRGXIK09PfLFRCt","rect":[224,171,216,82],"offset":[0,0],"originalSize":[216,82],"capInsets":[42,0,37,0]}},{"__type__":"cc.SpriteFrame","content":{"name":"power_num_4","texture":"eeYzDQvxRGXIK09PfLFRCt","rect":[160,192,20,24],"offset":[0,0],"originalSize":[20,24]}}]