{"__type__":"cc.AnimationClip","_name":"fx_clear","_duration":0.2833333333333333,"wrapMode":"1","curveData":{"comps":{"cc.Sprite":{"spriteFrame":[{"frame":0.016666666666666666,"value":{"__uuid__":"0czpOp9CxNaYBueyTHKYrL"}},{"frame":0.06666666666666667,"value":{"__uuid__":"020pm/xY5KOaXvzoedwVFJ"}},{"frame":0.11666666666666667,"value":{"__uuid__":"05eViImh1KIbcKMjG4DyIU"}},{"frame":0.16666666666666666,"value":{"__uuid__":"d8eDQSfZ5KXY6bzJ6PoNxw"}},{"frame":0.21666666666666667,"value":{"__uuid__":"086j13SqRBsoxXt7Ic6LKK"}},{"frame":0.26666666666666666,"value":{"__uuid__":"4eGO6GkzVLhLiw3ZTxUO3t"}}]}}}}