[{"__type__":"cc.Prefab","_name":"CheckDialog","data":{"__id__":1}},{"__type__":"cc.Node","_name":"CheckDialog","_children":[{"__id__":2},{"__id__":3}],"_level":1,"_components":[{"__type__":"cc.Widget","node":{"__id__":1},"_alignFlags":45,"_originalWidth":750,"_originalHeight":1334},{"__type__":"6bed5OaM9NFQJOsLzSbGVr7","node":{"__id__":1},"args":{},"pan_mask":{"__id__":2},"NewGame_btn":{"__id__":7},"Resume_btn":{"__id__":5},"close_btn":{"__id__":9}}],"_prefab":{"__type__":"cc.PrefabInfo","root":{"__id__":1},"asset":{"__uuid__":"5bOFguandJNbH8xbhOKNPa"},"fileId":"e5UKqe25tHw4lDjLotWmwl"},"_contentSize":{"__type__":"cc.Size","width":720,"height":1280},"_position":{"__type__":"cc.Vec3","x":360,"y":640},"_scale":{"__type__":"cc.Vec3","x":1,"y":1,"z":1}},{"__type__":"cc.Node","_name":"pan_mask","_parent":{"__id__":1},"_level":2,"_components":[{"__type__":"cc.Sprite","node":{"__id__":2},"_spriteFrame":{"__uuid__":"a2MjXRFdtLlYQ5ouAFv/+R"},"_sizeMode":0},{"__type__":"cc.Widget","node":{"__id__":2},"_target":{"__id__":1},"_alignFlags":45,"_originalWidth":720,"_originalHeight":1280}],"_prefab":{"__type__":"cc.PrefabInfo","root":{"__id__":1},"asset":{"__uuid__":"5bOFguandJNbH8xbhOKNPa"},"fileId":"cc5b6TK3hP7YScZFPMK4sH"},"_opacity":200,"_color":{"__type__":"cc.Color"},"_contentSize":{"__type__":"cc.Size","width":720,"height":1280},"_scale":{"__type__":"cc.Vec3","x":1,"y":1,"z":1}},{"__type__":"cc.Node","_name":"Check_bg","_parent":{"__id__":1},"_children":[{"__id__":4},{"__id__":5},{"__id__":7},{"__id__":9}],"_level":2,"_components":[{"__type__":"cc.Sprite","node":{"__id__":3},"_spriteFrame":{"__uuid__":"e9gp7NXLFAMpfZfLRje4kh"}},{"__type__":"cc.Widget","node":{"__id__":3},"_alignFlags":16,"_verticalCenter":111}],"_prefab":{"__type__":"cc.PrefabInfo","root":{"__id__":1},"asset":{"__uuid__":"5bOFguandJNbH8xbhOKNPa"},"fileId":"f3OVMFNuVKVYpDsLlZ+je6"},"_contentSize":{"__type__":"cc.Size","width":573,"height":477},"_position":{"__type__":"cc.Vec3","y":111},"_scale":{"__type__":"cc.Vec3","x":1,"y":1,"z":1}},{"__type__":"cc.Node","_name":"check_txt","_parent":{"__id__":3},"_level":3,"_components":[{"__type__":"cc.Sprite","node":{"__id__":4},"_spriteFrame":{"__uuid__":"ebnkGi/dFNFLNJcxvreSAz"}}],"_prefab":{"__type__":"cc.PrefabInfo","root":{"__id__":1},"asset":{"__uuid__":"5bOFguandJNbH8xbhOKNPa"},"fileId":"02aivZNZNKD4jh3CCGnjfV"},"_contentSize":{"__type__":"cc.Size","width":384,"height":40},"_position":{"__type__":"cc.Vec3","y":31},"_scale":{"__type__":"cc.Vec3","x":1,"y":1,"z":1}},{"__type__":"cc.Node","_name":"resume_btn","_parent":{"__id__":3},"_children":[{"__id__":6}],"_level":3,"_components":[{"__type__":"cc.Sprite","node":{"__id__":5},"_spriteFrame":{"__uuid__":"d99UNO4uZPhb74RYb4neaa"}}],"_prefab":{"__type__":"cc.PrefabInfo","root":{"__id__":1},"asset":{"__uuid__":"5bOFguandJNbH8xbhOKNPa"},"fileId":"0fvDUrghdAwKy48VYhedFP"},"_contentSize":{"__type__":"cc.Size","width":208,"height":86},"_position":{"__type__":"cc.Vec3","x":125,"y":-133},"_scale":{"__type__":"cc.Vec3","x":1,"y":1,"z":1}},{"__type__":"cc.Node","_name":"continue_txt","_parent":{"__id__":5},"_level":4,"_components":[{"__type__":"cc.Sprite","node":{"__id__":6},"_spriteFrame":{"__uuid__":"absXYyWJNOU4EGoX40Y8H2"}}],"_prefab":{"__type__":"cc.PrefabInfo","root":{"__id__":1},"asset":{"__uuid__":"5bOFguandJNbH8xbhOKNPa"},"fileId":"2crSM9TihLiYx1HGXoqCta"},"_contentSize":{"__type__":"cc.Size","width":149,"height":37},"_scale":{"__type__":"cc.Vec3","x":1,"y":1,"z":1}},{"__type__":"cc.Node","_name":"newgame_btn","_parent":{"__id__":3},"_children":[{"__id__":8}],"_level":3,"_components":[{"__type__":"cc.Sprite","node":{"__id__":7},"_spriteFrame":{"__uuid__":"9cX0RD7j5PnL9BTwM9J7IJ"}}],"_prefab":{"__type__":"cc.PrefabInfo","root":{"__id__":1},"asset":{"__uuid__":"5bOFguandJNbH8xbhOKNPa"},"fileId":"8c2xmTRVlKkLTHLk0GuB8G"},"_contentSize":{"__type__":"cc.Size","width":208,"height":85},"_position":{"__type__":"cc.Vec3","x":-124,"y":-133},"_scale":{"__type__":"cc.Vec3","x":1,"y":1,"z":1}},{"__type__":"cc.Node","_name":"new_game_txt","_parent":{"__id__":7},"_level":4,"_components":[{"__type__":"cc.Sprite","node":{"__id__":8},"_spriteFrame":{"__uuid__":"a3h9iTxhxBP499L0YoKdOF"}}],"_prefab":{"__type__":"cc.PrefabInfo","root":{"__id__":1},"asset":{"__uuid__":"5bOFguandJNbH8xbhOKNPa"},"fileId":"b3HdQesT5Fx6VcbusksZK2"},"_contentSize":{"__type__":"cc.Size","width":149,"height":37},"_scale":{"__type__":"cc.Vec3","x":1,"y":1,"z":1}},{"__type__":"cc.Node","_name":"close_btn","_parent":{"__id__":3},"_level":3,"_components":[{"__type__":"cc.Sprite","node":{"__id__":9},"_spriteFrame":{"__uuid__":"39QDMhl01CvZ8hVu7sZ8Td"}}],"_prefab":{"__type__":"cc.PrefabInfo","root":{"__id__":1},"asset":{"__uuid__":"5bOFguandJNbH8xbhOKNPa"},"fileId":"devkvffWhE/qtq1gzEF650"},"_contentSize":{"__type__":"cc.Size","width":71,"height":70},"_position":{"__type__":"cc.Vec3","y":-270},"_scale":{"__type__":"cc.Vec3","x":1,"y":1,"z":1}}]