[{"__type__":"cc.Prefab","_name":"GameLevel2","data":{"__id__":1}},{"__type__":"cc.Node","_name":"GameLevel2","_children":[{"__id__":2},{"__id__":20}],"_level":1,"_prefab":{"__type__":"cc.PrefabInfo","root":{"__id__":1},"asset":{"__uuid__":"e5xoC4LxZGNpGAOfDW+tLR"},"fileId":"e5UKqe25tHw4lDjLotWmwl"},"_contentSize":{"__type__":"cc.Size","width":720,"height":1280},"_scale":{"__type__":"cc.Vec3","x":1,"y":1,"z":1}},{"__type__":"cc.Node","_name":"page_1","_parent":{"__id__":1},"_children":[{"__id__":3},{"__id__":4},{"__id__":5},{"__id__":6},{"__id__":7},{"__id__":8},{"__id__":9},{"__id__":10},{"__id__":11},{"__id__":12},{"__id__":13},{"__id__":14},{"__id__":15},{"__id__":16},{"__id__":17},{"__id__":18},{"__id__":19}],"_level":2,"_prefab":{"__type__":"cc.PrefabInfo","root":{"__id__":1},"asset":{"__uuid__":"e5xoC4LxZGNpGAOfDW+tLR"},"fileId":"c8cSdsDZlA7L7G2hwVrUVA"},"_contentSize":{"__type__":"cc.Size","width":720,"height":1280},"_scale":{"__type__":"cc.Vec3","x":1,"y":1,"z":1}},{"__type__":"cc.Node","_name":"bg","_parent":{"__id__":2},"_level":3,"_components":[{"__type__":"cc.Sprite","node":{"__id__":3},"_spriteFrame":{"__uuid__":"2bB3xAnBRL8b1T+LH6w2yz"}}],"_prefab":{"__type__":"cc.PrefabInfo","root":{"__id__":1},"asset":{"__uuid__":"e5xoC4LxZGNpGAOfDW+tLR"},"fileId":"d3DyZ5AnBEh4IuSMJKjQmk"},"_contentSize":{"__type__":"cc.Size","width":720,"height":1280},"_scale":{"__type__":"cc.Vec3","x":1,"y":1,"z":1}},{"__type__":"cc.Node","_name":"n_door","_parent":{"__id__":2},"_level":3,"_components":[{"__type__":"cc.Sprite","node":{"__id__":4},"_spriteFrame":{"__uuid__":"a2MjXRFdtLlYQ5ouAFv/+R"},"_sizeMode":0}],"_prefab":{"__type__":"cc.PrefabInfo","root":{"__id__":1},"asset":{"__uuid__":"e5xoC4LxZGNpGAOfDW+tLR"},"fileId":"37oCcwCvFANJb0wpzvvPYP"},"_opacity":0,"_contentSize":{"__type__":"cc.Size","width":185,"height":361},"_position":{"__type__":"cc.Vec3","x":-267,"y":208},"_scale":{"__type__":"cc.Vec3","x":1,"y":1,"z":1}},{"__type__":"cc.Node","_name":"img_desk_1","_parent":{"__id__":2},"_level":3,"_components":[{"__type__":"cc.Sprite","node":{"__id__":5},"_spriteFrame":{"__uuid__":"3dDXvrfKRIqZlwOIX5ajT8"}}],"_prefab":{"__type__":"cc.PrefabInfo","root":{"__id__":1},"asset":{"__uuid__":"e5xoC4LxZGNpGAOfDW+tLR"},"fileId":"ddAO262PFI14+31zGqoifu"},"_contentSize":{"__type__":"cc.Size","width":213,"height":208},"_position":{"__type__":"cc.Vec3","x":-75,"y":-180},"_scale":{"__type__":"cc.Vec3","x":1,"y":1,"z":1}},{"__type__":"cc.Node","_name":"img_chair_1","_parent":{"__id__":2},"_level":3,"_components":[{"__type__":"cc.Sprite","node":{"__id__":6},"_spriteFrame":{"__uuid__":"eebaEQ2oZOoaPvS6y6Qgy8"}}],"_prefab":{"__type__":"cc.PrefabInfo","root":{"__id__":1},"asset":{"__uuid__":"e5xoC4LxZGNpGAOfDW+tLR"},"fileId":"b03rfkKUZCGqVKllnlW7j3"},"_contentSize":{"__type__":"cc.Size","width":97,"height":154},"_position":{"__type__":"cc.Vec3","x":-74,"y":-265},"_scale":{"__type__":"cc.Vec3","x":1,"y":1,"z":1}},{"__type__":"cc.Node","_name":"img_desk_2","_parent":{"__id__":2},"_level":3,"_components":[{"__type__":"cc.Sprite","node":{"__id__":7},"_spriteFrame":{"__uuid__":"3dDXvrfKRIqZlwOIX5ajT8"}}],"_prefab":{"__type__":"cc.PrefabInfo","root":{"__id__":1},"asset":{"__uuid__":"e5xoC4LxZGNpGAOfDW+tLR"},"fileId":"12y66LNwNA3pDbWwxjhIXh"},"_contentSize":{"__type__":"cc.Size","width":213,"height":208},"_position":{"__type__":"cc.Vec3","x":195,"y":-179},"_scale":{"__type__":"cc.Vec3","x":1,"y":1,"z":1}},{"__type__":"cc.Node","_name":"img_chest","_parent":{"__id__":2},"_level":3,"_components":[{"__type__":"cc.Sprite","node":{"__id__":8},"_spriteFrame":{"__uuid__":"df37GoDnNDUb7R/Xc18dmq"}}],"_prefab":{"__type__":"cc.PrefabInfo","root":{"__id__":1},"asset":{"__uuid__":"e5xoC4LxZGNpGAOfDW+tLR"},"fileId":"8aslIonpNB/p1opQAm/nul"},"_contentSize":{"__type__":"cc.Size","width":103,"height":178},"_position":{"__type__":"cc.Vec3","x":310,"y":93},"_scale":{"__type__":"cc.Vec3","x":1,"y":1,"z":1}},{"__type__":"cc.Node","_name":"img_bookcase","_parent":{"__id__":2},"_level":3,"_components":[{"__type__":"cc.Sprite","node":{"__id__":9},"_spriteFrame":{"__uuid__":"21dD4h5y1BzbiJshGz3a0S"}}],"_prefab":{"__type__":"cc.PrefabInfo","root":{"__id__":1},"asset":{"__uuid__":"e5xoC4LxZGNpGAOfDW+tLR"},"fileId":"7f04IhLPBCWpkuTOFoSezr"},"_contentSize":{"__type__":"cc.Size","width":86,"height":115},"_position":{"__type__":"cc.Vec3","x":318,"y":275},"_scale":{"__type__":"cc.Vec3","x":1,"y":1,"z":1}},{"__type__":"cc.Node","_name":"img_chair_2","_parent":{"__id__":2},"_level":3,"_components":[{"__type__":"cc.Sprite","node":{"__id__":10},"_spriteFrame":{"__uuid__":"eebaEQ2oZOoaPvS6y6Qgy8"}}],"_prefab":{"__type__":"cc.PrefabInfo","root":{"__id__":1},"asset":{"__uuid__":"e5xoC4LxZGNpGAOfDW+tLR"},"fileId":"67S41WjjJNNrqSq+AIYy5d"},"_contentSize":{"__type__":"cc.Size","width":97,"height":154},"_position":{"__type__":"cc.Vec3","x":196,"y":-265},"_scale":{"__type__":"cc.Vec3","x":1,"y":1,"z":1}},{"__type__":"cc.Node","_name":"img_blackbood","_parent":{"__id__":2},"_level":3,"_components":[{"__type__":"cc.Sprite","node":{"__id__":11},"_spriteFrame":{"__uuid__":"9arJfLtwRA7oU5tF0TmQF5"}}],"_prefab":{"__type__":"cc.PrefabInfo","root":{"__id__":1},"asset":{"__uuid__":"e5xoC4LxZGNpGAOfDW+tLR"},"fileId":"15TlbW5j9CN47wCfRhCskT"},"_contentSize":{"__type__":"cc.Size","width":397,"height":226},"_position":{"__type__":"cc.Vec3","x":58,"y":290},"_scale":{"__type__":"cc.Vec3","x":1,"y":1,"z":1}},{"__type__":"cc.Node","_name":"item_bag","_parent":{"__id__":2},"_level":3,"_components":[{"__type__":"cc.Sprite","node":{"__id__":12},"_spriteFrame":{"__uuid__":"9bzp9tElBDg6AMRaEy5+A9"}}],"_prefab":{"__type__":"cc.PrefabInfo","root":{"__id__":1},"asset":{"__uuid__":"e5xoC4LxZGNpGAOfDW+tLR"},"fileId":"263kTzyJxEqoU088+/Q28y"},"_contentSize":{"__type__":"cc.Size","width":126,"height":135},"_position":{"__type__":"cc.Vec3","x":-128,"y":-301},"_scale":{"__type__":"cc.Vec3","x":1,"y":1,"z":1}},{"__type__":"cc.Node","_name":"img_bell","_parent":{"__id__":2},"_level":3,"_components":[{"__type__":"cc.Sprite","node":{"__id__":13},"_spriteFrame":{"__uuid__":"53RflWhOVCRoS9ECViNohE"}}],"_prefab":{"__type__":"cc.PrefabInfo","root":{"__id__":1},"asset":{"__uuid__":"e5xoC4LxZGNpGAOfDW+tLR"},"fileId":"00klaaw9dMxrQvmg5yq2Vt"},"_contentSize":{"__type__":"cc.Size","width":71,"height":87},"_position":{"__type__":"cc.Vec3","x":248,"y":465},"_scale":{"__type__":"cc.Vec3","x":1,"y":1,"z":1}},{"__type__":"cc.Node","_name":"img_clock","_parent":{"__id__":2},"_level":3,"_components":[{"__type__":"cc.Sprite","node":{"__id__":14},"_spriteFrame":{"__uuid__":"cbsRSoIZ1LZ6rux1wpoQa3"}}],"_prefab":{"__type__":"cc.PrefabInfo","root":{"__id__":1},"asset":{"__uuid__":"e5xoC4LxZGNpGAOfDW+tLR"},"fileId":"e7ZgXPLF9H/rW6B2orZEme"},"_contentSize":{"__type__":"cc.Size","width":80,"height":80},"_position":{"__type__":"cc.Vec3","x":53,"y":460},"_scale":{"__type__":"cc.Vec3","x":1,"y":1,"z":1}},{"__type__":"cc.Node","_name":"item_2","_parent":{"__id__":2},"_level":3,"_components":[{"__type__":"cc.Sprite","node":{"__id__":15},"_spriteFrame":{"__uuid__":"d9/s24LupFArRIRQ6ivCQf"}}],"_prefab":{"__type__":"cc.PrefabInfo","root":{"__id__":1},"asset":{"__uuid__":"e5xoC4LxZGNpGAOfDW+tLR"},"fileId":"9eyNfRTYdNBK2VNlVedEKN"},"_contentSize":{"__type__":"cc.Size","width":53,"height":37},"_position":{"__type__":"cc.Vec3","x":76,"y":140},"_scale":{"__type__":"cc.Vec3","x":1,"y":1,"z":1}},{"__type__":"cc.Node","_name":"img_dais","_parent":{"__id__":2},"_level":3,"_components":[{"__type__":"cc.Sprite","node":{"__id__":16},"_spriteFrame":{"__uuid__":"70Q4ZCSldItrfYAOSp8r9+"}}],"_prefab":{"__type__":"cc.PrefabInfo","root":{"__id__":1},"asset":{"__uuid__":"e5xoC4LxZGNpGAOfDW+tLR"},"fileId":"fbzkGNw8ZMPL5+kC3Nbd+G"},"_contentSize":{"__type__":"cc.Size","width":248,"height":180},"_position":{"__type__":"cc.Vec3","x":78,"y":35},"_scale":{"__type__":"cc.Vec3","x":1,"y":1,"z":1}},{"__type__":"cc.Node","_name":"img_glass","_parent":{"__id__":2},"_level":3,"_components":[{"__type__":"cc.Sprite","node":{"__id__":17},"_spriteFrame":{"__uuid__":"bca3zqRclF4KqiO0FcquC9"}}],"_prefab":{"__type__":"cc.PrefabInfo","root":{"__id__":1},"asset":{"__uuid__":"e5xoC4LxZGNpGAOfDW+tLR"},"fileId":"370reduQlKPpYvChWSNhv6"},"_contentSize":{"__type__":"cc.Size","width":37,"height":37},"_position":{"__type__":"cc.Vec3","x":159,"y":110},"_scale":{"__type__":"cc.Vec3","x":1,"y":1,"z":1}},{"__type__":"cc.Node","_name":"item_1","_parent":{"__id__":2},"_level":3,"_components":[{"__type__":"cc.Sprite","node":{"__id__":18},"_spriteFrame":{"__uuid__":"c2SOEv+U9HAI//8qXqz9WS"}}],"_prefab":{"__type__":"cc.PrefabInfo","root":{"__id__":1},"asset":{"__uuid__":"e5xoC4LxZGNpGAOfDW+tLR"},"fileId":"c1aIf43mZN6KmHJ+xKm1ln"},"_contentSize":{"__type__":"cc.Size","width":97,"height":25},"_position":{"__type__":"cc.Vec3","x":61,"y":107},"_scale":{"__type__":"cc.Vec3","x":1,"y":1,"z":1}},{"__type__":"cc.Node","_name":"item_14","_parent":{"__id__":2},"_active":false,"_level":3,"_components":[{"__type__":"cc.Sprite","node":{"__id__":19},"_spriteFrame":{"__uuid__":"f92olGDsNOfLOXa7obH3GV"}}],"_prefab":{"__type__":"cc.PrefabInfo","root":{"__id__":1},"asset":{"__uuid__":"e5xoC4LxZGNpGAOfDW+tLR"},"fileId":"22KQ6rQGtJWZKwgRWNAYLG"},"_contentSize":{"__type__":"cc.Size","width":107,"height":398},"_position":{"__type__":"cc.Vec3","x":-278,"y":-198},"_scale":{"__type__":"cc.Vec3","x":1,"y":1,"z":1}},{"__type__":"cc.Node","_name":"page_2","_parent":{"__id__":1},"_children":[{"__id__":21},{"__id__":22},{"__id__":23},{"__id__":24},{"__id__":25},{"__id__":26},{"__id__":27}],"_level":2,"_prefab":{"__type__":"cc.PrefabInfo","root":{"__id__":1},"asset":{"__uuid__":"e5xoC4LxZGNpGAOfDW+tLR"},"fileId":"cd27k9XglB8qcFC+MlPGou"},"_contentSize":{"__type__":"cc.Size","width":720,"height":1280},"_scale":{"__type__":"cc.Vec3","x":1,"y":1,"z":1}},{"__type__":"cc.Node","_name":"bg","_parent":{"__id__":20},"_level":3,"_components":[{"__type__":"cc.Sprite","node":{"__id__":21},"_spriteFrame":{"__uuid__":"56j5PRCX5EepeqXS0AH+VA"}}],"_prefab":{"__type__":"cc.PrefabInfo","root":{"__id__":1},"asset":{"__uuid__":"e5xoC4LxZGNpGAOfDW+tLR"},"fileId":"b84xodjARDQJcksMe7cMPg"},"_contentSize":{"__type__":"cc.Size","width":720,"height":1280},"_scale":{"__type__":"cc.Vec3","x":1,"y":1,"z":1}},{"__type__":"cc.Node","_name":"item_1","_parent":{"__id__":20},"_level":3,"_components":[{"__type__":"cc.Sprite","node":{"__id__":22},"_spriteFrame":{"__uuid__":"6b/m5R8yFB/ooomN2UMvdP"},"_sizeMode":2}],"_prefab":{"__type__":"cc.PrefabInfo","root":{"__id__":1},"asset":{"__uuid__":"e5xoC4LxZGNpGAOfDW+tLR"},"fileId":"3a/NazUNtGJIvc+XC9Kq35"},"_contentSize":{"__type__":"cc.Size","width":340,"height":394},"_position":{"__type__":"cc.Vec3","x":139,"y":327},"_scale":{"__type__":"cc.Vec3","x":1,"y":1,"z":1}},{"__type__":"cc.Node","_name":"item_7","_parent":{"__id__":20},"_level":3,"_components":[{"__type__":"cc.Sprite","node":{"__id__":23},"_spriteFrame":{"__uuid__":"b0UXRu1hVMfbET348ae+3o"}}],"_prefab":{"__type__":"cc.PrefabInfo","root":{"__id__":1},"asset":{"__uuid__":"e5xoC4LxZGNpGAOfDW+tLR"},"fileId":"d6ivXhB4hO5oG9vX87z72q"},"_contentSize":{"__type__":"cc.Size","width":119,"height":207},"_position":{"__type__":"cc.Vec3","x":-133,"y":210},"_scale":{"__type__":"cc.Vec3","x":1,"y":1,"z":1}},{"__type__":"cc.Node","_name":"item_6","_parent":{"__id__":20},"_level":3,"_components":[{"__type__":"cc.Sprite","node":{"__id__":24},"_spriteFrame":{"__uuid__":"0cVyKEBIZFFbWQJ42N2WVb"}}],"_prefab":{"__type__":"cc.PrefabInfo","root":{"__id__":1},"asset":{"__uuid__":"e5xoC4LxZGNpGAOfDW+tLR"},"fileId":"a83DcxIWVMC6i0Z4Ryq5sh"},"_contentSize":{"__type__":"cc.Size","width":186,"height":139},"_position":{"__type__":"cc.Vec3","x":-18,"y":-152},"_scale":{"__type__":"cc.Vec3","x":1,"y":1,"z":1}},{"__type__":"cc.Node","_name":"item_4_1","_parent":{"__id__":20},"_level":3,"_components":[{"__type__":"cc.Sprite","node":{"__id__":25},"_spriteFrame":{"__uuid__":"6fLBrAv95AIagkh0kZJDbC"},"_sizeMode":2}],"_prefab":{"__type__":"cc.PrefabInfo","root":{"__id__":1},"asset":{"__uuid__":"e5xoC4LxZGNpGAOfDW+tLR"},"fileId":"9dfHo2aJBMya63mW3nkevA"},"_opacity":0,"_contentSize":{"__type__":"cc.Size","width":457,"height":959},"_position":{"__type__":"cc.Vec3","x":172,"y":161},"_scale":{"__type__":"cc.Vec3","x":0.4,"y":0.4,"z":1}},{"__type__":"cc.Node","_name":"item_4_2","_parent":{"__id__":20},"_level":3,"_components":[{"__type__":"cc.Sprite","node":{"__id__":26},"_spriteFrame":{"__uuid__":"a21q/t4ydKBojjW8hJsOSs"},"_sizeMode":2}],"_prefab":{"__type__":"cc.PrefabInfo","root":{"__id__":1},"asset":{"__uuid__":"e5xoC4LxZGNpGAOfDW+tLR"},"fileId":"3bHnE6ozpDUKVvjy/SIed6"},"_opacity":0,"_contentSize":{"__type__":"cc.Size","width":328,"height":856},"_position":{"__type__":"cc.Vec3","x":191,"y":228},"_scale":{"__type__":"cc.Vec3","x":0.4,"y":0.4,"z":1}},{"__type__":"cc.Node","_name":"item_4_3","_parent":{"__id__":20},"_level":3,"_components":[{"__type__":"cc.Sprite","node":{"__id__":27},"_spriteFrame":{"__uuid__":"4dSSB0nndAw4WRigGoH/uT"},"_sizeMode":2}],"_prefab":{"__type__":"cc.PrefabInfo","root":{"__id__":1},"asset":{"__uuid__":"e5xoC4LxZGNpGAOfDW+tLR"},"fileId":"d6W/2ir2hHvLn7dkJ6iSaA"},"_opacity":0,"_contentSize":{"__type__":"cc.Size","width":109,"height":200},"_position":{"__type__":"cc.Vec3","x":241,"y":226},"_scale":{"__type__":"cc.Vec3","x":0.4,"y":0.4,"z":1}}]