[{"__type__":"cc.SpriteFrame","content":{"name":"img_level_bg_8","texture":"a5ubzL32JBGZa4HvrRP+ef","rect":[2,410,249,202],"offset":[0,0],"originalSize":[249,202]}},{"__type__":"cc.SpriteFrame","content":{"name":"img_level_bg_k_2","texture":"a5ubzL32JBGZa4HvrRP+ef","rect":[253,2,249,202],"offset":[0,0],"originalSize":[249,202]}},{"__type__":"cc.SpriteAtlas","_name":"lobby.plist","_spriteFrames":{"btn_lobby_hp_bg":{"__uuid__":"1ePmOrqrZBGrfOtTZPaw4B"},"btn_lobby_map":{"__uuid__":"51qjzKC9VPX6MKcghg+q6c"},"btn_lobby_setting":{"__uuid__":"2380RwAdRFAI6R7yeJ93VR"},"btn_lobby_share":{"__uuid__":"aeNxGvNwRKGbZwfGQV23Iv"},"img_allow":{"__uuid__":"91njiklKNOBbWIpUfbO/NK"},"img_level_bg_1":{"__uuid__":"feoeqc9A5NDYrQVRp9+UGF"},"img_level_bg_10":{"__uuid__":"4aWvDycXlA6bKCYT6aYNC1"},"img_level_bg_2":{"__uuid__":"1e7IJTaVVDWIjRzG44kBM2"},"img_level_bg_3":{"__uuid__":"b91nGZNldAxaNuteNJKukD"},"img_level_bg_4":{"__uuid__":"a6J28tFY5P6rU6HSNBqUgx"},"img_level_bg_5":{"__uuid__":"4aWSx6W8dHv64b2yoZGgQL"},"img_level_bg_6":{"__uuid__":"61hggo58FKb7vgSk9QJU0O"},"img_level_bg_7":{"__uuid__":"a6hLOSZeVF8pqZaMyJ5tEu"},"img_level_bg_8":{"__uuid__":"09X7pjO+5FEq+nV/ywNFd1"},"img_level_bg_9":{"__uuid__":"52lJJBl51J/J2wCKs3cbs/"},"img_level_bg_k_1":{"__uuid__":"4dWmumQyxLN5kyvXQ5Z8tR"},"img_level_bg_k_2":{"__uuid__":"09kZCk7khAebzfDxB9BAVD"},"img_level_bg_mask":{"__uuid__":"14C2pGAaVE+7YuJCkfxznm"},"img_level_pass_flag":{"__uuid__":"8069jgOolIP4BdHhrhFcQt"},"img_level_power":{"__uuid__":"44DiBQEStHmKLijVjw5Q2E"},"img_lobby_help_title":{"__uuid__":"48JbhQZaRItLbpHaq3hZsg"},"img_lobby_while_bg":{"__uuid__":"87ERHZuqlKJqYO8UIn7DJB"},"img_page_k":{"__uuid__":"1aIjEV0tpJJbch15Fu+W8Z"}}},{"__type__":"cc.SpriteFrame","content":{"name":"img_level_bg_mask","texture":"a5ubzL32JBGZa4HvrRP+ef","rect":[2,2,249,202],"offset":[0,0],"originalSize":[249,202]}},{"__type__":"cc.SpriteFrame","content":{"name":"img_page_k","texture":"a5ubzL32JBGZa4HvrRP+ef","rect":[126,1037,206,73],"offset":[0,0],"originalSize":[206,73],"rotated":1}},{"__type__":"cc.SpriteFrame","content":{"name":"btn_lobby_hp_bg","texture":"a5ubzL32JBGZa4HvrRP+ef","rect":[432,1634,61,61],"offset":[0,0],"originalSize":[61,61]}},{"__type__":"cc.SpriteFrame","content":{"name":"img_level_bg_2","texture":"a5ubzL32JBGZa4HvrRP+ef","rect":[253,1022,249,202],"offset":[0,0],"originalSize":[249,202]}},{"__type__":"cc.SpriteFrame","content":{"name":"btn_lobby_setting","texture":"a5ubzL32JBGZa4HvrRP+ef","rect":[126,977,58,80],"offset":[0,0],"originalSize":[58,80],"rotated":1}},{"__type__":"cc.SpriteFrame","content":{"name":"img_level_power","texture":"a5ubzL32JBGZa4HvrRP+ef","rect":[209,818,34,42],"offset":[0,0],"originalSize":[34,42],"rotated":1}},{"__type__":"cc.SpriteFrame","content":{"name":"img_lobby_help_title","texture":"a5ubzL32JBGZa4HvrRP+ef","rect":[432,1697,45,51],"offset":[0,0],"originalSize":[45,51],"rotated":1}},{"__type__":"cc.SpriteFrame","content":{"name":"img_level_bg_5","texture":"a5ubzL32JBGZa4HvrRP+ef","rect":[253,614,249,202],"offset":[0,0],"originalSize":[249,202]}},{"__type__":"cc.SpriteFrame","content":{"name":"img_level_bg_10","texture":"a5ubzL32JBGZa4HvrRP+ef","rect":[253,1226,249,202],"offset":[0,0],"originalSize":[249,202]}},{"__type__":"cc.SpriteFrame","content":{"name":"img_level_bg_k_1","texture":"a5ubzL32JBGZa4HvrRP+ef","rect":[2,206,249,202],"offset":[0,0],"originalSize":[249,202]}},{"__type__":"cc.SpriteFrame","content":{"name":"btn_lobby_map","texture":"a5ubzL32JBGZa4HvrRP+ef","rect":[349,1634,81,89],"offset":[0,0],"originalSize":[81,89]}},{"__type__":"cc.SpriteFrame","content":{"name":"img_level_bg_9","texture":"a5ubzL32JBGZa4HvrRP+ef","rect":[253,206,249,202],"offset":[0,0],"originalSize":[249,202]}},{"__type__":"cc.SpriteFrame","content":{"name":"img_level_bg_6","texture":"a5ubzL32JBGZa4HvrRP+ef","rect":[2,614,249,202],"offset":[0,0],"originalSize":[249,202]}},{"__type__":"cc.SpriteFrame","content":{"name":"img_level_pass_flag","texture":"a5ubzL32JBGZa4HvrRP+ef","rect":[126,895,80,80],"offset":[0,0],"originalSize":[80,80]}},{"__type__":"cc.SpriteFrame","content":{"name":"img_lobby_while_bg","texture":"a5ubzL32JBGZa4HvrRP+ef","rect":[2,818,720,122],"offset":[0,0],"originalSize":[720,122],"rotated":1}},{"__type__":"cc.SpriteFrame","content":{"name":"img_allow","texture":"a5ubzL32JBGZa4HvrRP+ef","rect":[253,1634,94,94],"offset":[0,0],"originalSize":[94,94]}},{"__type__":"cc.SpriteFrame","content":{"name":"img_level_bg_4","texture":"a5ubzL32JBGZa4HvrRP+ef","rect":[2,1540,249,202],"offset":[0,0],"originalSize":[249,202]}},{"__type__":"cc.SpriteFrame","content":{"name":"img_level_bg_7","texture":"a5ubzL32JBGZa4HvrRP+ef","rect":[253,410,249,202],"offset":[0,0],"originalSize":[249,202]}},{"__type__":"cc.SpriteFrame","content":{"name":"btn_lobby_share","texture":"a5ubzL32JBGZa4HvrRP+ef","rect":[126,818,81,75],"offset":[0,0],"originalSize":[81,75]}},{"__type__":"cc.SpriteFrame","content":{"name":"img_level_bg_3","texture":"a5ubzL32JBGZa4HvrRP+ef","rect":[253,818,249,202],"offset":[0,0],"originalSize":[249,202]}},{"__type__":"cc.SpriteFrame","content":{"name":"img_level_bg_1","texture":"a5ubzL32JBGZa4HvrRP+ef","rect":[253,1430,249,202],"offset":[0,0],"originalSize":[249,202]}}]