[{"__type__":"cc.SpriteFrame","content":{"name":"img_settle_txt_2","texture":"ddT5b6BUxOCLRdaoB/dw6P","rect":[1722,152,71,35],"offset":[0,0],"originalSize":[71,35],"rotated":1}},{"__type__":"cc.SpriteFrame","content":{"name":"img_settle_txt_3","texture":"ddT5b6BUxOCLRdaoB/dw6P","rect":[1710,321,107,35],"offset":[0,0],"originalSize":[107,35],"rotated":1}},{"__type__":"cc.SpriteFrame","content":{"name":"img_settle_txt_4","texture":"ddT5b6BUxOCLRdaoB/dw6P","rect":[1597,321,146,36],"offset":[0,0],"originalSize":[146,36],"rotated":1}},{"__type__":"cc.SpriteFrame","content":{"name":"img_settle_txt_1","texture":"ddT5b6BUxOCLRdaoB/dw6P","rect":[1635,321,146,36],"offset":[0,0],"originalSize":[146,36],"rotated":1}},{"__type__":"cc.SpriteFrame","content":{"name":"img_settle_g_f","texture":"ddT5b6BUxOCLRdaoB/dw6P","rect":[655,2,651,494],"offset":[0,0],"originalSize":[651,494]}},{"__type__":"cc.SpriteFrame","content":{"name":"img_settle_txt_5","texture":"ddT5b6BUxOCLRdaoB/dw6P","rect":[1720,225,70,35],"offset":[0,0],"originalSize":[70,35],"rotated":1}},{"__type__":"cc.SpriteFrame","content":{"name":"img_settle_title_f","texture":"ddT5b6BUxOCLRdaoB/dw6P","rect":[1308,2,420,105],"offset":[0,0],"originalSize":[420,105]}},{"__type__":"cc.SpriteFrame","content":{"name":"img_settle_title_s","texture":"ddT5b6BUxOCLRdaoB/dw6P","rect":[1308,214,410,105],"offset":[0,0],"originalSize":[420,105]}},{"__type__":"cc.SpriteAtlas","_name":"level_settle_dialog.plist","_spriteFrames":{"btn_settle_b_bg":{"__uuid__":"1efXllwVFJPZcO4AfKCutz"},"btn_settle_y_bg":{"__uuid__":"51Itv+ObZOjoErP3NIDT+J"},"img_settle_g_f":{"__uuid__":"3eJDUn9P1PYbyodWZOicz1"},"img_settle_g_s":{"__uuid__":"e2jk7kqTlMtagn/gfCidgq"},"img_settle_title_f":{"__uuid__":"821PAQlEVJqKO2bh9Er6Gz"},"img_settle_title_h":{"__uuid__":"e7RA7oBrpBKqoue0yDYZp7"},"img_settle_title_s":{"__uuid__":"84tdzCYENIyJyF3mSbNpJP"},"img_settle_txt_1":{"__uuid__":"35BGY1NUVA+oQOemqpuLjy"},"img_settle_txt_2":{"__uuid__":"06la1WY7pH+az5TA3zD0CM"},"img_settle_txt_3":{"__uuid__":"20VcvyLh9I4IQMafzNXLbb"},"img_settle_txt_4":{"__uuid__":"275g1YMtxBR6LTR6F3vM0S"},"img_settle_txt_5":{"__uuid__":"56jdWTLpdKuJt3/lN5YGKc"},"img_settle_txt_7":{"__uuid__":"f0vnLOMvZAR65/6ByNaw2f"},"img_settle_txt_8":{"__uuid__":"a6iWERMahMLpWrTzolcJnf"}}},{"__type__":"cc.SpriteFrame","content":{"name":"img_settle_txt_8","texture":"ddT5b6BUxOCLRdaoB/dw6P","rect":[1673,321,147,35],"offset":[0,0],"originalSize":[147,35],"rotated":1}},{"__type__":"cc.SpriteFrame","content":{"name":"img_settle_g_s","texture":"ddT5b6BUxOCLRdaoB/dw6P","rect":[2,2,651,494],"offset":[0,0],"originalSize":[651,494]}},{"__type__":"cc.SpriteFrame","content":{"name":"img_settle_title_h","texture":"ddT5b6BUxOCLRdaoB/dw6P","rect":[1308,109,412,103],"offset":[0,0],"originalSize":[412,103]}},{"__type__":"cc.SpriteFrame","content":{"name":"img_settle_txt_7","texture":"ddT5b6BUxOCLRdaoB/dw6P","rect":[1730,2,148,35],"offset":[0,0],"originalSize":[148,35],"rotated":1}}]