[{"__type__":"cc.Prefab","_name":"LevelItem","data":{"__id__":1}},{"__type__":"cc.Node","_name":"LevelItem","_objFlags":512,"_children":[{"__id__":2},{"__id__":3},{"__id__":4},{"__id__":5},{"__id__":8}],"_level":1,"_prefab":{"__type__":"cc.PrefabInfo","root":{"__id__":1},"asset":{"__uuid__":"6cxQoWdUhEFazl0qE8sQTR"},"fileId":"e5UKqe25tHw4lDjLotWmwl"},"_contentSize":{"__type__":"cc.Size","width":249,"height":202},"_scale":{"__type__":"cc.Vec3","x":1,"y":1,"z":1}},{"__type__":"cc.Node","_name":"img_level_bg","_parent":{"__id__":1},"_level":2,"_components":[{"__type__":"cc.Sprite","node":{"__id__":2},"_spriteFrame":{"__uuid__":"feoeqc9A5NDYrQVRp9+UGF"}}],"_prefab":{"__type__":"cc.PrefabInfo","root":{"__id__":1},"asset":{"__uuid__":"6cxQoWdUhEFazl0qE8sQTR"},"fileId":"984X6WrMhLZrOyZuwnWxA6"},"_contentSize":{"__type__":"cc.Size","width":249,"height":202},"_scale":{"__type__":"cc.Vec3","x":1,"y":1,"z":1}},{"__type__":"cc.Node","_name":"img_pass","_parent":{"__id__":1},"_level":2,"_components":[{"__type__":"cc.Sprite","node":{"__id__":3},"_spriteFrame":{"__uuid__":"8069jgOolIP4BdHhrhFcQt"}}],"_prefab":{"__type__":"cc.PrefabInfo","root":{"__id__":1},"asset":{"__uuid__":"6cxQoWdUhEFazl0qE8sQTR"},"fileId":"68kg/drwZFGqfI+w1Pu1Q8"},"_contentSize":{"__type__":"cc.Size","width":80,"height":80},"_position":{"__type__":"cc.Vec3","x":65,"y":-38},"_scale":{"__type__":"cc.Vec3","x":1,"y":1,"z":1}},{"__type__":"cc.Node","_name":"img_level_k","_parent":{"__id__":1},"_level":2,"_components":[{"__type__":"cc.Sprite","node":{"__id__":4},"_spriteFrame":{"__uuid__":"4dWmumQyxLN5kyvXQ5Z8tR"}}],"_prefab":{"__type__":"cc.PrefabInfo","root":{"__id__":1},"asset":{"__uuid__":"6cxQoWdUhEFazl0qE8sQTR"},"fileId":"9fntluMtFEhoL9Ml8p/p2Q"},"_contentSize":{"__type__":"cc.Size","width":249,"height":202},"_scale":{"__type__":"cc.Vec3","x":1,"y":1,"z":1}},{"__type__":"cc.Node","_name":"img_power","_parent":{"__id__":1},"_children":[{"__id__":6},{"__id__":7}],"_level":2,"_components":[{"__type__":"cc.Sprite","node":{"__id__":5},"_spriteFrame":{"__uuid__":"1ePmOrqrZBGrfOtTZPaw4B"}}],"_prefab":{"__type__":"cc.PrefabInfo","root":{"__id__":1},"asset":{"__uuid__":"6cxQoWdUhEFazl0qE8sQTR"},"fileId":"09lx1Bf+dLRpiUy0uWtpow"},"_contentSize":{"__type__":"cc.Size","width":61,"height":61},"_position":{"__type__":"cc.Vec3","x":82,"y":-59},"_scale":{"__type__":"cc.Vec3","x":1,"y":1,"z":1}},{"__type__":"cc.Node","_name":"img_icon","_parent":{"__id__":5},"_level":3,"_components":[{"__type__":"cc.Sprite","node":{"__id__":6},"_spriteFrame":{"__uuid__":"44DiBQEStHmKLijVjw5Q2E"}}],"_prefab":{"__type__":"cc.PrefabInfo","root":{"__id__":1},"asset":{"__uuid__":"6cxQoWdUhEFazl0qE8sQTR"},"fileId":"7f7Mp5/npIJptgC4DpKZAz"},"_contentSize":{"__type__":"cc.Size","width":34,"height":42},"_scale":{"__type__":"cc.Vec3","x":1,"y":1,"z":1}},{"__type__":"cc.Node","_name":"power_num","_parent":{"__id__":5},"_level":3,"_components":[{"__type__":"cc.Sprite","node":{"__id__":7},"_spriteFrame":{"__uuid__":"84sNTYzTpHVaKQ7dhrk0wq"}}],"_prefab":{"__type__":"cc.PrefabInfo","root":{"__id__":1},"asset":{"__uuid__":"6cxQoWdUhEFazl0qE8sQTR"},"fileId":"438aQ/Ps5I842OoRseV5Gt"},"_contentSize":{"__type__":"cc.Size","width":15,"height":24},"_position":{"__type__":"cc.Vec3","x":7.5,"y":-10.3},"_scale":{"__type__":"cc.Vec3","x":1,"y":1,"z":1}},{"__type__":"cc.Node","_name":"img_mask","_parent":{"__id__":1},"_level":2,"_components":[{"__type__":"cc.Sprite","node":{"__id__":8},"_spriteFrame":{"__uuid__":"14C2pGAaVE+7YuJCkfxznm"}}],"_prefab":{"__type__":"cc.PrefabInfo","root":{"__id__":1},"asset":{"__uuid__":"6cxQoWdUhEFazl0qE8sQTR"},"fileId":"3eB+hLeF5NP508EjsEO87F"},"_contentSize":{"__type__":"cc.Size","width":249,"height":202},"_scale":{"__type__":"cc.Vec3","x":1,"y":1,"z":1}}]