[{"__type__":"cc.SpriteFrame","content":{"name":"map_item_11","texture":"25Ip56QWVEnoLVWlv0Z4g2","rect":[1590,617,53,83],"offset":[0,0],"originalSize":[53,83],"rotated":1}},{"__type__":"cc.SpriteFrame","content":{"name":"map_item_2","texture":"25Ip56QWVEnoLVWlv0Z4g2","rect":[1284,139,306,135],"offset":[0,0],"originalSize":[306,135]}},{"__type__":"cc.SpriteFrame","content":{"name":"15","texture":"25Ip56QWVEnoLVWlv0Z4g2","rect":[2,2,720,1280],"offset":[0,0],"originalSize":[720,1280],"rotated":1}},{"__type__":"cc.SpriteFrame","content":{"name":"map_item_7","texture":"25Ip56QWVEnoLVWlv0Z4g2","rect":[1284,670,179,40],"offset":[0,0],"originalSize":[179,40]}},{"__type__":"cc.SpriteFrame","content":{"name":"map_item_9","texture":"25Ip56QWVEnoLVWlv0Z4g2","rect":[1439,515,149,149],"offset":[0,0],"originalSize":[149,149]}},{"__type__":"cc.SpriteAtlas","_name":"map_dialog.plist","_spriteFrames":{"15":{"__uuid__":"63VJY1fBxFwIT76wcWYGo7"},"map_item_1":{"__uuid__":"b0P4nlXn1KhKvlOEJrZmMO"},"map_item_10":{"__uuid__":"daD7DfxghKbq36jQc0eB0a"},"map_item_11":{"__uuid__":"0fdzpNvvhL4bkON22aq/4O"},"map_item_12":{"__uuid__":"9fPDFCFuxLwZa2JnsVxLfv"},"map_item_2":{"__uuid__":"3b2JlO9LNAbKAOI+oSPxty"},"map_item_3":{"__uuid__":"eevu+FtFpF2ZeqyuXhw8+W"},"map_item_4":{"__uuid__":"cbu8c7n/lHo6wluYe9Csfz"},"map_item_5":{"__uuid__":"a8zo++nGxLbZN7VbFFM60U"},"map_item_6":{"__uuid__":"dcTpegdphDPIclr92wzBqa"},"map_item_7":{"__uuid__":"77glV+12ZKGJmPgaz9oqVF"},"map_item_8":{"__uuid__":"e1DDwyucNJ8IkxEIljfpRh"},"map_item_9":{"__uuid__":"7elBpOLJ9FQYgTuXnUcCa9"}}},{"__type__":"cc.SpriteFrame","content":{"name":"map_item_12","texture":"25Ip56QWVEnoLVWlv0Z4g2","rect":[1284,515,153,153],"offset":[0,0],"originalSize":[153,153]}},{"__type__":"cc.SpriteFrame","content":{"name":"map_item_5","texture":"25Ip56QWVEnoLVWlv0Z4g2","rect":[1465,666,34,44],"offset":[0,0],"originalSize":[34,44]}},{"__type__":"cc.SpriteFrame","content":{"name":"map_item_1","texture":"25Ip56QWVEnoLVWlv0Z4g2","rect":[1590,515,100,100],"offset":[0,0],"originalSize":[100,100]}},{"__type__":"cc.SpriteFrame","content":{"name":"map_item_4","texture":"25Ip56QWVEnoLVWlv0Z4g2","rect":[1284,2,306,135],"offset":[0,0],"originalSize":[306,135]}},{"__type__":"cc.SpriteFrame","content":{"name":"map_item_10","texture":"25Ip56QWVEnoLVWlv0Z4g2","rect":[1439,360,153,153],"offset":[0,0],"originalSize":[153,153]}},{"__type__":"cc.SpriteFrame","content":{"name":"map_item_6","texture":"25Ip56QWVEnoLVWlv0Z4g2","rect":[1284,276,287,82],"offset":[0,0],"originalSize":[287,82]}},{"__type__":"cc.SpriteFrame","content":{"name":"map_item_8","texture":"25Ip56QWVEnoLVWlv0Z4g2","rect":[1284,360,153,153],"offset":[0,0],"originalSize":[153,153]}},{"__type__":"cc.SpriteFrame","content":{"name":"map_item_3","texture":"25Ip56QWVEnoLVWlv0Z4g2","rect":[1592,2,254,71],"offset":[0,0],"originalSize":[254,71],"rotated":1}}]