[{"__type__":"cc.SpriteFrame","content":{"name":"game_level_4_item_9","texture":"68GQ5VvetGNoYI3csQm0a0","rect":[388,1068,131,38],"offset":[0,0],"originalSize":[131,38],"rotated":1}},{"__type__":"cc.SpriteFrame","content":{"name":"game_level_4_item_2","texture":"68GQ5VvetGNoYI3csQm0a0","rect":[2,669,172,555],"offset":[0,0],"originalSize":[172,555]}},{"__type__":"cc.SpriteFrame","content":{"name":"game_level_4_item_3","texture":"68GQ5VvetGNoYI3csQm0a0","rect":[2,2,191,665],"offset":[0,0],"originalSize":[191,665]}},{"__type__":"cc.SpriteFrame","content":{"name":"game_level_4_item_16","texture":"68GQ5VvetGNoYI3csQm0a0","rect":[54,1784,61,85],"offset":[0,0],"originalSize":[61,85]}},{"__type__":"cc.SpriteFrame","content":{"name":"game_level_4_item_15","texture":"68GQ5VvetGNoYI3csQm0a0","rect":[274,1438,137,219],"offset":[0,0],"originalSize":[137,219]}},{"__type__":"cc.SpriteFrame","content":{"name":"game_level_4_item_10","texture":"68GQ5VvetGNoYI3csQm0a0","rect":[2,1784,50,100],"offset":[0,0],"originalSize":[50,100]}},{"__type__":"cc.SpriteFrame","content":{"name":"game_level_4_item_5","texture":"68GQ5VvetGNoYI3csQm0a0","rect":[2,1506,139,276],"offset":[0,0],"originalSize":[139,276]}},{"__type__":"cc.SpriteFrame","content":{"name":"game_level_4_item_13","texture":"68GQ5VvetGNoYI3csQm0a0","rect":[176,1068,147,210],"offset":[0,0],"originalSize":[147,210],"rotated":1}},{"__type__":"cc.SpriteFrame","content":{"name":"game_level_4_item_14","texture":"68GQ5VvetGNoYI3csQm0a0","rect":[2,1226,266,278],"offset":[0,0],"originalSize":[266,278]}},{"__type__":"cc.SpriteFrame","content":{"name":"game_level_4_item_6","texture":"68GQ5VvetGNoYI3csQm0a0","rect":[270,1217,137,219],"offset":[0,0],"originalSize":[137,219]}},{"__type__":"cc.SpriteFrame","content":{"name":"img_help_2","texture":"68GQ5VvetGNoYI3csQm0a0","rect":[195,2,360,233],"offset":[0,0],"originalSize":[360,233],"rotated":1}},{"__type__":"cc.SpriteAtlas","_name":"game_level_4.plist","_spriteFrames":{"game_level_4_item_1":{"__uuid__":"ebza2GkV1MeajoryV2rRGL"},"game_level_4_item_10":{"__uuid__":"5du2P3i7JP6oAe0tIkFFSh"},"game_level_4_item_11":{"__uuid__":"e3nnawzFNK7o5kzI3rZA5s"},"game_level_4_item_13":{"__uuid__":"75YJC5xxhJNrQK1q/j3KfR"},"game_level_4_item_14":{"__uuid__":"7emwo/p85AOobPfiekdRgN"},"game_level_4_item_15":{"__uuid__":"3cZMacgI5PdoUZJdkSZ+C4"},"game_level_4_item_16":{"__uuid__":"38ZVgqMgtGSKxVB/6Qw5aD"},"game_level_4_item_2":{"__uuid__":"11pMBtOLNOppt0zoIii19J"},"game_level_4_item_3":{"__uuid__":"22zEj2V1VGtYCGu1GXOlnC"},"game_level_4_item_4":{"__uuid__":"d7Xs0DS8JJ1p6hYV1Y4xKq"},"game_level_4_item_5":{"__uuid__":"69SKvYIcZGMYijusUSw8TR"},"game_level_4_item_6":{"__uuid__":"a2C692OyBKZqEtHFegnax9"},"game_level_4_item_7":{"__uuid__":"f3ttWYKWNHW7oVAQwhhurC"},"game_level_4_item_8":{"__uuid__":"fbgwjLYdhAE7CXl4rn24hy"},"game_level_4_item_9":{"__uuid__":"00k8lo7aNBiIUhW5jVoSSL"},"img_help_1":{"__uuid__":"d41wxkY2ZC0a35BLItdJKv"},"img_help_2":{"__uuid__":"a33fkZlBJBS54VR+V4mMWS"}}},{"__type__":"cc.SpriteFrame","content":{"name":"img_help_1","texture":"68GQ5VvetGNoYI3csQm0a0","rect":[195,364,360,233],"offset":[0,0],"originalSize":[360,233],"rotated":1}},{"__type__":"cc.SpriteFrame","content":{"name":"game_level_4_item_4","texture":"68GQ5VvetGNoYI3csQm0a0","rect":[274,1659,145,201],"offset":[0,0],"originalSize":[145,201]}},{"__type__":"cc.SpriteFrame","content":{"name":"game_level_4_item_11","texture":"68GQ5VvetGNoYI3csQm0a0","rect":[117,1784,44,21],"offset":[0,0],"originalSize":[44,21],"rotated":1}},{"__type__":"cc.SpriteFrame","content":{"name":"game_level_4_item_1","texture":"68GQ5VvetGNoYI3csQm0a0","rect":[176,726,250,340],"offset":[0,0],"originalSize":[250,340]}},{"__type__":"cc.SpriteFrame","content":{"name":"game_level_4_item_7","texture":"68GQ5VvetGNoYI3csQm0a0","rect":[143,1506,129,221],"offset":[0,0],"originalSize":[129,221]}},{"__type__":"cc.SpriteFrame","content":{"name":"game_level_4_item_8","texture":"68GQ5VvetGNoYI3csQm0a0","rect":[143,1729,137,113],"offset":[0,0],"originalSize":[137,113],"rotated":1}}]