[{"__type__":"cc.SpriteFrame","content":{"name":"img_help","texture":"1avFoumBlCSahwXCgqGE+d","rect":[2,2,360,233],"offset":[0,0],"originalSize":[360,233]}},{"__type__":"cc.SpriteFrame","content":{"name":"game_level_item_1","texture":"1avFoumBlCSahwXCgqGE+d","rect":[364,2,32,15],"offset":[0,0],"originalSize":[32,15],"rotated":1}},{"__type__":"cc.SpriteAtlas","_name":"game_level_1.plist","_spriteFrames":{"game_level_item_1":{"__uuid__":"34J6Io8AlM0Lq7cEZ9+X0H"},"img_help":{"__uuid__":"15QuAyUtRNaqH5s1GP2/4+"}}}]