[{"__type__":"cc.Prefab","_name":"page_content","data":{"__id__":1}},{"__type__":"cc.Node","_name":"page_content","_children":[{"__id__":2},{"__id__":4},{"__id__":5}],"_level":1,"_components":[{"__type__":"cc.PageView","node":{"__id__":1},"content":{"__id__":3},"inertia":false,"elastic":false,"bounceDuration":0.5},{"__type__":"cc.Widget","node":{"__id__":1},"_alignFlags":21,"_top":235,"_bottom":129,"_originalHeight":1032}],"_prefab":{"__type__":"cc.PrefabInfo","root":{"__id__":1},"asset":{"__uuid__":"c25dOU5gNLaZZenwatU62q"},"fileId":"b7crrl7JRK5IiYJETfRUU6"},"_contentSize":{"__type__":"cc.Size","width":720,"height":916},"_position":{"__type__":"cc.Vec3","x":360,"y":587},"_scale":{"__type__":"cc.Vec3","x":1,"y":1,"z":1}},{"__type__":"cc.Node","_name":"view","_parent":{"__id__":1},"_children":[{"__id__":3}],"_components":[{"__type__":"cc.Mask","node":{"__id__":2}},{"__type__":"cc.Widget","node":{"__id__":2},"_alignFlags":45,"_originalWidth":720,"_originalHeight":350}],"_prefab":{"__type__":"cc.PrefabInfo","root":{"__id__":1},"asset":{"__uuid__":"c25dOU5gNLaZZenwatU62q"},"fileId":"13F/s2jNJOdpEv5Z0n9c64"},"_contentSize":{"__type__":"cc.Size","width":720,"height":916},"_scale":{"__type__":"cc.Vec3","x":1,"y":1,"z":1}},{"__type__":"cc.Node","_name":"content","_parent":{"__id__":2},"_components":[{"__type__":"cc.Layout","node":{"__id__":3},"_layoutSize":{"__type__":"cc.Size","width":720,"height":916},"_resize":1,"_N$layoutType":1,"_N$spacingY":15},{"__type__":"cc.Widget","node":{"__id__":3},"_alignFlags":21,"_originalHeight":1280}],"_prefab":{"__type__":"cc.PrefabInfo","root":{"__id__":1},"asset":{"__uuid__":"c25dOU5gNLaZZenwatU62q"},"fileId":"771P9pPsRMjqcB5URDO97v"},"_contentSize":{"__type__":"cc.Size","width":720,"height":916},"_anchorPoint":{"__type__":"cc.Vec2","y":0.5},"_position":{"__type__":"cc.Vec3","x":-360},"_scale":{"__type__":"cc.Vec3","x":1,"y":1,"z":1}},{"__type__":"cc.Node","_name":"btn_left","_parent":{"__id__":1},"_level":3,"_components":[{"__type__":"cc.Sprite","node":{"__id__":4},"_spriteFrame":{"__uuid__":"9br9pENUpExL0G7t4iDij1"},"_sizeMode":2},{"__type__":"cc.Button","node":{"__id__":4},"transition":3,"pressedColor":{"__type__":"cc.Color","r":255,"g":255,"b":255},"zoomScale":1.05,"_N$normalColor":{"__type__":"cc.Color","r":255,"g":255,"b":255},"_N$disabledColor":{"__type__":"cc.Color","r":255,"g":255,"b":255},"_N$normalSprite":{"__uuid__":"04M+MQzrRNJq/vysuq1u20"},"_N$pressedSprite":{"__uuid__":"e97GVMl6JHh5Ml5qEDdSGa"},"pressedSprite":{"__uuid__":"e97GVMl6JHh5Ml5qEDdSGa"},"_N$hoverSprite":{"__uuid__":"f0BIwQ8D5Ml7nTNQbh1YlS"},"hoverSprite":{"__uuid__":"f0BIwQ8D5Ml7nTNQbh1YlS"},"_N$disabledSprite":{"__uuid__":"29FYIk+N1GYaeWH/q1NxQO"},"_N$target":{"__id__":4}},{"__type__":"cc.Widget","node":{"__id__":4},"_alignFlags":12,"_left":33.5,"_bottom":36.5}],"_prefab":{"__type__":"cc.PrefabInfo","root":{"__id__":1},"asset":{"__uuid__":"c25dOU5gNLaZZenwatU62q"},"fileId":"32hGzOtPBOYJ4IxbqxZYPo"},"_contentSize":{"__type__":"cc.Size","width":79,"height":79},"_position":{"__type__":"cc.Vec3","x":-287,"y":-382},"_scale":{"__type__":"cc.Vec3","x":-1,"y":1,"z":1}},{"__type__":"cc.Node","_name":"btn_right","_parent":{"__id__":1},"_level":3,"_components":[{"__type__":"cc.Sprite","node":{"__id__":5},"_spriteFrame":{"__uuid__":"9br9pENUpExL0G7t4iDij1"},"_sizeMode":2},{"__type__":"cc.Button","node":{"__id__":5},"transition":3,"pressedColor":{"__type__":"cc.Color","r":255,"g":255,"b":255},"zoomScale":1.05,"_N$normalColor":{"__type__":"cc.Color","r":255,"g":255,"b":255},"_N$disabledColor":{"__type__":"cc.Color","r":255,"g":255,"b":255},"_N$normalSprite":{"__uuid__":"04M+MQzrRNJq/vysuq1u20"},"_N$pressedSprite":{"__uuid__":"e97GVMl6JHh5Ml5qEDdSGa"},"pressedSprite":{"__uuid__":"e97GVMl6JHh5Ml5qEDdSGa"},"_N$hoverSprite":{"__uuid__":"f0BIwQ8D5Ml7nTNQbh1YlS"},"hoverSprite":{"__uuid__":"f0BIwQ8D5Ml7nTNQbh1YlS"},"_N$disabledSprite":{"__uuid__":"29FYIk+N1GYaeWH/q1NxQO"},"_N$target":{"__id__":5}},{"__type__":"cc.Widget","node":{"__id__":5},"_target":{"__id__":1},"_alignFlags":36,"_right":33.5,"_bottom":36.5}],"_prefab":{"__type__":"cc.PrefabInfo","root":{"__id__":1},"asset":{"__uuid__":"c25dOU5gNLaZZenwatU62q"},"fileId":"48fuEzoqxO74qlaMuDJeXe"},"_contentSize":{"__type__":"cc.Size","width":79,"height":79},"_position":{"__type__":"cc.Vec3","x":287,"y":-382},"_scale":{"__type__":"cc.Vec3","x":1,"y":-1,"z":1}}]