[{"__type__":"cc.SpriteFrame","content":{"name":"game_level_8_item_3","texture":"f72kqNTPBIBbTWbsCN05Xa","rect":[1156,168,68,70],"offset":[0,0],"originalSize":[68,70],"rotated":1}},{"__type__":"cc.SpriteFrame","content":{"name":"game_level_8_item_11","texture":"f72kqNTPBIBbTWbsCN05Xa","rect":[107,447,76,36],"offset":[0,0],"originalSize":[76,36]}},{"__type__":"cc.SpriteFrame","content":{"name":"game_level_8_item_12","texture":"f72kqNTPBIBbTWbsCN05Xa","rect":[962,178,134,192],"offset":[0,0],"originalSize":[134,192],"rotated":1}},{"__type__":"cc.SpriteFrame","content":{"name":"game_level_8_item_8","texture":"f72kqNTPBIBbTWbsCN05Xa","rect":[974,2,164,304],"offset":[0,0],"originalSize":[164,304],"rotated":1}},{"__type__":"cc.SpriteFrame","content":{"name":"game_level_8_item_10","texture":"f72kqNTPBIBbTWbsCN05Xa","rect":[2,447,103,31],"offset":[0,0],"originalSize":[103,31]}},{"__type__":"cc.SpriteFrame","content":{"name":"game_level_8_item_1","texture":"f72kqNTPBIBbTWbsCN05Xa","rect":[253,2,249,443],"offset":[0,0],"originalSize":[249,443]}},{"__type__":"cc.SpriteFrame","content":{"name":"game_level_8_item_14","texture":"f72kqNTPBIBbTWbsCN05Xa","rect":[1110,314,132,190],"offset":[0,0],"originalSize":[134,190]}},{"__type__":"cc.SpriteFrame","content":{"name":"game_level_8_item_9","texture":"f72kqNTPBIBbTWbsCN05Xa","rect":[739,2,174,233],"offset":[0,0],"originalSize":[174,233],"rotated":1}},{"__type__":"cc.SpriteFrame","content":{"name":"game_level_8_item_7","texture":"f72kqNTPBIBbTWbsCN05Xa","rect":[504,364,198,140],"offset":[0,0],"originalSize":[198,140]}},{"__type__":"cc.SpriteFrame","content":{"name":"game_level_8_item_6","texture":"f72kqNTPBIBbTWbsCN05Xa","rect":[185,447,31,49],"offset":[0,0],"originalSize":[31,49]}},{"__type__":"cc.SpriteFrame","content":{"name":"game_level_8_item_5","texture":"f72kqNTPBIBbTWbsCN05Xa","rect":[739,178,221,162],"offset":[0,0],"originalSize":[221,162]}},{"__type__":"cc.SpriteFrame","content":{"name":"game_level_8_item_13","texture":"f72kqNTPBIBbTWbsCN05Xa","rect":[704,364,103,268],"offset":[0,0],"originalSize":[103,268],"rotated":1}},{"__type__":"cc.SpriteFrame","content":{"name":"game_level_8_item_2","texture":"f72kqNTPBIBbTWbsCN05Xa","rect":[2,2,249,443],"offset":[0,0],"originalSize":[249,443]}},{"__type__":"cc.SpriteFrame","content":{"name":"img_help","texture":"f72kqNTPBIBbTWbsCN05Xa","rect":[504,2,360,233],"offset":[0,0],"originalSize":[360,233],"rotated":1}},{"__type__":"cc.SpriteFrame","content":{"name":"game_level_8_item_4","texture":"f72kqNTPBIBbTWbsCN05Xa","rect":[974,314,134,190],"offset":[0,0],"originalSize":[134,190]}},{"__type__":"cc.SpriteAtlas","_name":"game_level_8.plist","_spriteFrames":{"game_level_8_item_1":{"__uuid__":"37lcbf3SJMuKQWSfuh8fvQ"},"game_level_8_item_10":{"__uuid__":"34Ei5Gm15Duo7UVR1p/mJr"},"game_level_8_item_11":{"__uuid__":"1eC5O4lSFHwJL1DIVuzf+0"},"game_level_8_item_12":{"__uuid__":"2a6ZPfoz1EI7hHT+N9zgn/"},"game_level_8_item_13":{"__uuid__":"80b90OnMNDVrd8smuosGcm"},"game_level_8_item_14":{"__uuid__":"38iazEqt1H47Yc9p1T8v9b"},"game_level_8_item_2":{"__uuid__":"a0jhLmfvNJ0oxDyn18ZI7L"},"game_level_8_item_3":{"__uuid__":"09d9efF29KZpBEM3o8Zonv"},"game_level_8_item_4":{"__uuid__":"cb1uQkEodJh5M92VjYQnJf"},"game_level_8_item_5":{"__uuid__":"7ec0hNgZZDOryNkePdd/0F"},"game_level_8_item_6":{"__uuid__":"7dpKk+sIRJzK8gnmOAUZzI"},"game_level_8_item_7":{"__uuid__":"6awANA2IhC6oqIXlo6d2Bh"},"game_level_8_item_8":{"__uuid__":"34Dg97PG1OO4bkMxIEgsF7"},"game_level_8_item_9":{"__uuid__":"3eJznjTjFDlITUO9jIoEzG"},"img_help":{"__uuid__":"bfYKWqYctNS4/KS7KX7dxn"}}}]