[{"__type__":"cc.SceneAsset","_name":"main","scene":{"__id__":1},"asyncLoadAssets":null},{"__type__":"cc.Scene","_name":"New Node","_children":[{"__id__":2}],"_anchorPoint":{"__type__":"cc.Vec2"},"_scale":{"__type__":"cc.Vec3","x":0.4515625,"y":0.4515625,"z":1},"autoReleaseAssets":false},{"__type__":"cc.Node","_name":"Canvas","_parent":{"__id__":1},"_children":[{"__id__":3},{"__id__":4},{"__id__":6},{"__id__":8},{"__id__":10},{"__id__":12}],"_level":1,"_components":[{"__type__":"cc.Canvas","node":{"__id__":2},"_designResolution":{"__type__":"cc.Size","width":720,"height":1280},"_fitWidth":true,"_fitHeight":false},{"__type__":"4a418qW/p1HZq2w0o4b7LBF","node":{"__id__":2}},{"__type__":"5a545cljlJKmYlkEqHrK2mL","node":{"__id__":2},"SceneLayer":{"__id__":5},"ViewLayer":{"__id__":7},"DialogLayer":{"__id__":9},"GlobalLayer":{"__id__":11},"SwallowLayer":{"__id__":13}}],"_contentSize":{"__type__":"cc.Size","width":720,"height":1280},"_position":{"__type__":"cc.Vec3","x":360,"y":640},"_scale":{"__type__":"cc.Vec3","x":1,"y":1,"z":1},"_id":"bcxi1QfMxHF40i0VOGQjb8"},{"__type__":"cc.Node","_name":"Main Camera","_parent":{"__id__":2},"_level":2,"_components":[{"__type__":"cc.Camera","node":{"__id__":3},"_clearFlags":7}],"_scale":{"__type__":"cc.Vec3","x":1,"y":1,"z":1}},{"__type__":"cc.Node","_name":"SceneLayer","_parent":{"__id__":2},"_level":2,"_components":[{"__id__":5}],"_contentSize":{"__type__":"cc.Size","width":720,"height":1280},"_anchorPoint":{"__type__":"cc.Vec2"},"_position":{"__type__":"cc.Vec3","x":-360,"y":-640},"_scale":{"__type__":"cc.Vec3","x":1,"y":1,"z":1}},{"__type__":"cc.Widget","node":{"__id__":4},"_alignFlags":45,"_originalWidth":200,"_originalHeight":150},{"__type__":"cc.Node","_name":"ViewLayer","_parent":{"__id__":2},"_level":2,"_components":[{"__id__":7}],"_contentSize":{"__type__":"cc.Size","width":720,"height":1280},"_anchorPoint":{"__type__":"cc.Vec2"},"_position":{"__type__":"cc.Vec3","x":-360,"y":-640},"_scale":{"__type__":"cc.Vec3","x":1,"y":1,"z":1}},{"__type__":"cc.Widget","node":{"__id__":6},"_alignFlags":45,"_originalWidth":200,"_originalHeight":150},{"__type__":"cc.Node","_name":"DialogLayer","_parent":{"__id__":2},"_level":2,"_components":[{"__id__":9}],"_contentSize":{"__type__":"cc.Size","width":720,"height":1280},"_anchorPoint":{"__type__":"cc.Vec2"},"_position":{"__type__":"cc.Vec3","x":-360,"y":-640},"_scale":{"__type__":"cc.Vec3","x":1,"y":1,"z":1}},{"__type__":"cc.Widget","node":{"__id__":8},"_alignFlags":45,"_originalWidth":200,"_originalHeight":150},{"__type__":"cc.Node","_name":"GlobalLayer","_parent":{"__id__":2},"_level":2,"_components":[{"__id__":11}],"_contentSize":{"__type__":"cc.Size","width":720,"height":1280},"_anchorPoint":{"__type__":"cc.Vec2"},"_position":{"__type__":"cc.Vec3","x":-360,"y":-640},"_scale":{"__type__":"cc.Vec3","x":1,"y":1,"z":1}},{"__type__":"cc.Widget","node":{"__id__":10},"_alignFlags":45,"_originalWidth":200,"_originalHeight":150},{"__type__":"cc.Node","_name":"SwallowLayer","_parent":{"__id__":2},"_level":2,"_components":[{"__id__":13}],"_contentSize":{"__type__":"cc.Size","width":720,"height":1280},"_anchorPoint":{"__type__":"cc.Vec2"},"_position":{"__type__":"cc.Vec3","x":-360,"y":-640},"_scale":{"__type__":"cc.Vec3","x":1,"y":1,"z":1}},{"__type__":"cc.Widget","node":{"__id__":12},"_alignFlags":45,"_originalWidth":200,"_originalHeight":150}]