[{"__type__":"cc.SpriteFrame","content":{"name":"play_desc_tltie","texture":"0cTo04ekJI07ZeOLnDz063","rect":[1485,604,200,52],"offset":[0,0],"originalSize":[200,52],"rotated":1}},{"__type__":"cc.SpriteAtlas","_name":"play_desc_dialog.plist","_spriteFrames":{"arrow":{"__uuid__":"d7fKSE0eJFG7DJ9kW/78TA"},"finger":{"__uuid__":"b2q6jfREJJJ6kNSx1WodNj"},"get_btn":{"__uuid__":"b7Q8Enr/VPV7vzPNC2a7jx"},"next_btn":{"__uuid__":"49jqkLEjVIwLQEB4uPzvGt"},"play_desc":{"__uuid__":"4b4jFT1kBK95+0RJEvdgxY"},"play_desc_bg":{"__uuid__":"c9vUjHbp1OBaw3qxzt11h9"},"play_desc_bg1":{"__uuid__":"a9m3iv1nhFso+WwUDDD/yB"},"play_desc_bg2":{"__uuid__":"besVIyqU1N+7caQ1NKiUqx"},"play_desc_tltie":{"__uuid__":"0bnHACNQZAjqFllYFNJVyU"}}},{"__type__":"cc.SpriteFrame","content":{"name":"next_btn","texture":"0cTo04ekJI07ZeOLnDz063","rect":[1761,2,240,85],"offset":[0,0],"originalSize":[240,85],"rotated":1}},{"__type__":"cc.SpriteFrame","content":{"name":"play_desc","texture":"0cTo04ekJI07ZeOLnDz063","rect":[670,2,666,829],"offset":[0,0],"originalSize":[666,829]}},{"__type__":"cc.SpriteFrame","content":{"name":"play_desc_bg1","texture":"0cTo04ekJI07ZeOLnDz063","rect":[1338,2,600,421],"offset":[0,0],"originalSize":[600,421],"rotated":1}},{"__type__":"cc.SpriteFrame","content":{"name":"finger","texture":"0cTo04ekJI07ZeOLnDz063","rect":[1761,486,57,56],"offset":[0,0],"originalSize":[57,56]}},{"__type__":"cc.SpriteFrame","content":{"name":"get_btn","texture":"0cTo04ekJI07ZeOLnDz063","rect":[1761,244,240,85],"offset":[0,0],"originalSize":[240,85],"rotated":1}},{"__type__":"cc.SpriteFrame","content":{"name":"play_desc_bg2","texture":"0cTo04ekJI07ZeOLnDz063","rect":[1539,604,142,121],"offset":[0,0],"originalSize":[142,121],"rotated":1}},{"__type__":"cc.SpriteFrame","content":{"name":"play_desc_bg","texture":"0cTo04ekJI07ZeOLnDz063","rect":[2,2,666,829],"offset":[0,0],"originalSize":[666,829]}},{"__type__":"cc.SpriteFrame","content":{"name":"arrow","texture":"0cTo04ekJI07ZeOLnDz063","rect":[1338,604,202,145],"offset":[0,0],"originalSize":[202,145],"rotated":1}}]