[[{"__type__":"cc.Prefab","_name":"ShowOffDialog","data":{"__id__":1}},{"__type__":"cc.Node","_name":"ShowOffDialog","_children":[{"__id__":2},{"__id__":3},{"__id__":4},{"__id__":5},{"__id__":6},{"__id__":7},{"__id__":12},{"__id__":13},{"__id__":15},{"__id__":16},{"__id__":18},{"__id__":20},{"__id__":22}],"_level":1,"_components":[{"__type__":"cc.Widget","node":{"__id__":1},"_alignFlags":45,"_originalWidth":750,"_originalHeight":1334},{"__type__":"2c9d78dMiBNrYK2TJ9LVq2N","node":{"__id__":1},"args":{},"pan_mask":{"__id__":2},"title_pass":{"__id__":3},"title_up":{"__id__":4},"pass_txt":{"__id__":6},"share_btn":{"__id__":5},"again_btn":{"__id__":12},"close_btn":{"__id__":22},"name_txt":{"__id__":9},"name_bg":{"__id__":7},"spr":{"__id__":17},"spr1":{"__id__":19},"spr2":{"__id__":21},"light_bg":{"__id__":14},"particle_fire_node":{"__id__":15}}],"_prefab":{"__type__":"cc.PrefabInfo","root":{"__id__":1},"asset":{"__uuid__":"08X3dXw/lECIBUMj/1M9EN"},"fileId":"e5UKqe25tHw4lDjLotWmwl"},"_contentSize":{"__type__":"cc.Size","width":720,"height":1280},"_position":{"__type__":"cc.Vec3","x":360,"y":640},"_scale":{"__type__":"cc.Vec3","x":1,"y":1,"z":1}},{"__type__":"cc.Node","_name":"pan_mask","_parent":{"__id__":1},"_active":false,"_level":2,"_components":[{"__type__":"cc.Sprite","node":{"__id__":2},"_spriteFrame":{"__uuid__":"a2MjXRFdtLlYQ5ouAFv/+R"},"_sizeMode":0},{"__type__":"cc.Widget","node":{"__id__":2},"_target":{"__id__":1},"_alignFlags":45,"_originalWidth":720,"_originalHeight":1280}],"_prefab":{"__type__":"cc.PrefabInfo","root":{"__id__":1},"asset":{"__uuid__":"08X3dXw/lECIBUMj/1M9EN"},"fileId":"cc5b6TK3hP7YScZFPMK4sH"},"_opacity":200,"_color":{"__type__":"cc.Color"},"_contentSize":{"__type__":"cc.Size","width":720,"height":1280},"_scale":{"__type__":"cc.Vec3","x":1,"y":1,"z":1}},{"__type__":"cc.Node","_name":"title_pass","_parent":{"__id__":1},"_active":false,"_level":2,"_components":[{"__type__":"cc.Sprite","node":{"__id__":3},"_spriteFrame":{"__uuid__":"22pVi6hbtOUaWFO71hFA9Z"}},{"__type__":"cc.Widget","node":{"__id__":3},"_alignFlags":16}],"_prefab":{"__type__":"cc.PrefabInfo","root":{"__id__":1},"asset":{"__uuid__":"08X3dXw/lECIBUMj/1M9EN"},"fileId":"feoG4ZJfNEpabtM758ZXJ4"},"_contentSize":{"__type__":"cc.Size","width":446,"height":112},"_position":{"__type__":"cc.Vec3","y":390},"_scale":{"__type__":"cc.Vec3","x":1,"y":1,"z":1}},{"__type__":"cc.Node","_name":"title_up","_parent":{"__id__":1},"_active":false,"_level":2,"_components":[{"__type__":"cc.Sprite","node":{"__id__":4},"_spriteFrame":{"__uuid__":"93OyLX8eZC5pCa1w1K6LN1"}},{"__type__":"cc.Widget","node":{"__id__":4},"_alignFlags":16}],"_prefab":{"__type__":"cc.PrefabInfo","root":{"__id__":1},"asset":{"__uuid__":"08X3dXw/lECIBUMj/1M9EN"},"fileId":"e8274h/NZGZZwPyioz/wsE"},"_contentSize":{"__type__":"cc.Size","width":443,"height":111},"_position":{"__type__":"cc.Vec3","y":387},"_scale":{"__type__":"cc.Vec3","x":1,"y":1,"z":1}},{"__type__":"cc.Node","_name":"share_btn","_parent":{"__id__":1},"_active":false,"_level":2,"_components":[{"__type__":"cc.Sprite","node":{"__id__":5},"_spriteFrame":{"__uuid__":"57PJURQBBHT7zgj7I1xzCq"}},{"__type__":"cc.Widget","node":{"__id__":5},"_alignFlags":16}],"_prefab":{"__type__":"cc.PrefabInfo","root":{"__id__":1},"asset":{"__uuid__":"08X3dXw/lECIBUMj/1M9EN"},"fileId":"bd+WSve2ZGn5DVn3SggD4j"},"_contentSize":{"__type__":"cc.Size","width":275,"height":97},"_position":{"__type__":"cc.Vec3","y":-326},"_scale":{"__type__":"cc.Vec3","x":1,"y":1,"z":1}},{"__type__":"cc.Node","_name":"pass_txt","_parent":{"__id__":1},"_active":false,"_level":2,"_components":[{"__type__":"cc.Sprite","node":{"__id__":6},"_spriteFrame":{"__uuid__":"f4CbU9fT5Nb64QDfCqiKGt"}}],"_prefab":{"__type__":"cc.PrefabInfo","root":{"__id__":1},"asset":{"__uuid__":"08X3dXw/lECIBUMj/1M9EN"},"fileId":"84+je7L5xLO4luDrKyV+Nq"},"_contentSize":{"__type__":"cc.Size","width":479,"height":33},"_position":{"__type__":"cc.Vec3","y":291},"_scale":{"__type__":"cc.Vec3","x":1,"y":1,"z":1}},{"__type__":"cc.Node","_name":"name_bg","_parent":{"__id__":1},"_children":[{"__id__":8},{"__id__":10},{"__id__":11}],"_active":false,"_level":2,"_components":[{"__type__":"cc.Sprite","node":{"__id__":7},"_spriteFrame":{"__uuid__":"252q6P7pRNPJPFZ+rcCK10"}}],"_prefab":{"__type__":"cc.PrefabInfo","root":{"__id__":1},"asset":{"__uuid__":"08X3dXw/lECIBUMj/1M9EN"},"fileId":"ef0AczSfpJKLXoM/Pwdd4J"},"_contentSize":{"__type__":"cc.Size","width":473,"height":83},"_position":{"__type__":"cc.Vec3","y":-200},"_scale":{"__type__":"cc.Vec3","x":1,"y":1,"z":1}},{"__type__":"cc.Node","_name":"name_txt","_parent":{"__id__":7},"_level":3,"_components":[{"__id__":9}],"_prefab":{"__type__":"cc.PrefabInfo","root":{"__id__":1},"asset":{"__uuid__":"08X3dXw/lECIBUMj/1M9EN"},"fileId":"4f+37uIuJPlbwdyF18jErF"},"_contentSize":{"__type__":"cc.Size","width":120,"height":40},"_scale":{"__type__":"cc.Vec3","x":1,"y":1,"z":1}},{"__type__":"cc.Label","node":{"__id__":8},"_srcBlendFactor":1,"_useOriginalSize":false,"_string":"无上皇","_N$string":"无上皇","_N$horizontalAlign":1,"_N$verticalAlign":1},{"__type__":"cc.Node","_name":"star_bg1","_parent":{"__id__":7},"_level":3,"_components":[{"__type__":"cc.Sprite","node":{"__id__":10},"_spriteFrame":{"__uuid__":"3e0XB5hXJAOLRCB+idCYMU"}}],"_prefab":{"__type__":"cc.PrefabInfo","root":{"__id__":1},"asset":{"__uuid__":"08X3dXw/lECIBUMj/1M9EN"},"fileId":"24mkLAyvlCxb6Svz5Vn5tc"},"_contentSize":{"__type__":"cc.Size","width":71,"height":23},"_position":{"__type__":"cc.Vec3","x":132},"_scale":{"__type__":"cc.Vec3","x":1,"y":1,"z":1}},{"__type__":"cc.Node","_name":"star_bg2","_parent":{"__id__":7},"_level":3,"_components":[{"__type__":"cc.Sprite","node":{"__id__":11},"_spriteFrame":{"__uuid__":"3e0XB5hXJAOLRCB+idCYMU"}}],"_prefab":{"__type__":"cc.PrefabInfo","root":{"__id__":1},"asset":{"__uuid__":"08X3dXw/lECIBUMj/1M9EN"},"fileId":"bemlWWuTFI05SOiBcCZJWd"},"_contentSize":{"__type__":"cc.Size","width":71,"height":23},"_position":{"__type__":"cc.Vec3","x":-132},"_scale":{"__type__":"cc.Vec3","x":-1,"y":1,"z":1}},{"__type__":"cc.Node","_name":"again_btn","_parent":{"__id__":1},"_active":false,"_level":2,"_components":[{"__type__":"cc.Sprite","node":{"__id__":12},"_spriteFrame":{"__uuid__":"2efZ4IlgJK77DDHD96nSnS"}}],"_prefab":{"__type__":"cc.PrefabInfo","root":{"__id__":1},"asset":{"__uuid__":"08X3dXw/lECIBUMj/1M9EN"},"fileId":"e1Fun1n2ZH+Lh+9uEPDg9j"},"_contentSize":{"__type__":"cc.Size","width":227,"height":40},"_position":{"__type__":"cc.Vec3","y":-418},"_scale":{"__type__":"cc.Vec3","x":1,"y":1,"z":1}},{"__type__":"cc.Node","_name":"light_bg","_parent":{"__id__":1},"_active":false,"_level":2,"_components":[{"__id__":14}],"_prefab":{"__type__":"cc.PrefabInfo","root":{"__id__":1},"asset":{"__uuid__":"08X3dXw/lECIBUMj/1M9EN"},"fileId":"fas0iZgoRA1JAMysz9BsCU"},"_contentSize":{"__type__":"cc.Size","width":541,"height":532},"_position":{"__type__":"cc.Vec3","y":82},"_scale":{"__type__":"cc.Vec3","x":1,"y":1,"z":1}},{"__type__":"cc.Sprite","node":{"__id__":13},"_spriteFrame":{"__uuid__":"5bMjOohvxEB6ghnxXBj729"}},{"__type__":"cc.Node","_name":"particle_fire_node","_parent":{"__id__":1},"_level":2,"_components":[{"__type__":"cc.ParticleSystem","node":{"__id__":15},"_dstBlendFactor":1,"_file":{"__uuid__":"8eIepVYO1I3b5SZ3XzVS8L"},"playOnLoad":false,"autoRemoveOnFinish":true,"totalParticles":5,"emissionRate":5,"lifeVar":1,"_startColor":{"__type__":"cc.Color","r":255,"g":255,"b":204},"_startColorVar":{"__type__":"cc.Color","b":51,"a":25},"_endColor":{"__type__":"cc.Color"},"_endColorVar":{"__type__":"cc.Color","a":0},"angleVar":100,"startSize":66,"startSizeVar":30,"endSize":384,"endSizeVar":12,"posVar":{"__type__":"cc.Vec2","x":340,"y":250},"gravity":{"__type__":"cc.Vec2","y":-100},"speed":30,"speedVar":0,"tangentialAccel":0,"radialAccel":25}],"_prefab":{"__type__":"cc.PrefabInfo","root":{"__id__":1},"asset":{"__uuid__":"08X3dXw/lECIBUMj/1M9EN"},"fileId":"7204n6tLhAubnZJQq0YZcA"},"_scale":{"__type__":"cc.Vec3","x":1,"y":1,"z":1}},{"__type__":"cc.Node","_name":"girl","_parent":{"__id__":1},"_active":false,"_level":2,"_components":[{"__id__":17}],"_prefab":{"__type__":"cc.PrefabInfo","root":{"__id__":1},"asset":{"__uuid__":"08X3dXw/lECIBUMj/1M9EN"},"fileId":"c81+fkOg5DB7jYIO60zGTB"},"_contentSize":{"__type__":"cc.Size","width":225,"height":386},"_position":{"__type__":"cc.Vec3","x":36,"y":58},"_scale":{"__type__":"cc.Vec3","x":1,"y":1,"z":1}},{"__type__":"cc.Sprite","node":{"__id__":16},"_spriteFrame":{"__uuid__":"5eO5STQt9IkaTff9Iv4B8n"}},{"__type__":"cc.Node","_name":"girl1","_parent":{"__id__":1},"_active":false,"_level":2,"_components":[{"__id__":19}],"_prefab":{"__type__":"cc.PrefabInfo","root":{"__id__":1},"asset":{"__uuid__":"08X3dXw/lECIBUMj/1M9EN"},"fileId":"10hBXIfHBFgKZJZAltcLtR"},"_contentSize":{"__type__":"cc.Size","width":225,"height":386},"_position":{"__type__":"cc.Vec3","x":-207,"y":58},"_scale":{"__type__":"cc.Vec3","x":0.8,"y":0.8,"z":1}},{"__type__":"cc.Sprite","node":{"__id__":18},"_spriteFrame":{"__uuid__":"5eO5STQt9IkaTff9Iv4B8n"}},{"__type__":"cc.Node","_name":"girl2","_parent":{"__id__":1},"_active":false,"_level":2,"_components":[{"__id__":21}],"_prefab":{"__type__":"cc.PrefabInfo","root":{"__id__":1},"asset":{"__uuid__":"08X3dXw/lECIBUMj/1M9EN"},"fileId":"d4noLOjy1DqIVx6SzCkHLy"},"_contentSize":{"__type__":"cc.Size","width":225,"height":386},"_position":{"__type__":"cc.Vec3","x":266,"y":58},"_scale":{"__type__":"cc.Vec3","x":0.8,"y":0.8,"z":1}},{"__type__":"cc.Sprite","node":{"__id__":20},"_spriteFrame":{"__uuid__":"5eO5STQt9IkaTff9Iv4B8n"}},{"__type__":"cc.Node","_name":"close_btn","_parent":{"__id__":1},"_active":false,"_level":2,"_components":[{"__type__":"cc.Sprite","node":{"__id__":22},"_spriteFrame":{"__uuid__":"39QDMhl01CvZ8hVu7sZ8Td"}}],"_prefab":{"__type__":"cc.PrefabInfo","root":{"__id__":1},"asset":{"__uuid__":"08X3dXw/lECIBUMj/1M9EN"},"fileId":"b97+a6+thMp5O/9yR+Y+I8"},"_contentSize":{"__type__":"cc.Size","width":71,"height":70},"_position":{"__type__":"cc.Vec3","y":-427},"_scale":{"__type__":"cc.Vec3","x":1,"y":1,"z":1}}],{"__type__":"cc.ParticleAsset","_name":"fireworks_effect","_native":".plist"}]