[{"__type__":"cc.SpriteAtlas","_name":"roleb4_map.plist","_spriteFrames":{"roleb_13":{"__uuid__":"96XNc2JJlK97omwq5NEOjG"},"roleb_14":{"__uuid__":"843kwaiIdKYJFe/3mMZ2So"},"roleb_15":{"__uuid__":"bbmUGDX/dG7Jd+AP/F3hq1"},"roleb_16":{"__uuid__":"5eO5STQt9IkaTff9Iv4B8n"}}},{"__type__":"cc.SpriteFrame","content":{"name":"roleb_16","texture":"ba/6G1TQdFnJ9kLmNYZYPD","rect":[245,2,225,386],"offset":[-1,0],"originalSize":[277,386]}},{"__type__":"cc.SpriteFrame","content":{"name":"roleb_14","texture":"ba/6G1TQdFnJ9kLmNYZYPD","rect":[2,2,241,386],"offset":[0,0],"originalSize":[277,386]}},{"__type__":"cc.SpriteFrame","content":{"name":"roleb_13","texture":"ba/6G1TQdFnJ9kLmNYZYPD","rect":[751,2,213,340],"offset":[-1,0],"originalSize":[277,386]}},{"__type__":"cc.SpriteFrame","content":{"name":"roleb_15","texture":"ba/6G1TQdFnJ9kLmNYZYPD","rect":[472,2,277,380],"offset":[0,0],"originalSize":[277,386]}}]