[{"__type__":"cc.SpriteFrame","content":{"name":"tool_10_3","texture":"00MmLoZ9pAS4p0grz6o5Um","rect":[2,1282,89,57],"offset":[-1,-6],"originalSize":[153,153]}},{"__type__":"cc.SpriteFrame","content":{"name":"tool_5_1","texture":"00MmLoZ9pAS4p0grz6o5Um","rect":[2,1079,75,73],"offset":[-1,0],"originalSize":[153,153]}},{"__type__":"cc.SpriteFrame","content":{"name":"tool_7_2","texture":"00MmLoZ9pAS4p0grz6o5Um","rect":[2,1002,75,75],"offset":[-1,0],"originalSize":[153,153]}},{"__type__":"cc.SpriteFrame","content":{"name":"tool_8_1","texture":"00MmLoZ9pAS4p0grz6o5Um","rect":[2,573,93,91],"offset":[0,1],"originalSize":[153,153]}},{"__type__":"cc.SpriteFrame","content":{"name":"tool_1_1","texture":"00MmLoZ9pAS4p0grz6o5Um","rect":[2,895,55,105],"offset":[-2,5],"originalSize":[153,153]}},{"__type__":"cc.SpriteFrame","content":{"name":"tool_4_4","texture":"00MmLoZ9pAS4p0grz6o5Um","rect":[2,236,99,107],"offset":[0,0],"originalSize":[153,153]}},{"__type__":"cc.SpriteFrame","content":{"name":"tool_7_1","texture":"00MmLoZ9pAS4p0grz6o5Um","rect":[2,2,123,101],"offset":[0,0],"originalSize":[153,153],"rotated":1}},{"__type__":"cc.SpriteFrame","content":{"name":"tool_4_3","texture":"00MmLoZ9pAS4p0grz6o5Um","rect":[2,1154,61,85],"offset":[0,0],"originalSize":[153,153],"rotated":1}},{"__type__":"cc.SpriteFrame","content":{"name":"tool_4_2","texture":"00MmLoZ9pAS4p0grz6o5Um","rect":[2,1217,81,63],"offset":[0,0],"originalSize":[153,153]}},{"__type__":"cc.SpriteFrame","content":{"name":"tool_8_2","texture":"00MmLoZ9pAS4p0grz6o5Um","rect":[2,1341,69,71],"offset":[-1,0],"originalSize":[153,153],"rotated":1}},{"__type__":"cc.SpriteFrame","content":{"name":"tool_6_1","texture":"00MmLoZ9pAS4p0grz6o5Um","rect":[2,127,101,107],"offset":[0,0],"originalSize":[153,153]}},{"__type__":"cc.SpriteFrame","content":{"name":"tool_10_1","texture":"00MmLoZ9pAS4p0grz6o5Um","rect":[2,456,115,75],"offset":[0,0],"originalSize":[153,153],"rotated":1}},{"__type__":"cc.SpriteFrame","content":{"name":"tool_7_3","texture":"00MmLoZ9pAS4p0grz6o5Um","rect":[59,895,93,43],"offset":[0,0],"originalSize":[153,153],"rotated":1}},{"__type__":"cc.SpriteFrame","content":{"name":"tool_5_2","texture":"00MmLoZ9pAS4p0grz6o5Um","rect":[2,1477,69,65],"offset":[-1,0],"originalSize":[153,153]}},{"__type__":"cc.SpriteFrame","content":{"name":"tool_3_2","texture":"00MmLoZ9pAS4p0grz6o5Um","rect":[2,1544,71,59],"offset":[0,0],"originalSize":[153,153]}},{"__type__":"cc.SpriteFrame","content":{"name":"tool_3_1","texture":"00MmLoZ9pAS4p0grz6o5Um","rect":[2,666,81,91],"offset":[0,0],"originalSize":[153,153],"rotated":1}},{"__type__":"cc.SpriteFrame","content":{"name":"tool_10_2","texture":"00MmLoZ9pAS4p0grz6o5Um","rect":[2,1412,77,63],"offset":[0,0],"originalSize":[153,153]}},{"__type__":"cc.SpriteFrame","content":{"name":"tool_9_1","texture":"00MmLoZ9pAS4p0grz6o5Um","rect":[2,749,67,93],"offset":[-1,6],"originalSize":[153,153],"rotated":1}},{"__type__":"cc.SpriteFrame","content":{"name":"tool_4_1","texture":"00MmLoZ9pAS4p0grz6o5Um","rect":[2,345,109,91],"offset":[0,0],"originalSize":[153,153],"rotated":1}},{"__type__":"cc.SpriteFrame","content":{"name":"tool_2_1","texture":"00MmLoZ9pAS4p0grz6o5Um","rect":[2,818,81,75],"offset":[0,0],"originalSize":[153,153]}},{"__type__":"cc.SpriteAtlas","_name":"tool_map.plist","_spriteFrames":{"tool_10_1":{"__uuid__":"88qUmF2HROi795YF4lFnnE"},"tool_10_2":{"__uuid__":"baBJ2Dj5pLxLc71QxXuqpF"},"tool_10_3":{"__uuid__":"02R+uPT2FI/bPEiCqeoLCf"},"tool_1_1":{"__uuid__":"25QAMdnP9EM4qP99hjzWKz"},"tool_2_1":{"__uuid__":"d0ppk1Zu5Kt43emdYX8PmJ"},"tool_3_1":{"__uuid__":"b9APU6JIdPRrSfo4ZGZAnD"},"tool_3_2":{"__uuid__":"b258GoVIFD4ZkLArbXweU3"},"tool_4_1":{"__uuid__":"ceqvOjXtlHIpbmNH9/RWj/"},"tool_4_2":{"__uuid__":"5ekA4vq0pFkrHONaeqYrs8"},"tool_4_3":{"__uuid__":"5arRNclxhG66evb9Y6mQnq"},"tool_4_4":{"__uuid__":"3a7qM4KAhEJZMnzorGtzh5"},"tool_5_1":{"__uuid__":"0fFXpMLiVBEZjvkDHAVZOs"},"tool_5_2":{"__uuid__":"a1FOtJdBpK3Y/RHcK7lz4h"},"tool_6_1":{"__uuid__":"6dB+BWsnJLHJNiobVJ0aWO"},"tool_7_1":{"__uuid__":"57ct3AeOhNmoHUpZ5Y54iX"},"tool_7_2":{"__uuid__":"108X6ajG9LZYg/tlONRNcC"},"tool_7_3":{"__uuid__":"9dh4k73y5EzZ2gD8/dhBbe"},"tool_8_1":{"__uuid__":"153+Wr8RdEw75iPgAmlA/C"},"tool_8_2":{"__uuid__":"6bLgOkThRAxZ7SPpAKxfly"},"tool_9_1":{"__uuid__":"cb9Gc9yK9PArfaYo146yvE"}}}]