[{"__type__":"cc.SpriteFrame","content":{"name":"game_level_item_7_5","texture":"5aq2qbMGVFFrhaZO5QoJXT","rect":[390,714,53,24],"offset":[0,0],"originalSize":[53,24],"rotated":1}},{"__type__":"cc.SpriteFrame","content":{"name":"game_level_item_7_10","texture":"5aq2qbMGVFFrhaZO5QoJXT","rect":[2,1584,149,418],"offset":[0,0],"originalSize":[149,418]}},{"__type__":"cc.SpriteAtlas","_name":"game_level_7.plist","_spriteFrames":{"game_level_item_7_1":{"__uuid__":"94GCz+c1dA+qPQePUXgx/Q"},"game_level_item_7_10":{"__uuid__":"15hDtQDPdKiK29FYYhGFz7"},"game_level_item_7_2":{"__uuid__":"7eOINE/ARGvJOEgipWgHgv"},"game_level_item_7_3":{"__uuid__":"96WcBuOUJPDqqiUOeNqwPa"},"game_level_item_7_4":{"__uuid__":"d8njuMIbdGEbbExWxSQ6qn"},"game_level_item_7_5":{"__uuid__":"06KwyGhgxOe70bZHoZRe1p"},"game_level_item_7_6":{"__uuid__":"47pGP0JrdAY4PjHbBrPjvL"},"game_level_item_7_7":{"__uuid__":"a3OoGbNa5NvqDNgts/tl/k"},"game_level_item_7_8":{"__uuid__":"adFoN5jTVIn7CrKyaiE2/x"},"game_level_item_7_9":{"__uuid__":"9ct2OMRF1AOpCp9ZuJ/ei1"},"img_help":{"__uuid__":"cdM73RJwtDh7IdOadQkNJt"}}},{"__type__":"cc.SpriteFrame","content":{"name":"game_level_item_7_6","texture":"5aq2qbMGVFFrhaZO5QoJXT","rect":[2,1433,149,356],"offset":[0,0],"originalSize":[149,356],"rotated":1}},{"__type__":"cc.SpriteFrame","content":{"name":"game_level_item_7_2","texture":"5aq2qbMGVFFrhaZO5QoJXT","rect":[2,484,228,408],"offset":[0,0],"originalSize":[228,408],"rotated":1}},{"__type__":"cc.SpriteFrame","content":{"name":"game_level_item_7_1","texture":"5aq2qbMGVFFrhaZO5QoJXT","rect":[2,341,141,411],"offset":[4,0],"originalSize":[149,411],"rotated":1}},{"__type__":"cc.SpriteFrame","content":{"name":"game_level_item_7_3","texture":"5aq2qbMGVFFrhaZO5QoJXT","rect":[153,1793,74,75],"offset":[0,0],"originalSize":[74,75]}},{"__type__":"cc.SpriteFrame","content":{"name":"game_level_item_7_9","texture":"5aq2qbMGVFFrhaZO5QoJXT","rect":[2,714,340,386],"offset":[0,0],"originalSize":[340,394],"rotated":1}},{"__type__":"cc.SpriteFrame","content":{"name":"game_level_item_7_7","texture":"5aq2qbMGVFFrhaZO5QoJXT","rect":[2,1056,364,140],"offset":[0,0],"originalSize":[364,140]}},{"__type__":"cc.SpriteFrame","content":{"name":"game_level_item_7_8","texture":"5aq2qbMGVFFrhaZO5QoJXT","rect":[2,2,413,337],"offset":[0,0],"originalSize":[413,337]}},{"__type__":"cc.SpriteFrame","content":{"name":"img_help","texture":"5aq2qbMGVFFrhaZO5QoJXT","rect":[2,1198,360,233],"offset":[0,0],"originalSize":[360,233]}},{"__type__":"cc.SpriteFrame","content":{"name":"game_level_item_7_4","texture":"5aq2qbMGVFFrhaZO5QoJXT","rect":[153,1584,214,207],"offset":[0,0],"originalSize":[214,207]}}]