[{"__type__":"cc.SpriteFrame","content":{"name":"game_level_10_item_6","texture":"5dFvGc1j1CKrdmHSR8uyJ7","rect":[1514,252,77,63],"offset":[0,0],"originalSize":[77,63]}},{"__type__":"cc.SpriteFrame","content":{"name":"game_level_10_item_5","texture":"5dFvGc1j1CKrdmHSR8uyJ7","rect":[2,2,693,703],"offset":[0,0],"originalSize":[693,703],"rotated":1}},{"__type__":"cc.SpriteFrame","content":{"name":"game_level_10_item_16","texture":"5dFvGc1j1CKrdmHSR8uyJ7","rect":[1174,379,103,31],"offset":[0,0],"originalSize":[103,31]}},{"__type__":"cc.SpriteFrame","content":{"name":"game_level_10_item_8","texture":"5dFvGc1j1CKrdmHSR8uyJ7","rect":[1334,136,178,242],"offset":[0,0],"originalSize":[178,242]}},{"__type__":"cc.SpriteFrame","content":{"name":"game_level_10_item_18","texture":"5dFvGc1j1CKrdmHSR8uyJ7","rect":[1635,556,37,16],"offset":[0,0],"originalSize":[37,16],"rotated":1}},{"__type__":"cc.SpriteFrame","content":{"name":"game_level_10_item_14","texture":"5dFvGc1j1CKrdmHSR8uyJ7","rect":[707,2,393,228],"offset":[0,0],"originalSize":[393,228]}},{"__type__":"cc.SpriteFrame","content":{"name":"game_level_10_item_9","texture":"5dFvGc1j1CKrdmHSR8uyJ7","rect":[1174,412,33,50],"offset":[0,0],"originalSize":[33,50],"rotated":1}},{"__type__":"cc.SpriteFrame","content":{"name":"game_level_10_item_11","texture":"5dFvGc1j1CKrdmHSR8uyJ7","rect":[1476,61,34,58],"offset":[0,0],"originalSize":[34,58]}},{"__type__":"cc.SpriteFrame","content":{"name":"game_level_10_item_1","texture":"5dFvGc1j1CKrdmHSR8uyJ7","rect":[1102,2,372,132],"offset":[0,0],"originalSize":[372,132]}},{"__type__":"cc.SpriteFrame","content":{"name":"img_help_2","texture":"5dFvGc1j1CKrdmHSR8uyJ7","rect":[707,462,360,233],"offset":[0,0],"originalSize":[360,233]}},{"__type__":"cc.SpriteFrame","content":{"name":"game_level_10_item_13","texture":"5dFvGc1j1CKrdmHSR8uyJ7","rect":[707,232,393,228],"offset":[0,0],"originalSize":[393,228]}},{"__type__":"cc.SpriteFrame","content":{"name":"img_help_1","texture":"5dFvGc1j1CKrdmHSR8uyJ7","rect":[1069,462,360,233],"offset":[0,0],"originalSize":[360,233]}},{"__type__":"cc.SpriteFrame","content":{"name":"game_level_10_item_15","texture":"5dFvGc1j1CKrdmHSR8uyJ7","rect":[1568,2,76,36],"offset":[0,0],"originalSize":[76,36]}},{"__type__":"cc.SpriteFrame","content":{"name":"game_level_10_item_17","texture":"5dFvGc1j1CKrdmHSR8uyJ7","rect":[1431,380,174,233],"offset":[0,0],"originalSize":[174,233],"rotated":1}},{"__type__":"cc.SpriteFrame","content":{"name":"game_level_10_item_4","texture":"5dFvGc1j1CKrdmHSR8uyJ7","rect":[1102,379,70,71],"offset":[0,0],"originalSize":[70,71]}},{"__type__":"cc.SpriteFrame","content":{"name":"game_level_10_item_3","texture":"5dFvGc1j1CKrdmHSR8uyJ7","rect":[1102,136,230,241],"offset":[0,0],"originalSize":[230,241]}},{"__type__":"cc.SpriteFrame","content":{"name":"game_level_10_item_12","texture":"5dFvGc1j1CKrdmHSR8uyJ7","rect":[1514,61,86,189],"offset":[0,0],"originalSize":[86,189]}},{"__type__":"cc.SpriteAtlas","_name":"game_level_10.plist","_spriteFrames":{"game_level_10_item_1":{"__uuid__":"6fXrOgk3RLyYfsfsZ17Pr6"},"game_level_10_item_10":{"__uuid__":"f1ZDhMrPdOvI46KlOtFQFD"},"game_level_10_item_11":{"__uuid__":"68ohhWBvBAcLblvbY8ouSb"},"game_level_10_item_12":{"__uuid__":"dd+VCuE8RNBJtefW5C6h9T"},"game_level_10_item_13":{"__uuid__":"7f44dXFk5IWZV7W0smB9al"},"game_level_10_item_14":{"__uuid__":"5bjKN6XKZG5aieh9O5J8HG"},"game_level_10_item_15":{"__uuid__":"a4iHsKVEpC8p6KIfL7+kEZ"},"game_level_10_item_16":{"__uuid__":"2ah/6ad6ZE9JacqM1oGZ0L"},"game_level_10_item_17":{"__uuid__":"a8yLd6CT9IcouNEOitEGJG"},"game_level_10_item_18":{"__uuid__":"50FKD0u2hE0akYDptyfsva"},"game_level_10_item_2":{"__uuid__":"fdOaBjXZdG+45RClsD2VAa"},"game_level_10_item_3":{"__uuid__":"bbsQFnA/BPaLdAIqkDzGw3"},"game_level_10_item_4":{"__uuid__":"aaR3iV3kpO4YnFyH3JfcbR"},"game_level_10_item_5":{"__uuid__":"29bOJLuxxH8bSmximW1KuQ"},"game_level_10_item_6":{"__uuid__":"0e9ZgUY/FMeqRrOCa8g0nm"},"game_level_10_item_7":{"__uuid__":"f4PzyYE0xC4pseDoSk8Hxf"},"game_level_10_item_8":{"__uuid__":"3dTs4goz5AOaGqdznPq+bB"},"game_level_10_item_9":{"__uuid__":"61LmnLYAFBDYeNfd79tblO"},"img_help_1":{"__uuid__":"a1Y0ofnThPDomCa93BwGOQ"},"img_help_2":{"__uuid__":"77+SsMV3lFvJMbfTezRD2f"}}},{"__type__":"cc.SpriteFrame","content":{"name":"game_level_10_item_10","texture":"5dFvGc1j1CKrdmHSR8uyJ7","rect":[1514,317,54,40],"offset":[0,0],"originalSize":[54,40]}},{"__type__":"cc.SpriteFrame","content":{"name":"game_level_10_item_7","texture":"5dFvGc1j1CKrdmHSR8uyJ7","rect":[1431,556,131,202],"offset":[0,0],"originalSize":[131,202],"rotated":1}},{"__type__":"cc.SpriteFrame","content":{"name":"game_level_10_item_2","texture":"5dFvGc1j1CKrdmHSR8uyJ7","rect":[1476,2,90,57],"offset":[-5,-4],"originalSize":[100,65]}}]