[{"__type__":"cc.Prefab","_name":"GameView","data":{"__id__":1}},{"__type__":"cc.Node","_name":"gameView","_children":[{"__id__":2},{"__id__":3},{"__id__":9},{"__id__":13},{"__id__":21}],"_level":1,"_components":[{"__type__":"cc.Widget","node":{"__id__":1},"_alignFlags":45,"_originalWidth":750,"_originalHeight":1334},{"__type__":"c4ec25cEGFP44Ir4zLRxxmx","node":{"__id__":1},"btn_hint":{"__id__":17},"btn_menu":{"__id__":19},"btn_help":{"__id__":18},"pan_tools_bar":{"__id__":12},"level_page":{"__id__":8},"lb_level":{"__id__":16},"btn_left":{"__id__":6},"btn_right":{"__id__":7},"pan_guide":{"__id__":21}},{"__type__":"bcb84dZp6hH36KOtRn25drt","node":{"__id__":1},"tool_content":{"__id__":12}}],"_prefab":{"__type__":"cc.PrefabInfo","root":{"__id__":1},"asset":{"__uuid__":"1fiIEkwyZKO5ewgh2p+zJa"},"fileId":"e5UKqe25tHw4lDjLotWmwl"},"_contentSize":{"__type__":"cc.Size","width":720,"height":1280},"_position":{"__type__":"cc.Vec3","x":360,"y":640},"_scale":{"__type__":"cc.Vec3","x":1,"y":1,"z":1}},{"__type__":"cc.Node","_name":"game_bottom_bg","_parent":{"__id__":1},"_level":2,"_components":[{"__type__":"cc.Sprite","node":{"__id__":2},"_spriteFrame":{"__uuid__":"a2MjXRFdtLlYQ5ouAFv/+R"},"_sizeMode":0},{"__type__":"cc.Widget","node":{"__id__":2},"_alignFlags":21,"_originalHeight":130}],"_prefab":{"__type__":"cc.PrefabInfo","root":{"__id__":1},"asset":{"__uuid__":"1fiIEkwyZKO5ewgh2p+zJa"},"fileId":"5aY0OHUqhFF70a7b5h5I3A"},"_color":{"__type__":"cc.Color","r":247,"g":235,"b":225},"_contentSize":{"__type__":"cc.Size","width":720,"height":1280},"_anchorPoint":{"__type__":"cc.Vec2","x":0.5},"_position":{"__type__":"cc.Vec3","y":-640},"_scale":{"__type__":"cc.Vec3","x":1,"y":1,"z":1}},{"__type__":"cc.Node","_name":"page_content","_parent":{"__id__":1},"_children":[{"__id__":4},{"__id__":6},{"__id__":7}],"_level":2,"_components":[{"__id__":8},{"__type__":"cc.Widget","node":{"__id__":3},"_target":{"__id__":1},"_alignFlags":21,"_top":235,"_bottom":129,"_originalHeight":1032}],"_prefab":{"__type__":"cc.PrefabInfo","root":{"__id__":1},"asset":{"__uuid__":"1fiIEkwyZKO5ewgh2p+zJa"},"fileId":"6dWQFFmx5JtLCguXWdwQKj"},"_contentSize":{"__type__":"cc.Size","width":720,"height":916},"_position":{"__type__":"cc.Vec3","y":-53},"_scale":{"__type__":"cc.Vec3","x":1,"y":1,"z":1}},{"__type__":"cc.Node","_name":"view","_parent":{"__id__":3},"_children":[{"__id__":5}],"_components":[{"__type__":"cc.Mask","node":{"__id__":4}},{"__type__":"cc.Widget","node":{"__id__":4},"_alignFlags":45,"_originalWidth":720,"_originalHeight":350}],"_prefab":{"__type__":"cc.PrefabInfo","root":{"__id__":1},"asset":{"__uuid__":"1fiIEkwyZKO5ewgh2p+zJa"},"fileId":"81u7bv+stLcqjMoxDKOUcS"},"_contentSize":{"__type__":"cc.Size","width":720,"height":916},"_scale":{"__type__":"cc.Vec3","x":1,"y":1,"z":1}},{"__type__":"cc.Node","_name":"content","_parent":{"__id__":4},"_components":[{"__type__":"cc.Layout","node":{"__id__":5},"_layoutSize":{"__type__":"cc.Size","width":720,"height":916},"_resize":1,"_N$layoutType":1,"_N$spacingY":15},{"__type__":"cc.Widget","node":{"__id__":5},"_alignFlags":5,"_originalHeight":1280}],"_prefab":{"__type__":"cc.PrefabInfo","root":{"__id__":1},"asset":{"__uuid__":"1fiIEkwyZKO5ewgh2p+zJa"},"fileId":"8ff+GZohBLipLNS6LE3WAw"},"_contentSize":{"__type__":"cc.Size","width":720,"height":916},"_anchorPoint":{"__type__":"cc.Vec2","y":0.5},"_position":{"__type__":"cc.Vec3","x":-360},"_scale":{"__type__":"cc.Vec3","x":1,"y":1,"z":1}},{"__type__":"cc.Node","_name":"btn_left","_parent":{"__id__":3},"_level":3,"_components":[{"__type__":"cc.Sprite","node":{"__id__":6},"_spriteFrame":{"__uuid__":"04M+MQzrRNJq/vysuq1u20"},"_sizeMode":2},{"__type__":"cc.Button","node":{"__id__":6},"transition":3,"pressedColor":{"__type__":"cc.Color","r":255,"g":255,"b":255},"zoomScale":1.05,"_N$normalColor":{"__type__":"cc.Color","r":255,"g":255,"b":255},"_N$disabledColor":{"__type__":"cc.Color","r":255,"g":255,"b":255},"_N$normalSprite":{"__uuid__":"04M+MQzrRNJq/vysuq1u20"},"_N$pressedSprite":{"__uuid__":"e97GVMl6JHh5Ml5qEDdSGa"},"pressedSprite":{"__uuid__":"e97GVMl6JHh5Ml5qEDdSGa"},"_N$hoverSprite":{"__uuid__":"f0BIwQ8D5Ml7nTNQbh1YlS"},"hoverSprite":{"__uuid__":"f0BIwQ8D5Ml7nTNQbh1YlS"},"_N$disabledSprite":{"__uuid__":"29FYIk+N1GYaeWH/q1NxQO"},"_N$target":{"__id__":6}},{"__type__":"cc.Widget","node":{"__id__":6},"_alignFlags":12,"_left":33.5,"_bottom":36.5}],"_prefab":{"__type__":"cc.PrefabInfo","root":{"__id__":1},"asset":{"__uuid__":"1fiIEkwyZKO5ewgh2p+zJa"},"fileId":"e19HAccGNE2IP8etZJoNHZ"},"_contentSize":{"__type__":"cc.Size","width":79,"height":79},"_position":{"__type__":"cc.Vec3","x":-287,"y":-382},"_scale":{"__type__":"cc.Vec3","x":1,"y":1,"z":1}},{"__type__":"cc.Node","_name":"btn_right","_parent":{"__id__":3},"_level":3,"_components":[{"__type__":"cc.Sprite","node":{"__id__":7},"_spriteFrame":{"__uuid__":"04M+MQzrRNJq/vysuq1u20"},"_sizeMode":2},{"__type__":"cc.Button","node":{"__id__":7},"transition":3,"pressedColor":{"__type__":"cc.Color","r":255,"g":255,"b":255},"zoomScale":1.05,"_N$normalColor":{"__type__":"cc.Color","r":255,"g":255,"b":255},"_N$disabledColor":{"__type__":"cc.Color","r":255,"g":255,"b":255},"_N$normalSprite":{"__uuid__":"04M+MQzrRNJq/vysuq1u20"},"_N$pressedSprite":{"__uuid__":"e97GVMl6JHh5Ml5qEDdSGa"},"pressedSprite":{"__uuid__":"e97GVMl6JHh5Ml5qEDdSGa"},"_N$hoverSprite":{"__uuid__":"f0BIwQ8D5Ml7nTNQbh1YlS"},"hoverSprite":{"__uuid__":"f0BIwQ8D5Ml7nTNQbh1YlS"},"_N$disabledSprite":{"__uuid__":"29FYIk+N1GYaeWH/q1NxQO"},"_N$target":{"__id__":7}},{"__type__":"cc.Widget","node":{"__id__":7},"_target":{"__id__":3},"_alignFlags":36,"_right":33.5,"_bottom":36.5}],"_prefab":{"__type__":"cc.PrefabInfo","root":{"__id__":1},"asset":{"__uuid__":"1fiIEkwyZKO5ewgh2p+zJa"},"fileId":"0c6XscSvBEWI8SU8qobs/v"},"_contentSize":{"__type__":"cc.Size","width":79,"height":79},"_position":{"__type__":"cc.Vec3","x":287,"y":-382},"_scale":{"__type__":"cc.Vec3","x":-1,"y":-1,"z":1}},{"__type__":"cc.PageView","node":{"__id__":3},"content":{"__id__":5},"inertia":false,"bounceDuration":0.5},{"__type__":"cc.Node","_name":"pan_tools_bar","_parent":{"__id__":1},"_children":[{"__id__":10},{"__id__":11},{"__id__":12}],"_level":2,"_components":[{"__type__":"cc.Widget","node":{"__id__":9},"_target":{"__id__":1},"_alignFlags":20}],"_prefab":{"__type__":"cc.PrefabInfo","root":{"__id__":1},"asset":{"__uuid__":"1fiIEkwyZKO5ewgh2p+zJa"},"fileId":"7bwDVCIY9Jv4EBPaO818Tk"},"_contentSize":{"__type__":"cc.Size","width":720,"height":136},"_anchorPoint":{"__type__":"cc.Vec2"},"_position":{"__type__":"cc.Vec3","x":-360,"y":-640},"_scale":{"__type__":"cc.Vec3","x":1,"y":1,"z":1}},{"__type__":"cc.Node","_name":"tools_bar_bg","_parent":{"__id__":9},"_level":3,"_components":[{"__type__":"cc.Sprite","node":{"__id__":10},"_spriteFrame":{"__uuid__":"e1SPgwzYtBcL4pRgH6ulTR"}},{"__type__":"cc.Widget","node":{"__id__":10},"_alignFlags":17}],"_prefab":{"__type__":"cc.PrefabInfo","root":{"__id__":1},"asset":{"__uuid__":"1fiIEkwyZKO5ewgh2p+zJa"},"fileId":"41sGdLEhdD+ZpRsDnwhx9E"},"_contentSize":{"__type__":"cc.Size","width":720,"height":133},"_position":{"__type__":"cc.Vec3","x":360,"y":69.5},"_scale":{"__type__":"cc.Vec3","x":1,"y":1,"z":1}},{"__type__":"cc.Node","_name":"game_top_line","_parent":{"__id__":9},"_level":3,"_components":[{"__type__":"cc.Sprite","node":{"__id__":11},"_spriteFrame":{"__uuid__":"a2MjXRFdtLlYQ5ouAFv/+R"},"_sizeMode":0},{"__type__":"cc.Widget","node":{"__id__":11},"_alignFlags":17,"_top":2,"_bottom":519,"_originalHeight":4}],"_prefab":{"__type__":"cc.PrefabInfo","root":{"__id__":1},"asset":{"__uuid__":"1fiIEkwyZKO5ewgh2p+zJa"},"fileId":"91aQwU9OVHN7SPanEdkFaz"},"_color":{"__type__":"cc.Color"},"_contentSize":{"__type__":"cc.Size","width":720,"height":4},"_anchorPoint":{"__type__":"cc.Vec2","x":0.5,"y":1},"_position":{"__type__":"cc.Vec3","x":360,"y":134},"_scale":{"__type__":"cc.Vec3","x":1,"y":1,"z":1}},{"__type__":"cc.Node","_name":"tool_content","_parent":{"__id__":9},"_level":3,"_components":[{"__type__":"cc.Widget","node":{"__id__":12},"_alignFlags":45,"_top":18},{"__type__":"cc.Layout","node":{"__id__":12},"_layoutSize":{"__type__":"cc.Size","width":720,"height":118},"_N$layoutType":1,"_N$paddingLeft":-20,"_N$spacingX":20}],"_prefab":{"__type__":"cc.PrefabInfo","root":{"__id__":1},"asset":{"__uuid__":"1fiIEkwyZKO5ewgh2p+zJa"},"fileId":"155AuUoKtFbr3BGwAJYIlr"},"_contentSize":{"__type__":"cc.Size","width":720,"height":118},"_position":{"__type__":"cc.Vec3","x":360,"y":59},"_scale":{"__type__":"cc.Vec3","x":1,"y":1,"z":1}},{"__type__":"cc.Node","_name":"pan_top","_parent":{"__id__":1},"_children":[{"__id__":14},{"__id__":15},{"__id__":16},{"__id__":17},{"__id__":18},{"__id__":19},{"__id__":20}],"_level":2,"_components":[{"__type__":"cc.Widget","node":{"__id__":13},"_alignFlags":17,"_top":120}],"_prefab":{"__type__":"cc.PrefabInfo","root":{"__id__":1},"asset":{"__uuid__":"1fiIEkwyZKO5ewgh2p+zJa"},"fileId":"8bF92ERDxJdLMFykuN7MY/"},"_contentSize":{"__type__":"cc.Size","width":720,"height":119},"_anchorPoint":{"__type__":"cc.Vec2","x":0.5,"y":1},"_position":{"__type__":"cc.Vec3","y":520},"_scale":{"__type__":"cc.Vec3","x":1,"y":1,"z":1}},{"__type__":"cc.Node","_name":"game_top_bg","_parent":{"__id__":13},"_level":3,"_components":[{"__type__":"cc.Sprite","node":{"__id__":14},"_spriteFrame":{"__uuid__":"a2MjXRFdtLlYQ5ouAFv/+R"},"_sizeMode":0}],"_prefab":{"__type__":"cc.PrefabInfo","root":{"__id__":1},"asset":{"__uuid__":"1fiIEkwyZKO5ewgh2p+zJa"},"fileId":"86A2yj5HJIF6H01GjgFhOm"},"_contentSize":{"__type__":"cc.Size","width":720,"height":117},"_anchorPoint":{"__type__":"cc.Vec2","x":0.5,"y":1},"_scale":{"__type__":"cc.Vec3","x":1,"y":1,"z":1}},{"__type__":"cc.Node","_name":"game_top_line","_parent":{"__id__":13},"_level":3,"_components":[{"__type__":"cc.Sprite","node":{"__id__":15},"_spriteFrame":{"__uuid__":"a2MjXRFdtLlYQ5ouAFv/+R"},"_sizeMode":0},{"__type__":"cc.Widget","node":{"__id__":15},"_alignFlags":20}],"_prefab":{"__type__":"cc.PrefabInfo","root":{"__id__":1},"asset":{"__uuid__":"1fiIEkwyZKO5ewgh2p+zJa"},"fileId":"ebYqfbwbpAqZSliB3Cfs3q"},"_color":{"__type__":"cc.Color"},"_contentSize":{"__type__":"cc.Size","width":720,"height":4},"_anchorPoint":{"__type__":"cc.Vec2","x":0.5,"y":1},"_position":{"__type__":"cc.Vec3","y":-115},"_scale":{"__type__":"cc.Vec3","x":1,"y":1,"z":1}},{"__type__":"cc.Node","_name":"lb_level","_parent":{"__id__":13},"_level":3,"_components":[{"__type__":"cc.Label","node":{"__id__":16},"_srcBlendFactor":1,"_useOriginalSize":false,"_string":"关卡14","_N$string":"关卡14","_fontSize":48,"_lineHeight":48,"_N$horizontalAlign":1,"_N$verticalAlign":1,"_N$fontFamily":"微软雅黑"},{"__type__":"cc.Widget","node":{"__id__":16},"_target":{"__id__":13},"_alignFlags":10,"_left":20}],"_prefab":{"__type__":"cc.PrefabInfo","root":{"__id__":1},"asset":{"__uuid__":"1fiIEkwyZKO5ewgh2p+zJa"},"fileId":"c6sHr7+R9Knbiv00doFGU6"},"_color":{"__type__":"cc.Color"},"_contentSize":{"__type__":"cc.Size","width":152.3,"height":48},"_anchorPoint":{"__type__":"cc.Vec2","y":0.5},"_position":{"__type__":"cc.Vec3","x":-340,"y":-59.5},"_scale":{"__type__":"cc.Vec3","x":1,"y":1,"z":1}},{"__type__":"cc.Node","_name":"btn_hint","_parent":{"__id__":13},"_active":false,"_level":3,"_components":[{"__type__":"cc.Sprite","node":{"__id__":17},"_spriteFrame":{"__uuid__":"b8Q9g+7Z9LLbaDT8SzZr8K"},"_sizeMode":2},{"__type__":"cc.Button","node":{"__id__":17},"transition":3,"pressedColor":{"__type__":"cc.Color","r":255,"g":255,"b":255},"zoomScale":1.05,"_N$normalColor":{"__type__":"cc.Color","r":255,"g":255,"b":255},"_N$disabledColor":{"__type__":"cc.Color","r":255,"g":255,"b":255},"_N$normalSprite":{"__uuid__":"b8Q9g+7Z9LLbaDT8SzZr8K"},"_N$pressedSprite":{"__uuid__":"e97GVMl6JHh5Ml5qEDdSGa"},"pressedSprite":{"__uuid__":"e97GVMl6JHh5Ml5qEDdSGa"},"_N$hoverSprite":{"__uuid__":"f0BIwQ8D5Ml7nTNQbh1YlS"},"hoverSprite":{"__uuid__":"f0BIwQ8D5Ml7nTNQbh1YlS"},"_N$disabledSprite":{"__uuid__":"29FYIk+N1GYaeWH/q1NxQO"},"_N$target":{"__id__":17}}],"_prefab":{"__type__":"cc.PrefabInfo","root":{"__id__":1},"asset":{"__uuid__":"1fiIEkwyZKO5ewgh2p+zJa"},"fileId":"8cPzTw3xlAcLdjWlQJTcev"},"_contentSize":{"__type__":"cc.Size","width":80,"height":101},"_position":{"__type__":"cc.Vec3","x":136,"y":-57},"_scale":{"__type__":"cc.Vec3","x":1,"y":1,"z":1}},{"__type__":"cc.Node","_name":"btn_help","_parent":{"__id__":13},"_active":false,"_level":3,"_components":[{"__type__":"cc.Sprite","node":{"__id__":18},"_spriteFrame":{"__uuid__":"c05o1N4pNL87SYfcXQtOD0"},"_sizeMode":2},{"__type__":"cc.Button","node":{"__id__":18},"transition":3,"pressedColor":{"__type__":"cc.Color","r":255,"g":255,"b":255},"zoomScale":1.05,"_N$normalColor":{"__type__":"cc.Color","r":255,"g":255,"b":255},"_N$disabledColor":{"__type__":"cc.Color","r":255,"g":255,"b":255},"_N$normalSprite":{"__uuid__":"b8Q9g+7Z9LLbaDT8SzZr8K"},"_N$pressedSprite":{"__uuid__":"e97GVMl6JHh5Ml5qEDdSGa"},"pressedSprite":{"__uuid__":"e97GVMl6JHh5Ml5qEDdSGa"},"_N$hoverSprite":{"__uuid__":"f0BIwQ8D5Ml7nTNQbh1YlS"},"hoverSprite":{"__uuid__":"f0BIwQ8D5Ml7nTNQbh1YlS"},"_N$disabledSprite":{"__uuid__":"29FYIk+N1GYaeWH/q1NxQO"},"_N$target":{"__id__":18}}],"_prefab":{"__type__":"cc.PrefabInfo","root":{"__id__":1},"asset":{"__uuid__":"1fiIEkwyZKO5ewgh2p+zJa"},"fileId":"943f/rwCxOzIT/OyVybc39"},"_contentSize":{"__type__":"cc.Size","width":78,"height":101},"_position":{"__type__":"cc.Vec3","x":224,"y":-57},"_scale":{"__type__":"cc.Vec3","x":1,"y":1,"z":1}},{"__type__":"cc.Node","_name":"btn_menu","_parent":{"__id__":13},"_level":3,"_components":[{"__type__":"cc.Sprite","node":{"__id__":19},"_spriteFrame":{"__uuid__":"39N0jRNpFFw5kW9Lk0FzbN"},"_sizeMode":2},{"__type__":"cc.Button","node":{"__id__":19},"transition":3,"pressedColor":{"__type__":"cc.Color","r":255,"g":255,"b":255},"zoomScale":1.05,"_N$normalColor":{"__type__":"cc.Color","r":255,"g":255,"b":255},"_N$disabledColor":{"__type__":"cc.Color","r":255,"g":255,"b":255},"_N$normalSprite":{"__uuid__":"b8Q9g+7Z9LLbaDT8SzZr8K"},"_N$pressedSprite":{"__uuid__":"e97GVMl6JHh5Ml5qEDdSGa"},"pressedSprite":{"__uuid__":"e97GVMl6JHh5Ml5qEDdSGa"},"_N$hoverSprite":{"__uuid__":"f0BIwQ8D5Ml7nTNQbh1YlS"},"hoverSprite":{"__uuid__":"f0BIwQ8D5Ml7nTNQbh1YlS"},"_N$disabledSprite":{"__uuid__":"29FYIk+N1GYaeWH/q1NxQO"},"_N$target":{"__id__":19}}],"_prefab":{"__type__":"cc.PrefabInfo","root":{"__id__":1},"asset":{"__uuid__":"1fiIEkwyZKO5ewgh2p+zJa"},"fileId":"67d7zP1RBFXpSauU5ZqWlH"},"_contentSize":{"__type__":"cc.Size","width":77,"height":101},"_position":{"__type__":"cc.Vec3","x":312,"y":-57},"_scale":{"__type__":"cc.Vec3","x":1,"y":1,"z":1}},{"__type__":"cc.Node","_name":"level_bas_title","_parent":{"__id__":13},"_level":3,"_components":[{"__type__":"cc.Sprite","node":{"__id__":20},"_spriteFrame":{"__uuid__":"beyal2BTdKwpUKBGoLzEfo"}}],"_prefab":{"__type__":"cc.PrefabInfo","root":{"__id__":1},"asset":{"__uuid__":"1fiIEkwyZKO5ewgh2p+zJa"},"fileId":"13X0dEE4dG25vxHb93cYJv"},"_contentSize":{"__type__":"cc.Size","width":720,"height":120},"_position":{"__type__":"cc.Vec3","y":60},"_scale":{"__type__":"cc.Vec3","x":1,"y":1,"z":1}},{"__type__":"cc.Node","_name":"pan_guide","_parent":{"__id__":1},"_children":[{"__id__":22}],"_active":false,"_level":2,"_components":[{"__type__":"cc.Widget","node":{"__id__":21},"_alignFlags":45}],"_prefab":{"__type__":"cc.PrefabInfo","root":{"__id__":1},"asset":{"__uuid__":"1fiIEkwyZKO5ewgh2p+zJa"},"fileId":"52YOa98KpEvJFUUeL+fjrO"},"_contentSize":{"__type__":"cc.Size","width":720,"height":1280},"_scale":{"__type__":"cc.Vec3","x":1,"y":1,"z":1}},{"__type__":"cc.Node","_name":"guide_finger","_parent":{"__id__":21},"_children":[{"__id__":23}],"_level":3,"_components":[{"__type__":"cc.Sprite","node":{"__id__":22},"_spriteFrame":{"__uuid__":"15CJrXMC1ELJ98M1CgiJEw"}}],"_prefab":{"__type__":"cc.PrefabInfo","root":{"__id__":1},"asset":{"__uuid__":"1fiIEkwyZKO5ewgh2p+zJa"},"fileId":"e2FqFvJolCkZfteQnrspYd"},"_contentSize":{"__type__":"cc.Size","width":82,"height":82},"_position":{"__type__":"cc.Vec3","x":-21,"y":72},"_scale":{"__type__":"cc.Vec3","x":1.2,"y":1.2,"z":1.5}},{"__type__":"cc.Node","_name":"finger","_parent":{"__id__":22},"_level":4,"_components":[{"__type__":"cc.Sprite","node":{"__id__":23},"_spriteFrame":{"__uuid__":"b0WrCNfl1Ob7Q7gdqEDZYO"}}],"_prefab":{"__type__":"cc.PrefabInfo","root":{"__id__":1},"asset":{"__uuid__":"1fiIEkwyZKO5ewgh2p+zJa"},"fileId":"7f7Z69RspG7ag30fVBihwr"},"_contentSize":{"__type__":"cc.Size","width":59,"height":80},"_position":{"__type__":"cc.Vec3","x":14,"y":-48},"_scale":{"__type__":"cc.Vec3","x":2,"y":2,"z":2}}]