[{"__type__":"cc.Prefab","_name":"GameLevel6","data":{"__id__":1}},{"__type__":"cc.Node","_name":"GameLevel6","_children":[{"__id__":2}],"_level":1,"_prefab":{"__type__":"cc.PrefabInfo","root":{"__id__":1},"asset":{"__uuid__":"221kgQCmRORY0YldqeC/RY"},"fileId":"e5UKqe25tHw4lDjLotWmwl"},"_contentSize":{"__type__":"cc.Size","width":720,"height":1280},"_scale":{"__type__":"cc.Vec3","x":1,"y":1,"z":1}},{"__type__":"cc.Node","_name":"page_1","_parent":{"__id__":1},"_children":[{"__id__":3},{"__id__":4},{"__id__":5},{"__id__":6},{"__id__":7},{"__id__":8},{"__id__":9},{"__id__":10},{"__id__":11},{"__id__":12},{"__id__":13},{"__id__":14},{"__id__":15},{"__id__":16},{"__id__":17},{"__id__":18},{"__id__":19},{"__id__":20},{"__id__":21}],"_level":2,"_prefab":{"__type__":"cc.PrefabInfo","root":{"__id__":1},"asset":{"__uuid__":"221kgQCmRORY0YldqeC/RY"},"fileId":"c8cSdsDZlA7L7G2hwVrUVA"},"_contentSize":{"__type__":"cc.Size","width":720,"height":1280},"_scale":{"__type__":"cc.Vec3","x":1,"y":1,"z":1}},{"__type__":"cc.Node","_name":"bg","_parent":{"__id__":2},"_level":3,"_components":[{"__type__":"cc.Sprite","node":{"__id__":3},"_spriteFrame":{"__uuid__":"6bZT1pRF5CL42rkd35Wqt8"}}],"_prefab":{"__type__":"cc.PrefabInfo","root":{"__id__":1},"asset":{"__uuid__":"221kgQCmRORY0YldqeC/RY"},"fileId":"d3DyZ5AnBEh4IuSMJKjQmk"},"_contentSize":{"__type__":"cc.Size","width":720,"height":1280},"_scale":{"__type__":"cc.Vec3","x":1,"y":1,"z":1}},{"__type__":"cc.Node","_name":"n_door","_parent":{"__id__":2},"_level":3,"_components":[{"__type__":"cc.Sprite","node":{"__id__":4},"_spriteFrame":{"__uuid__":"a2MjXRFdtLlYQ5ouAFv/+R"},"_sizeMode":0}],"_prefab":{"__type__":"cc.PrefabInfo","root":{"__id__":1},"asset":{"__uuid__":"221kgQCmRORY0YldqeC/RY"},"fileId":"37oCcwCvFANJb0wpzvvPYP"},"_opacity":0,"_color":{"__type__":"cc.Color","r":255},"_contentSize":{"__type__":"cc.Size","width":185,"height":361},"_position":{"__type__":"cc.Vec3","x":-267,"y":208},"_scale":{"__type__":"cc.Vec3","x":1,"y":1,"z":1}},{"__type__":"cc.Node","_name":"img_bookcase","_parent":{"__id__":2},"_level":3,"_components":[{"__type__":"cc.Sprite","node":{"__id__":5},"_spriteFrame":{"__uuid__":"21dD4h5y1BzbiJshGz3a0S"}}],"_prefab":{"__type__":"cc.PrefabInfo","root":{"__id__":1},"asset":{"__uuid__":"221kgQCmRORY0YldqeC/RY"},"fileId":"7f04IhLPBCWpkuTOFoSezr"},"_contentSize":{"__type__":"cc.Size","width":86,"height":115},"_position":{"__type__":"cc.Vec3","x":318,"y":275},"_scale":{"__type__":"cc.Vec3","x":1,"y":1,"z":1}},{"__type__":"cc.Node","_name":"img_blackbood","_parent":{"__id__":2},"_level":3,"_components":[{"__type__":"cc.Sprite","node":{"__id__":6},"_spriteFrame":{"__uuid__":"9arJfLtwRA7oU5tF0TmQF5"}}],"_prefab":{"__type__":"cc.PrefabInfo","root":{"__id__":1},"asset":{"__uuid__":"221kgQCmRORY0YldqeC/RY"},"fileId":"15TlbW5j9CN47wCfRhCskT"},"_contentSize":{"__type__":"cc.Size","width":397,"height":226},"_position":{"__type__":"cc.Vec3","x":58,"y":290},"_scale":{"__type__":"cc.Vec3","x":1,"y":1,"z":1}},{"__type__":"cc.Node","_name":"img_bell","_parent":{"__id__":2},"_level":3,"_components":[{"__type__":"cc.Sprite","node":{"__id__":7},"_spriteFrame":{"__uuid__":"53RflWhOVCRoS9ECViNohE"}}],"_prefab":{"__type__":"cc.PrefabInfo","root":{"__id__":1},"asset":{"__uuid__":"221kgQCmRORY0YldqeC/RY"},"fileId":"00klaaw9dMxrQvmg5yq2Vt"},"_contentSize":{"__type__":"cc.Size","width":71,"height":87},"_position":{"__type__":"cc.Vec3","x":248,"y":465},"_scale":{"__type__":"cc.Vec3","x":1,"y":1,"z":1}},{"__type__":"cc.Node","_name":"img_clock","_parent":{"__id__":2},"_level":3,"_components":[{"__type__":"cc.Sprite","node":{"__id__":8},"_spriteFrame":{"__uuid__":"cbsRSoIZ1LZ6rux1wpoQa3"}}],"_prefab":{"__type__":"cc.PrefabInfo","root":{"__id__":1},"asset":{"__uuid__":"221kgQCmRORY0YldqeC/RY"},"fileId":"e7ZgXPLF9H/rW6B2orZEme"},"_contentSize":{"__type__":"cc.Size","width":80,"height":80},"_position":{"__type__":"cc.Vec3","x":53,"y":460},"_scale":{"__type__":"cc.Vec3","x":1,"y":1,"z":1}},{"__type__":"cc.Node","_name":"img_chest","_parent":{"__id__":2},"_level":3,"_components":[{"__type__":"cc.Sprite","node":{"__id__":9},"_spriteFrame":{"__uuid__":"df37GoDnNDUb7R/Xc18dmq"}}],"_prefab":{"__type__":"cc.PrefabInfo","root":{"__id__":1},"asset":{"__uuid__":"221kgQCmRORY0YldqeC/RY"},"fileId":"8aslIonpNB/p1opQAm/nul"},"_contentSize":{"__type__":"cc.Size","width":103,"height":178},"_position":{"__type__":"cc.Vec3","x":310,"y":93},"_scale":{"__type__":"cc.Vec3","x":1,"y":1,"z":1}},{"__type__":"cc.Node","_name":"img_dais","_parent":{"__id__":2},"_level":3,"_components":[{"__type__":"cc.Sprite","node":{"__id__":10},"_spriteFrame":{"__uuid__":"70Q4ZCSldItrfYAOSp8r9+"}}],"_prefab":{"__type__":"cc.PrefabInfo","root":{"__id__":1},"asset":{"__uuid__":"221kgQCmRORY0YldqeC/RY"},"fileId":"fbzkGNw8ZMPL5+kC3Nbd+G"},"_contentSize":{"__type__":"cc.Size","width":248,"height":180},"_position":{"__type__":"cc.Vec3","x":78,"y":35},"_scale":{"__type__":"cc.Vec3","x":1,"y":1,"z":1}},{"__type__":"cc.Node","_name":"img_desk_1","_parent":{"__id__":2},"_level":3,"_components":[{"__type__":"cc.Sprite","node":{"__id__":11},"_spriteFrame":{"__uuid__":"3dDXvrfKRIqZlwOIX5ajT8"}}],"_prefab":{"__type__":"cc.PrefabInfo","root":{"__id__":1},"asset":{"__uuid__":"221kgQCmRORY0YldqeC/RY"},"fileId":"ddAO262PFI14+31zGqoifu"},"_contentSize":{"__type__":"cc.Size","width":213,"height":208},"_position":{"__type__":"cc.Vec3","x":-75,"y":-180},"_scale":{"__type__":"cc.Vec3","x":1,"y":1,"z":1}},{"__type__":"cc.Node","_name":"img_chair_1","_parent":{"__id__":2},"_level":3,"_components":[{"__type__":"cc.Sprite","node":{"__id__":12},"_spriteFrame":{"__uuid__":"eebaEQ2oZOoaPvS6y6Qgy8"}}],"_prefab":{"__type__":"cc.PrefabInfo","root":{"__id__":1},"asset":{"__uuid__":"221kgQCmRORY0YldqeC/RY"},"fileId":"b03rfkKUZCGqVKllnlW7j3"},"_contentSize":{"__type__":"cc.Size","width":97,"height":154},"_position":{"__type__":"cc.Vec3","x":-74,"y":-265},"_scale":{"__type__":"cc.Vec3","x":1,"y":1,"z":1}},{"__type__":"cc.Node","_name":"img_desk_2","_parent":{"__id__":2},"_level":3,"_components":[{"__type__":"cc.Sprite","node":{"__id__":13},"_spriteFrame":{"__uuid__":"3dDXvrfKRIqZlwOIX5ajT8"}}],"_prefab":{"__type__":"cc.PrefabInfo","root":{"__id__":1},"asset":{"__uuid__":"221kgQCmRORY0YldqeC/RY"},"fileId":"12y66LNwNA3pDbWwxjhIXh"},"_contentSize":{"__type__":"cc.Size","width":213,"height":208},"_position":{"__type__":"cc.Vec3","x":195,"y":-179},"_scale":{"__type__":"cc.Vec3","x":1,"y":1,"z":1}},{"__type__":"cc.Node","_name":"img_chair_2","_parent":{"__id__":2},"_level":3,"_components":[{"__type__":"cc.Sprite","node":{"__id__":14},"_spriteFrame":{"__uuid__":"eebaEQ2oZOoaPvS6y6Qgy8"}}],"_prefab":{"__type__":"cc.PrefabInfo","root":{"__id__":1},"asset":{"__uuid__":"221kgQCmRORY0YldqeC/RY"},"fileId":"67S41WjjJNNrqSq+AIYy5d"},"_contentSize":{"__type__":"cc.Size","width":97,"height":154},"_position":{"__type__":"cc.Vec3","x":196,"y":-265},"_scale":{"__type__":"cc.Vec3","x":1,"y":1,"z":1}},{"__type__":"cc.Node","_name":"item_bag","_parent":{"__id__":2},"_level":3,"_components":[{"__type__":"cc.Sprite","node":{"__id__":15},"_spriteFrame":{"__uuid__":"9bzp9tElBDg6AMRaEy5+A9"}}],"_prefab":{"__type__":"cc.PrefabInfo","root":{"__id__":1},"asset":{"__uuid__":"221kgQCmRORY0YldqeC/RY"},"fileId":"263kTzyJxEqoU088+/Q28y"},"_contentSize":{"__type__":"cc.Size","width":126,"height":135},"_position":{"__type__":"cc.Vec3","x":-128,"y":-301},"_scale":{"__type__":"cc.Vec3","x":1,"y":1,"z":1}},{"__type__":"cc.Node","_name":"item_3","_parent":{"__id__":2},"_level":3,"_components":[{"__type__":"cc.Sprite","node":{"__id__":16},"_spriteFrame":{"__uuid__":"aazDoISglGfZA92BDZNawz"}}],"_prefab":{"__type__":"cc.PrefabInfo","root":{"__id__":1},"asset":{"__uuid__":"221kgQCmRORY0YldqeC/RY"},"fileId":"5b/Uiw5CBIPbt1FFarIz6Q"},"_contentSize":{"__type__":"cc.Size","width":37,"height":16},"_position":{"__type__":"cc.Vec3","x":2,"y":99},"_scale":{"__type__":"cc.Vec3","x":1,"y":1,"z":1}},{"__type__":"cc.Node","_name":"item_2","_parent":{"__id__":2},"_level":3,"_components":[{"__type__":"cc.Sprite","node":{"__id__":17},"_spriteFrame":{"__uuid__":"92To85pfNJy623Ps93cuFA"}}],"_prefab":{"__type__":"cc.PrefabInfo","root":{"__id__":1},"asset":{"__uuid__":"221kgQCmRORY0YldqeC/RY"},"fileId":"05/U4P2QlJWLVZPb0VcbjL"},"_contentSize":{"__type__":"cc.Size","width":198,"height":140},"_position":{"__type__":"cc.Vec3","x":105,"y":166},"_scale":{"__type__":"cc.Vec3","x":1,"y":1,"z":1}},{"__type__":"cc.Node","_name":"item_1","_parent":{"__id__":2},"_level":3,"_components":[{"__type__":"cc.Sprite","node":{"__id__":18},"_spriteFrame":{"__uuid__":"bdBf3rxvVO4aVcsDCwmN5o"}}],"_prefab":{"__type__":"cc.PrefabInfo","root":{"__id__":1},"asset":{"__uuid__":"221kgQCmRORY0YldqeC/RY"},"fileId":"0apzxZOOFEepdIKd+kQ7iK"},"_contentSize":{"__type__":"cc.Size","width":198,"height":35},"_position":{"__type__":"cc.Vec3","x":194,"y":-136},"_scale":{"__type__":"cc.Vec3","x":1,"y":1,"z":1}},{"__type__":"cc.Node","_name":"item_4","_parent":{"__id__":2},"_active":false,"_level":3,"_components":[{"__type__":"cc.Sprite","node":{"__id__":19},"_spriteFrame":{"__uuid__":"78PGBt9tBBH6lpTD0uy4lP"}}],"_prefab":{"__type__":"cc.PrefabInfo","root":{"__id__":1},"asset":{"__uuid__":"221kgQCmRORY0YldqeC/RY"},"fileId":"73hLIWwyxHFrProQ+ALTOA"},"_contentSize":{"__type__":"cc.Size","width":131,"height":73},"_position":{"__type__":"cc.Vec3","x":-313,"y":-4},"_scale":{"__type__":"cc.Vec3","x":1,"y":1,"z":1}},{"__type__":"cc.Node","_name":"n_floor","_parent":{"__id__":2},"_level":3,"_components":[{"__type__":"cc.Sprite","node":{"__id__":20},"_spriteFrame":{"__uuid__":"a2MjXRFdtLlYQ5ouAFv/+R"},"_sizeMode":0}],"_prefab":{"__type__":"cc.PrefabInfo","root":{"__id__":1},"asset":{"__uuid__":"221kgQCmRORY0YldqeC/RY"},"fileId":"e2VKkun7JAfoRPOIrmYHT4"},"_opacity":0,"_color":{"__type__":"cc.Color","r":255},"_contentSize":{"__type__":"cc.Size","width":185,"height":84},"_position":{"__type__":"cc.Vec3","x":-267,"y":-13},"_scale":{"__type__":"cc.Vec3","x":1,"y":1,"z":1}},{"__type__":"cc.Node","_name":"item_5","_parent":{"__id__":2},"_level":3,"_components":[{"__type__":"cc.Sprite","node":{"__id__":21},"_spriteFrame":{"__uuid__":"06eJMdp8xAcYzanrig+hA+"}}],"_prefab":{"__type__":"cc.PrefabInfo","root":{"__id__":1},"asset":{"__uuid__":"221kgQCmRORY0YldqeC/RY"},"fileId":"dbJ9WWP3NNLqzAZsV/Nq8z"},"_contentSize":{"__type__":"cc.Size","width":65,"height":37},"_anchorPoint":{"__type__":"cc.Vec2","x":0.2,"y":0.5},"_position":{"__type__":"cc.Vec3","x":-345,"y":213},"_scale":{"__type__":"cc.Vec3","x":1,"y":1,"z":1}}]