[{"__type__":"cc.BitmapFont","_name":"fnt_num_2","spriteFrame":{"__uuid__":"39HkZjYEdJV7e996J4Dee1"},"fontSize":32,"_fntConfig":{"commonHeight":50,"fontSize":32,"atlasName":"fnt_num_2.png","fontDefDictionary":{"9":{"rect":{"x":0,"y":0,"width":0,"height":0},"xOffset":0,"yOffset":0,"xAdvance":80},"32":{"rect":{"x":0,"y":0,"width":0,"height":0},"xOffset":0,"yOffset":0,"xAdvance":10},"48":{"rect":{"x":33,"y":198,"width":32,"height":41},"xOffset":9,"yOffset":9,"xAdvance":34},"49":{"rect":{"x":82,"y":84,"width":21,"height":40},"xOffset":14,"yOffset":10,"xAdvance":23},"50":{"rect":{"x":82,"y":42,"width":30,"height":41},"xOffset":10,"yOffset":9,"xAdvance":32},"51":{"rect":{"x":66,"y":189,"width":30,"height":41},"xOffset":10,"yOffset":9,"xAdvance":32},"52":{"rect":{"x":0,"y":198,"width":32,"height":41},"xOffset":9,"yOffset":9,"xAdvance":34},"53":{"rect":{"x":81,"y":133,"width":30,"height":40},"xOffset":10,"yOffset":10,"xAdvance":32},"54":{"rect":{"x":49,"y":147,"width":31,"height":41},"xOffset":9,"yOffset":9,"xAdvance":33},"55":{"rect":{"x":50,"y":50,"width":31,"height":40},"xOffset":9,"yOffset":10,"xAdvance":33},"56":{"rect":{"x":50,"y":91,"width":31,"height":41},"xOffset":9,"yOffset":9,"xAdvance":33},"57":{"rect":{"x":51,"y":0,"width":31,"height":41},"xOffset":9,"yOffset":9,"xAdvance":33},"58":{"rect":{"x":83,"y":0,"width":15,"height":29},"xOffset":17,"yOffset":21,"xAdvance":17},"21382":{"rect":{"x":0,"y":50,"width":49,"height":47},"xOffset":0,"yOffset":7,"xAdvance":51},"21490":{"rect":{"x":0,"y":0,"width":50,"height":49},"xOffset":0,"yOffset":5,"xAdvance":52},"26368":{"rect":{"x":0,"y":98,"width":49,"height":48},"xOffset":0,"yOffset":6,"xAdvance":51},"39640":{"rect":{"x":0,"y":147,"width":48,"height":50},"xOffset":1,"yOffset":5,"xAdvance":50}},"kerningDict":{}}},{"__type__":"cc.SpriteFrame","content":{"name":"fnt_num_2","texture":"92wWMmyHNP9I+m7Tp4wcC2","rect":[0,0,112,239],"offset":[-8,8.5],"originalSize":[128,256]}}]