[{"__type__":"cc.SpriteFrame","content":{"name":"pass","texture":"600e479X5A0qeDAzHDJG3j","rect":[252,116,120,39],"offset":[0,0],"originalSize":[120,39],"rotated":1}},{"__type__":"cc.SpriteFrame","content":{"name":"cur_score","texture":"600e479X5A0qeDAzHDJG3j","rect":[252,2,438,112],"offset":[0,0],"originalSize":[438,112]}},{"__type__":"cc.SpriteFrame","content":{"name":"free_again_bg","texture":"600e479X5A0qeDAzHDJG3j","rect":[2,2,248,248],"offset":[0,0],"originalSize":[248,248]}},{"__type__":"cc.SpriteFrame","content":{"name":"free_again","texture":"600e479X5A0qeDAzHDJG3j","rect":[293,116,158,39],"offset":[0,0],"originalSize":[158,39]}},{"__type__":"cc.SpriteAtlas","_name":"game_over_dialog.plist","_spriteFrames":{"cur_score":{"__uuid__":"89GXStf0hB2Jrt4IgGerko"},"free_again":{"__uuid__":"c6og06UIVFApmrQhdcsv7/"},"free_again_bg":{"__uuid__":"97dJxe2yJGW668mlDcQZ65"},"pass":{"__uuid__":"598Y/hV5xI06bknE1CgvHq"}}}]