[{"__type__":"cc.SpriteFrame","content":{"name":"img_menu_2","texture":"51JkcK9wxMVKIQ0V4xb9R3","rect":[156,2,75,75],"offset":[0,0],"originalSize":[75,75]}},{"__type__":"cc.SpriteFrame","content":{"name":"img_menu_1","texture":"51JkcK9wxMVKIQ0V4xb9R3","rect":[233,2,75,75],"offset":[0,0],"originalSize":[75,75]}},{"__type__":"cc.SpriteFrame","content":{"name":"img_menu_5","texture":"51JkcK9wxMVKIQ0V4xb9R3","rect":[599,2,287,63],"offset":[0,0],"originalSize":[287,63]}},{"__type__":"cc.SpriteAtlas","_name":"menu_dialog.plist","_spriteFrames":{"img_menu_1":{"__uuid__":"adzuQabehL46DUMx9UYpgS"},"img_menu_2":{"__uuid__":"75OdP25lhAOLyHvprM/4Sg"},"img_menu_3":{"__uuid__":"e2EI5gALtPfryAq3ywukjb"},"img_menu_4":{"__uuid__":"f2WpqOguBIHq0ttlY32xo1"},"img_menu_5":{"__uuid__":"cbwix4GW5GoK42YPsGYpjQ"},"img_menu_6":{"__uuid__":"f9pARkT89JVZdrtpWNClfS"}}},{"__type__":"cc.SpriteFrame","content":{"name":"img_menu_3","texture":"51JkcK9wxMVKIQ0V4xb9R3","rect":[79,2,75,75],"offset":[0,0],"originalSize":[75,75]}},{"__type__":"cc.SpriteFrame","content":{"name":"img_menu_4","texture":"51JkcK9wxMVKIQ0V4xb9R3","rect":[2,2,75,75],"offset":[0,0],"originalSize":[75,75]}},{"__type__":"cc.SpriteFrame","content":{"name":"img_menu_6","texture":"51JkcK9wxMVKIQ0V4xb9R3","rect":[310,2,287,63],"offset":[0,0],"originalSize":[287,63]}}]