[{"__type__":"cc.SpriteFrame","content":{"name":"game_level_9_item_9","texture":"02aGkp1uNJ4LT0CULI21Ds","rect":[1692,604,200,110],"offset":[0,0],"originalSize":[200,110]}},{"__type__":"cc.SpriteFrame","content":{"name":"game_level_9_item_6","texture":"02aGkp1uNJ4LT0CULI21Ds","rect":[1499,599,114,113],"offset":[-1,0],"originalSize":[116,113],"rotated":1}},{"__type__":"cc.SpriteFrame","content":{"name":"game_level_9_item_7","texture":"02aGkp1uNJ4LT0CULI21Ds","rect":[1384,599,114,113],"offset":[-1,0],"originalSize":[116,113],"rotated":1}},{"__type__":"cc.SpriteFrame","content":{"name":"game_level_9_item_4","texture":"02aGkp1uNJ4LT0CULI21Ds","rect":[1284,599,117,98],"offset":[0,0],"originalSize":[117,98],"rotated":1}},{"__type__":"cc.SpriteFrame","content":{"name":"game_level_9_item_5","texture":"02aGkp1uNJ4LT0CULI21Ds","rect":[1284,2,595,381],"offset":[0,0],"originalSize":[595,381],"rotated":1}},{"__type__":"cc.SpriteFrame","content":{"name":"game_level_9_item_3","texture":"02aGkp1uNJ4LT0CULI21Ds","rect":[1284,599,117,98],"offset":[0,0],"originalSize":[117,98],"rotated":1}},{"__type__":"cc.SpriteFrame","content":{"name":"game_level_9_item_2","texture":"02aGkp1uNJ4LT0CULI21Ds","rect":[1614,599,113,76],"offset":[0,0],"originalSize":[113,76],"rotated":1}},{"__type__":"cc.SpriteFrame","content":{"name":"game_level_9_item_8","texture":"02aGkp1uNJ4LT0CULI21Ds","rect":[1894,604,80,110],"offset":[0,0],"originalSize":[80,110]}},{"__type__":"cc.SpriteFrame","content":{"name":"game_level_9_item_13","texture":"02aGkp1uNJ4LT0CULI21Ds","rect":[1976,237,106,50],"offset":[0,0],"originalSize":[106,50],"rotated":1}},{"__type__":"cc.SpriteFrame","content":{"name":"game_level_9_item_10","texture":"02aGkp1uNJ4LT0CULI21Ds","rect":[1976,345,106,50],"offset":[0,0],"originalSize":[106,50],"rotated":1}},{"__type__":"cc.SpriteFrame","content":{"name":"game_level_9_item_12","texture":"02aGkp1uNJ4LT0CULI21Ds","rect":[1925,453,80,110],"offset":[0,0],"originalSize":[80,110]}},{"__type__":"cc.SpriteFrame","content":{"name":"game_level_9_item_11","texture":"02aGkp1uNJ4LT0CULI21Ds","rect":[1692,237,231,365],"offset":[0,0],"originalSize":[231,365]}},{"__type__":"cc.SpriteFrame","content":{"name":"img_help","texture":"02aGkp1uNJ4LT0CULI21Ds","rect":[1667,2,360,233],"offset":[0,0],"originalSize":[360,233]}},{"__type__":"cc.SpriteFrame","content":{"name":"game_level_9_item_1","texture":"02aGkp1uNJ4LT0CULI21Ds","rect":[2,2,720,1280],"offset":[0,0],"originalSize":[720,1280],"rotated":1}},{"__type__":"cc.SpriteAtlas","_name":"game_level_9.plist","_spriteFrames":{"game_level_9_item_1":{"__uuid__":"f1/icWDbBNTqMXx8SGm7jH"},"game_level_9_item_10":{"__uuid__":"908jcQbdRIoJjQb/2uYNcc"},"game_level_9_item_11":{"__uuid__":"cb9KUMpiRFxbzqFS4/zQWS"},"game_level_9_item_12":{"__uuid__":"c657Ibz4BNnZQipNGgCX+K"},"game_level_9_item_13":{"__uuid__":"87fZ7gQxdDrYUnM9OieKt7"},"game_level_9_item_2":{"__uuid__":"72PdYe8LxBJJwchHmEj9ws"},"game_level_9_item_3":{"__uuid__":"62WvSxfxJFj7MfNUAEPlE1"},"game_level_9_item_4":{"__uuid__":"448z3O3B5EZZErIx/sFOsZ"},"game_level_9_item_5":{"__uuid__":"5dahRwZzlDyZmURuC5ti5R"},"game_level_9_item_6":{"__uuid__":"159RvR0DNJtKmyPHaYeuHk"},"game_level_9_item_7":{"__uuid__":"1dzc6KaBpPFoq1A41bEYWz"},"game_level_9_item_8":{"__uuid__":"85cJOMAm9Nl7SmWdDF0P5p"},"game_level_9_item_9":{"__uuid__":"15yMQsiL9MNI/RCGgzbG8J"},"img_help":{"__uuid__":"d6gMRUbo5Fpry8k5G30Ejg"}}}]