[{"__type__":"cc.Prefab","_name":"HelpDialog","data":{"__id__":1}},{"__type__":"cc.Node","_name":"HelpDialog","_children":[{"__id__":2},{"__id__":3},{"__id__":34}],"_level":1,"_components":[{"__type__":"cc.Widget","node":{"__id__":1},"_alignFlags":45,"_originalWidth":750,"_originalHeight":1334},{"__type__":"7a460onmx1I9o/wl5U4pzfL","node":{"__id__":1},"args":{},"pan_mask":{"__id__":2},"pan_hint":{"__id__":33},"pan_hint_1":{"__id__":5},"pan_hint_2":{"__id__":7},"pan_hint_3":{"__id__":10},"img_hint":{"__id__":9},"got_pan_hint_1":{"__id__":27},"got_pan_hint_2":{"__id__":15},"got_pan_hint_3":{"__id__":21},"btn_close":{"__id__":4}}],"_prefab":{"__type__":"cc.PrefabInfo","root":{"__id__":1},"asset":{"__uuid__":"71JEqC2rlFFZ3ogo4YtvBP"},"fileId":"8fSPuMlBlIm6bloslTujYc"},"_contentSize":{"__type__":"cc.Size","width":720,"height":1280},"_position":{"__type__":"cc.Vec3","x":360,"y":640},"_scale":{"__type__":"cc.Vec3","x":1,"y":1,"z":1}},{"__type__":"cc.Node","_name":"pan_mask","_parent":{"__id__":1},"_level":2,"_components":[{"__type__":"cc.Sprite","node":{"__id__":2},"_spriteFrame":{"__uuid__":"a2MjXRFdtLlYQ5ouAFv/+R"},"_sizeMode":0},{"__type__":"cc.Widget","node":{"__id__":2},"_alignFlags":45,"_originalWidth":720,"_originalHeight":1280}],"_prefab":{"__type__":"cc.PrefabInfo","root":{"__id__":1},"asset":{"__uuid__":"71JEqC2rlFFZ3ogo4YtvBP"},"fileId":"b27vab72FEjqsubEqYnzHw"},"_opacity":200,"_color":{"__type__":"cc.Color"},"_contentSize":{"__type__":"cc.Size","width":720,"height":1280},"_scale":{"__type__":"cc.Vec3","x":1,"y":1,"z":1}},{"__type__":"cc.Node","_name":"pan_content","_parent":{"__id__":1},"_children":[{"__id__":4},{"__id__":5},{"__id__":7},{"__id__":9},{"__id__":10},{"__id__":15},{"__id__":21},{"__id__":27},{"__id__":33}],"_level":2,"_components":[{"__type__":"cc.Widget","node":{"__id__":3},"_alignFlags":18,"_verticalCenter":44},{"__type__":"cc.Sprite","node":{"__id__":3},"_spriteFrame":{"__uuid__":"17EyVdvTlMFbY3r5HYt3GE"},"_sizeMode":0}],"_prefab":{"__type__":"cc.PrefabInfo","root":{"__id__":1},"asset":{"__uuid__":"71JEqC2rlFFZ3ogo4YtvBP"},"fileId":"58tEhpsaRB4p44HLILp/Ml"},"_contentSize":{"__type__":"cc.Size","width":600,"height":612},"_position":{"__type__":"cc.Vec3","y":44},"_scale":{"__type__":"cc.Vec3","x":1,"y":1,"z":1}},{"__type__":"cc.Node","_name":"btn_close","_parent":{"__id__":3},"_level":3,"_components":[{"__type__":"cc.Sprite","node":{"__id__":4},"_spriteFrame":{"__uuid__":"284hGfr2ZEabjs/RDk7DTu"},"_sizeMode":2},{"__type__":"cc.Button","node":{"__id__":4},"transition":3,"pressedColor":{"__type__":"cc.Color","r":255,"g":255,"b":255},"zoomScale":1.05,"clickEvents":[{"__type__":"cc.ClickEvent","target":{"__id__":1},"component":"HelpDialog","handler":"onClose"}],"_N$normalColor":{"__type__":"cc.Color","r":255,"g":255,"b":255},"_N$disabledColor":{"__type__":"cc.Color","r":255,"g":255,"b":255},"_N$normalSprite":{"__uuid__":"51Itv+ObZOjoErP3NIDT+J"},"_N$pressedSprite":{"__uuid__":"e97GVMl6JHh5Ml5qEDdSGa"},"pressedSprite":{"__uuid__":"e97GVMl6JHh5Ml5qEDdSGa"},"_N$hoverSprite":{"__uuid__":"f0BIwQ8D5Ml7nTNQbh1YlS"},"hoverSprite":{"__uuid__":"f0BIwQ8D5Ml7nTNQbh1YlS"},"_N$disabledSprite":{"__uuid__":"29FYIk+N1GYaeWH/q1NxQO"},"_N$target":{"__id__":4}}],"_prefab":{"__type__":"cc.PrefabInfo","root":{"__id__":1},"asset":{"__uuid__":"71JEqC2rlFFZ3ogo4YtvBP"},"fileId":"f4KNX9TQdJgZscvbIbtSS8"},"_contentSize":{"__type__":"cc.Size","width":71,"height":71},"_position":{"__type__":"cc.Vec3","x":292,"y":298},"_scale":{"__type__":"cc.Vec3","x":1,"y":1,"z":1}},{"__type__":"cc.Node","_name":"pan_hint_1","_parent":{"__id__":3},"_children":[{"__id__":6}],"_active":false,"_level":3,"_components":[{"__type__":"cc.Sprite","node":{"__id__":5},"_spriteFrame":{"__uuid__":"bb96fL3I9NnbB1JjebYFGw"},"_type":1,"_sizeMode":0}],"_prefab":{"__type__":"cc.PrefabInfo","root":{"__id__":1},"asset":{"__uuid__":"71JEqC2rlFFZ3ogo4YtvBP"},"fileId":"80bE6umalIOYYg2MDSsHky"},"_contentSize":{"__type__":"cc.Size","width":473,"height":70},"_position":{"__type__":"cc.Vec3","y":187},"_scale":{"__type__":"cc.Vec3","x":1,"y":1,"z":1}},{"__type__":"cc.Node","_name":"txt_tishi","_parent":{"__id__":5},"_level":5,"_components":[{"__type__":"cc.Label","node":{"__id__":6},"_srcBlendFactor":1,"_string":"1.在日历上右下抽屉的获取密码","_N$string":"1.在日历上右下抽屉的获取密码","_fontSize":30,"_lineHeight":36,"_N$verticalAlign":1,"_N$fontFamily":"微软雅黑"}],"_prefab":{"__type__":"cc.PrefabInfo","root":{"__id__":1},"asset":{"__uuid__":"71JEqC2rlFFZ3ogo4YtvBP"},"fileId":"84S7YLPKtPZ4rAglnNuUdR"},"_color":{"__type__":"cc.Color","r":10,"g":6,"b":6},"_contentSize":{"__type__":"cc.Size","width":414.81,"height":36},"_anchorPoint":{"__type__":"cc.Vec2","y":0.5},"_position":{"__type__":"cc.Vec3","x":-211},"_scale":{"__type__":"cc.Vec3","x":1,"y":1,"z":1}},{"__type__":"cc.Node","_name":"pan_hint_2","_parent":{"__id__":3},"_children":[{"__id__":8}],"_active":false,"_level":3,"_components":[{"__type__":"cc.Sprite","node":{"__id__":7},"_spriteFrame":{"__uuid__":"bb96fL3I9NnbB1JjebYFGw"},"_type":1,"_sizeMode":0}],"_prefab":{"__type__":"cc.PrefabInfo","root":{"__id__":1},"asset":{"__uuid__":"71JEqC2rlFFZ3ogo4YtvBP"},"fileId":"cedsfIzp9G4bbXvYf0Ik3B"},"_contentSize":{"__type__":"cc.Size","width":473,"height":70},"_position":{"__type__":"cc.Vec3","y":67},"_scale":{"__type__":"cc.Vec3","x":1,"y":1,"z":1}},{"__type__":"cc.Node","_name":"txt_tishi","_parent":{"__id__":7},"_level":5,"_components":[{"__type__":"cc.Label","node":{"__id__":8},"_srcBlendFactor":1,"_string":"2.将U盘插到电脑上获取门密码","_N$string":"2.将U盘插到电脑上获取门密码","_fontSize":30,"_lineHeight":36,"_N$verticalAlign":1,"_N$fontFamily":"微软雅黑"}],"_prefab":{"__type__":"cc.PrefabInfo","root":{"__id__":1},"asset":{"__uuid__":"71JEqC2rlFFZ3ogo4YtvBP"},"fileId":"12xKlcPGVBpbUyzAdXkESs"},"_color":{"__type__":"cc.Color","r":8,"g":5,"b":5},"_contentSize":{"__type__":"cc.Size","width":407.21,"height":36},"_anchorPoint":{"__type__":"cc.Vec2","y":0.5},"_position":{"__type__":"cc.Vec3","x":-211},"_scale":{"__type__":"cc.Vec3","x":1,"y":1,"z":1}},{"__type__":"cc.Node","_name":"img_hint","_parent":{"__id__":3},"_active":false,"_level":3,"_components":[{"__type__":"cc.Sprite","node":{"__id__":9},"_spriteFrame":{"__uuid__":"06l1VibVxAqaOHentpEQm0"}}],"_prefab":{"__type__":"cc.PrefabInfo","root":{"__id__":1},"asset":{"__uuid__":"71JEqC2rlFFZ3ogo4YtvBP"},"fileId":"62dgNUBYFGEqBAc9B8dp4K"},"_contentSize":{"__type__":"cc.Size","width":360,"height":233},"_position":{"__type__":"cc.Vec3","x":-2},"_scale":{"__type__":"cc.Vec3","x":1.1,"y":1.1,"z":1}},{"__type__":"cc.Node","_name":"pan_hint_3","_parent":{"__id__":3},"_children":[{"__id__":11},{"__id__":13},{"__id__":14}],"_active":false,"_level":3,"_components":[{"__type__":"cc.PageView","node":{"__id__":10},"content":{"__id__":12},"bounceDuration":0.5}],"_prefab":{"__type__":"cc.PrefabInfo","root":{"__id__":1},"asset":{"__uuid__":"71JEqC2rlFFZ3ogo4YtvBP"},"fileId":"e7GhJE0ktFzZvvuq39kRMA"},"_contentSize":{"__type__":"cc.Size","width":400,"height":260},"_scale":{"__type__":"cc.Vec3","x":1,"y":1,"z":1}},{"__type__":"cc.Node","_name":"view","_parent":{"__id__":10},"_children":[{"__id__":12}],"_components":[{"__type__":"cc.Mask","node":{"__id__":11}},{"__type__":"cc.Widget","node":{"__id__":11},"_alignFlags":45,"_originalWidth":400,"_originalHeight":350}],"_prefab":{"__type__":"cc.PrefabInfo","root":{"__id__":1},"asset":{"__uuid__":"71JEqC2rlFFZ3ogo4YtvBP"},"fileId":"49SeHXn7pEFL9zUkNnmih1"},"_contentSize":{"__type__":"cc.Size","width":400,"height":260},"_scale":{"__type__":"cc.Vec3","x":1,"y":1,"z":1}},{"__type__":"cc.Node","_name":"content","_parent":{"__id__":11},"_components":[{"__type__":"cc.Layout","node":{"__id__":12},"_layoutSize":{"__type__":"cc.Size","width":396.00000000000006,"height":260},"_resize":1,"_N$layoutType":1,"_N$spacingY":15},{"__type__":"cc.Widget","node":{"__id__":12},"_alignFlags":13,"_originalHeight":350}],"_prefab":{"__type__":"cc.PrefabInfo","root":{"__id__":1},"asset":{"__uuid__":"71JEqC2rlFFZ3ogo4YtvBP"},"fileId":"8a0z5AWA1FBqdl/pqfiOuE"},"_contentSize":{"__type__":"cc.Size","width":396.00000000000006,"height":260},"_anchorPoint":{"__type__":"cc.Vec2","y":0.5},"_position":{"__type__":"cc.Vec3","x":-200},"_scale":{"__type__":"cc.Vec3","x":1,"y":1,"z":1}},{"__type__":"cc.Node","_name":"btn_left","_parent":{"__id__":10},"_active":false,"_level":4,"_components":[{"__type__":"cc.Sprite","node":{"__id__":13},"_spriteFrame":{"__uuid__":"04M+MQzrRNJq/vysuq1u20"},"_sizeMode":2},{"__type__":"cc.Button","node":{"__id__":13},"transition":3,"pressedColor":{"__type__":"cc.Color","r":255,"g":255,"b":255},"zoomScale":1.05,"_N$normalColor":{"__type__":"cc.Color","r":255,"g":255,"b":255},"_N$disabledColor":{"__type__":"cc.Color","r":255,"g":255,"b":255},"_N$normalSprite":{"__uuid__":"04M+MQzrRNJq/vysuq1u20"},"_N$pressedSprite":{"__uuid__":"e97GVMl6JHh5Ml5qEDdSGa"},"pressedSprite":{"__uuid__":"e97GVMl6JHh5Ml5qEDdSGa"},"_N$hoverSprite":{"__uuid__":"f0BIwQ8D5Ml7nTNQbh1YlS"},"hoverSprite":{"__uuid__":"f0BIwQ8D5Ml7nTNQbh1YlS"},"_N$disabledSprite":{"__uuid__":"29FYIk+N1GYaeWH/q1NxQO"},"_N$target":{"__id__":13}},{"__type__":"cc.Widget","node":{"__id__":13},"_alignFlags":12,"_left":4.5,"_bottom":97.5}],"_prefab":{"__type__":"cc.PrefabInfo","root":{"__id__":1},"asset":{"__uuid__":"71JEqC2rlFFZ3ogo4YtvBP"},"fileId":"6e4td4jIJA7r6dUIoNqrf2"},"_contentSize":{"__type__":"cc.Size","width":79,"height":79},"_position":{"__type__":"cc.Vec3","x":-156,"y":7},"_scale":{"__type__":"cc.Vec3","x":1,"y":1,"z":1}},{"__type__":"cc.Node","_name":"btn_right","_parent":{"__id__":10},"_active":false,"_level":4,"_components":[{"__type__":"cc.Sprite","node":{"__id__":14},"_spriteFrame":{"__uuid__":"04M+MQzrRNJq/vysuq1u20"},"_sizeMode":2},{"__type__":"cc.Button","node":{"__id__":14},"transition":3,"pressedColor":{"__type__":"cc.Color","r":255,"g":255,"b":255},"zoomScale":1.05,"_N$normalColor":{"__type__":"cc.Color","r":255,"g":255,"b":255},"_N$disabledColor":{"__type__":"cc.Color","r":255,"g":255,"b":255},"_N$normalSprite":{"__uuid__":"04M+MQzrRNJq/vysuq1u20"},"_N$pressedSprite":{"__uuid__":"e97GVMl6JHh5Ml5qEDdSGa"},"pressedSprite":{"__uuid__":"e97GVMl6JHh5Ml5qEDdSGa"},"_N$hoverSprite":{"__uuid__":"f0BIwQ8D5Ml7nTNQbh1YlS"},"hoverSprite":{"__uuid__":"f0BIwQ8D5Ml7nTNQbh1YlS"},"_N$disabledSprite":{"__uuid__":"29FYIk+N1GYaeWH/q1NxQO"},"_N$target":{"__id__":14}},{"__type__":"cc.Widget","node":{"__id__":14},"_alignFlags":36,"_right":10.5,"_bottom":97.5}],"_prefab":{"__type__":"cc.PrefabInfo","root":{"__id__":1},"asset":{"__uuid__":"71JEqC2rlFFZ3ogo4YtvBP"},"fileId":"9e0grgR+BPHJ46Cu9jjVOx"},"_contentSize":{"__type__":"cc.Size","width":79,"height":79},"_position":{"__type__":"cc.Vec3","x":150,"y":7},"_scale":{"__type__":"cc.Vec3","x":-1,"y":-1,"z":1}},{"__type__":"cc.Node","_name":"got_pan_hint_2","_parent":{"__id__":3},"_children":[{"__id__":16},{"__id__":17},{"__id__":19}],"_active":false,"_level":3,"_prefab":{"__type__":"cc.PrefabInfo","root":{"__id__":1},"asset":{"__uuid__":"71JEqC2rlFFZ3ogo4YtvBP"},"fileId":"4awRbJSiFFJK4FX5NXro1u"},"_contentSize":{"__type__":"cc.Size","width":400,"height":80},"_position":{"__type__":"cc.Vec3","y":182},"_scale":{"__type__":"cc.Vec3","x":1,"y":1,"z":1}},{"__type__":"cc.Node","_name":"txt","_parent":{"__id__":15},"_level":5,"_components":[{"__type__":"cc.Label","node":{"__id__":16},"_srcBlendFactor":1,"_string":"查看提示2","_N$string":"查看提示2","_fontSize":36,"_lineHeight":44,"_N$horizontalAlign":1,"_N$verticalAlign":1,"_N$fontFamily":"微软雅黑"}],"_prefab":{"__type__":"cc.PrefabInfo","root":{"__id__":1},"asset":{"__uuid__":"71JEqC2rlFFZ3ogo4YtvBP"},"fileId":"85kVwn6glHGZjthm+u0kla"},"_color":{"__type__":"cc.Color","r":3},"_contentSize":{"__type__":"cc.Size","width":165.11,"height":44},"_position":{"__type__":"cc.Vec3","x":-110},"_scale":{"__type__":"cc.Vec3","x":1,"y":1,"z":1}},{"__type__":"cc.Node","_name":"btn_share","_parent":{"__id__":15},"_children":[{"__id__":18}],"_level":5,"_components":[{"__type__":"cc.Sprite","node":{"__id__":17},"_spriteFrame":{"__uuid__":"be1KLhdO9It66wAmqyOKXR"},"_sizeMode":2},{"__type__":"cc.Button","node":{"__id__":17},"transition":3,"pressedColor":{"__type__":"cc.Color","r":255,"g":255,"b":255},"zoomScale":1.05,"clickEvents":[{"__type__":"cc.ClickEvent","target":{"__id__":1},"component":"HelpDialog","handler":"onGetHitForShare","customEventData":"2"}],"_N$normalColor":{"__type__":"cc.Color","r":255,"g":255,"b":255},"_N$disabledColor":{"__type__":"cc.Color","r":255,"g":255,"b":255},"_N$normalSprite":{"__uuid__":"51Itv+ObZOjoErP3NIDT+J"},"_N$pressedSprite":{"__uuid__":"e97GVMl6JHh5Ml5qEDdSGa"},"pressedSprite":{"__uuid__":"e97GVMl6JHh5Ml5qEDdSGa"},"_N$hoverSprite":{"__uuid__":"f0BIwQ8D5Ml7nTNQbh1YlS"},"hoverSprite":{"__uuid__":"f0BIwQ8D5Ml7nTNQbh1YlS"},"_N$disabledSprite":{"__uuid__":"29FYIk+N1GYaeWH/q1NxQO"},"_N$target":{"__id__":17}}],"_prefab":{"__type__":"cc.PrefabInfo","root":{"__id__":1},"asset":{"__uuid__":"71JEqC2rlFFZ3ogo4YtvBP"},"fileId":"802h0Ff8NODLxHbPQpjRxo"},"_contentSize":{"__type__":"cc.Size","width":187,"height":60},"_position":{"__type__":"cc.Vec3","x":103},"_scale":{"__type__":"cc.Vec3","x":0.86,"y":0.86,"z":0.86}},{"__type__":"cc.Node","_name":"img_txt","_parent":{"__id__":17},"_level":4,"_components":[{"__type__":"cc.Sprite","node":{"__id__":18},"_spriteFrame":{"__uuid__":"0f+aEWd1tHbqsL1RS8Wznl"}}],"_prefab":{"__type__":"cc.PrefabInfo","root":{"__id__":1},"asset":{"__uuid__":"71JEqC2rlFFZ3ogo4YtvBP"},"fileId":"7fh6gNuSNIYrGtytYsPF3A"},"_contentSize":{"__type__":"cc.Size","width":135,"height":30},"_scale":{"__type__":"cc.Vec3","x":1,"y":1,"z":1}},{"__type__":"cc.Node","_name":"btn_video","_parent":{"__id__":15},"_children":[{"__id__":20}],"_active":false,"_level":4,"_components":[{"__type__":"cc.Sprite","node":{"__id__":19},"_spriteFrame":{"__uuid__":"02RoDr2ndLMKYkkEdNbz2D"},"_sizeMode":2},{"__type__":"cc.Button","node":{"__id__":19},"transition":3,"pressedColor":{"__type__":"cc.Color","r":255,"g":255,"b":255},"zoomScale":1.05,"clickEvents":[{"__type__":"cc.ClickEvent","target":{"__id__":1},"component":"HelpDialog","handler":"showAd","customEventData":"1"}],"_N$normalColor":{"__type__":"cc.Color","r":255,"g":255,"b":255},"_N$disabledColor":{"__type__":"cc.Color","r":255,"g":255,"b":255},"_N$normalSprite":{"__uuid__":"51Itv+ObZOjoErP3NIDT+J"},"_N$pressedSprite":{"__uuid__":"e97GVMl6JHh5Ml5qEDdSGa"},"pressedSprite":{"__uuid__":"e97GVMl6JHh5Ml5qEDdSGa"},"_N$hoverSprite":{"__uuid__":"f0BIwQ8D5Ml7nTNQbh1YlS"},"hoverSprite":{"__uuid__":"f0BIwQ8D5Ml7nTNQbh1YlS"},"_N$disabledSprite":{"__uuid__":"29FYIk+N1GYaeWH/q1NxQO"},"_N$target":{"__id__":19}}],"_prefab":{"__type__":"cc.PrefabInfo","root":{"__id__":1},"asset":{"__uuid__":"71JEqC2rlFFZ3ogo4YtvBP"},"fileId":"992lM0XAND64t6JJ51BpWN"},"_contentSize":{"__type__":"cc.Size","width":188,"height":60},"_position":{"__type__":"cc.Vec3","x":105,"y":-3},"_scale":{"__type__":"cc.Vec3","x":1,"y":1,"z":0.86}},{"__type__":"cc.Node","_name":"img_txt","_parent":{"__id__":19},"_level":4,"_components":[{"__type__":"cc.Sprite","node":{"__id__":20},"_spriteFrame":{"__uuid__":"7crWuTu3NGoYTr1EUhWHp/"}}],"_prefab":{"__type__":"cc.PrefabInfo","root":{"__id__":1},"asset":{"__uuid__":"71JEqC2rlFFZ3ogo4YtvBP"},"fileId":"3b2C5b3zJINZauHc3ppN6o"},"_contentSize":{"__type__":"cc.Size","width":152,"height":40},"_scale":{"__type__":"cc.Vec3","x":1,"y":1,"z":1}},{"__type__":"cc.Node","_name":"got_pan_hint_3","_parent":{"__id__":3},"_children":[{"__id__":22},{"__id__":23},{"__id__":25}],"_active":false,"_level":3,"_prefab":{"__type__":"cc.PrefabInfo","root":{"__id__":1},"asset":{"__uuid__":"71JEqC2rlFFZ3ogo4YtvBP"},"fileId":"23S3P20wxPB70ehje32Hcc"},"_contentSize":{"__type__":"cc.Size","width":400,"height":80},"_position":{"__type__":"cc.Vec3","y":52},"_scale":{"__type__":"cc.Vec3","x":1,"y":1,"z":1}},{"__type__":"cc.Node","_name":"txt","_parent":{"__id__":21},"_level":5,"_components":[{"__type__":"cc.Label","node":{"__id__":22},"_srcBlendFactor":1,"_string":"获得答案","_N$string":"获得答案","_fontSize":36,"_lineHeight":44,"_N$horizontalAlign":1,"_N$verticalAlign":1,"_N$fontFamily":"微软雅黑"}],"_prefab":{"__type__":"cc.PrefabInfo","root":{"__id__":1},"asset":{"__uuid__":"71JEqC2rlFFZ3ogo4YtvBP"},"fileId":"deQgfQCL1BlLg1n5NoRioH"},"_color":{"__type__":"cc.Color","r":3},"_contentSize":{"__type__":"cc.Size","width":144,"height":44},"_position":{"__type__":"cc.Vec3","x":-121},"_scale":{"__type__":"cc.Vec3","x":1,"y":1,"z":1}},{"__type__":"cc.Node","_name":"btn_share","_parent":{"__id__":21},"_children":[{"__id__":24}],"_level":5,"_components":[{"__type__":"cc.Sprite","node":{"__id__":23},"_spriteFrame":{"__uuid__":"be1KLhdO9It66wAmqyOKXR"},"_sizeMode":2},{"__type__":"cc.Button","node":{"__id__":23},"transition":3,"pressedColor":{"__type__":"cc.Color","r":255,"g":255,"b":255},"zoomScale":1.05,"clickEvents":[{"__type__":"cc.ClickEvent","target":{"__id__":1},"component":"HelpDialog","handler":"onGetHitForShare","customEventData":"3"}],"_N$normalColor":{"__type__":"cc.Color","r":255,"g":255,"b":255},"_N$disabledColor":{"__type__":"cc.Color","r":255,"g":255,"b":255},"_N$normalSprite":{"__uuid__":"51Itv+ObZOjoErP3NIDT+J"},"_N$pressedSprite":{"__uuid__":"e97GVMl6JHh5Ml5qEDdSGa"},"pressedSprite":{"__uuid__":"e97GVMl6JHh5Ml5qEDdSGa"},"_N$hoverSprite":{"__uuid__":"f0BIwQ8D5Ml7nTNQbh1YlS"},"hoverSprite":{"__uuid__":"f0BIwQ8D5Ml7nTNQbh1YlS"},"_N$disabledSprite":{"__uuid__":"29FYIk+N1GYaeWH/q1NxQO"},"_N$target":{"__id__":23}}],"_prefab":{"__type__":"cc.PrefabInfo","root":{"__id__":1},"asset":{"__uuid__":"71JEqC2rlFFZ3ogo4YtvBP"},"fileId":"d7V3zuwaJCybsiJIx5Y4b0"},"_contentSize":{"__type__":"cc.Size","width":187,"height":60},"_position":{"__type__":"cc.Vec3","x":103},"_scale":{"__type__":"cc.Vec3","x":1,"y":1,"z":0.86}},{"__type__":"cc.Node","_name":"img_txt","_parent":{"__id__":23},"_level":4,"_components":[{"__type__":"cc.Sprite","node":{"__id__":24},"_spriteFrame":{"__uuid__":"0f+aEWd1tHbqsL1RS8Wznl"}}],"_prefab":{"__type__":"cc.PrefabInfo","root":{"__id__":1},"asset":{"__uuid__":"71JEqC2rlFFZ3ogo4YtvBP"},"fileId":"8f/DIrLLlFiZVmJ56F7He1"},"_contentSize":{"__type__":"cc.Size","width":135,"height":30},"_scale":{"__type__":"cc.Vec3","x":1,"y":1,"z":1}},{"__type__":"cc.Node","_name":"btn_video","_parent":{"__id__":21},"_children":[{"__id__":26}],"_active":false,"_level":4,"_components":[{"__type__":"cc.Sprite","node":{"__id__":25},"_spriteFrame":{"__uuid__":"02RoDr2ndLMKYkkEdNbz2D"},"_sizeMode":2},{"__type__":"cc.Button","node":{"__id__":25},"transition":3,"pressedColor":{"__type__":"cc.Color","r":255,"g":255,"b":255},"zoomScale":1.05,"clickEvents":[{"__type__":"cc.ClickEvent","target":{"__id__":1},"component":"HelpDialog","handler":"showAd","customEventData":"1"}],"_N$normalColor":{"__type__":"cc.Color","r":255,"g":255,"b":255},"_N$disabledColor":{"__type__":"cc.Color","r":255,"g":255,"b":255},"_N$normalSprite":{"__uuid__":"51Itv+ObZOjoErP3NIDT+J"},"_N$pressedSprite":{"__uuid__":"e97GVMl6JHh5Ml5qEDdSGa"},"pressedSprite":{"__uuid__":"e97GVMl6JHh5Ml5qEDdSGa"},"_N$hoverSprite":{"__uuid__":"f0BIwQ8D5Ml7nTNQbh1YlS"},"hoverSprite":{"__uuid__":"f0BIwQ8D5Ml7nTNQbh1YlS"},"_N$disabledSprite":{"__uuid__":"29FYIk+N1GYaeWH/q1NxQO"},"_N$target":{"__id__":25}}],"_prefab":{"__type__":"cc.PrefabInfo","root":{"__id__":1},"asset":{"__uuid__":"71JEqC2rlFFZ3ogo4YtvBP"},"fileId":"51Acz/+/BCU5R4FLOll5i9"},"_contentSize":{"__type__":"cc.Size","width":188,"height":60},"_position":{"__type__":"cc.Vec3","x":102,"y":2},"_scale":{"__type__":"cc.Vec3","x":1,"y":1,"z":0.86}},{"__type__":"cc.Node","_name":"img_txt","_parent":{"__id__":25},"_level":4,"_components":[{"__type__":"cc.Sprite","node":{"__id__":26},"_spriteFrame":{"__uuid__":"7crWuTu3NGoYTr1EUhWHp/"}}],"_prefab":{"__type__":"cc.PrefabInfo","root":{"__id__":1},"asset":{"__uuid__":"71JEqC2rlFFZ3ogo4YtvBP"},"fileId":"f7HgdU5uNMuKQdx8moSPxe"},"_contentSize":{"__type__":"cc.Size","width":152,"height":40},"_scale":{"__type__":"cc.Vec3","x":1,"y":1,"z":1}},{"__type__":"cc.Node","_name":"got_pan_hint_1","_parent":{"__id__":3},"_children":[{"__id__":28},{"__id__":29},{"__id__":31}],"_active":false,"_level":3,"_prefab":{"__type__":"cc.PrefabInfo","root":{"__id__":1},"asset":{"__uuid__":"71JEqC2rlFFZ3ogo4YtvBP"},"fileId":"e1/FHwV8JK9qYrKMjqPQBN"},"_contentSize":{"__type__":"cc.Size","width":400,"height":80},"_position":{"__type__":"cc.Vec3","y":-78},"_scale":{"__type__":"cc.Vec3","x":1,"y":1,"z":1}},{"__type__":"cc.Node","_name":"txt","_parent":{"__id__":27},"_level":5,"_components":[{"__type__":"cc.Label","node":{"__id__":28},"_srcBlendFactor":1,"_string":"查看提示1","_N$string":"查看提示1","_fontSize":36,"_lineHeight":44,"_N$horizontalAlign":1,"_N$verticalAlign":1,"_N$fontFamily":"微软雅黑"}],"_prefab":{"__type__":"cc.PrefabInfo","root":{"__id__":1},"asset":{"__uuid__":"71JEqC2rlFFZ3ogo4YtvBP"},"fileId":"16OFE0/7pHE6Dw9TlxJjyU"},"_color":{"__type__":"cc.Color","r":3},"_contentSize":{"__type__":"cc.Size","width":165.11,"height":44},"_position":{"__type__":"cc.Vec3","x":-110},"_scale":{"__type__":"cc.Vec3","x":1,"y":1,"z":1}},{"__type__":"cc.Node","_name":"btn_share","_parent":{"__id__":27},"_children":[{"__id__":30}],"_level":4,"_components":[{"__type__":"cc.Sprite","node":{"__id__":29},"_spriteFrame":{"__uuid__":"be1KLhdO9It66wAmqyOKXR"},"_sizeMode":2},{"__type__":"cc.Button","node":{"__id__":29},"transition":3,"pressedColor":{"__type__":"cc.Color","r":255,"g":255,"b":255},"zoomScale":1.05,"clickEvents":[{"__type__":"cc.ClickEvent","target":{"__id__":1},"component":"HelpDialog","handler":"onGetHitForShare","customEventData":"1"}],"_N$normalColor":{"__type__":"cc.Color","r":255,"g":255,"b":255},"_N$disabledColor":{"__type__":"cc.Color","r":255,"g":255,"b":255},"_N$normalSprite":{"__uuid__":"51Itv+ObZOjoErP3NIDT+J"},"_N$pressedSprite":{"__uuid__":"e97GVMl6JHh5Ml5qEDdSGa"},"pressedSprite":{"__uuid__":"e97GVMl6JHh5Ml5qEDdSGa"},"_N$hoverSprite":{"__uuid__":"f0BIwQ8D5Ml7nTNQbh1YlS"},"hoverSprite":{"__uuid__":"f0BIwQ8D5Ml7nTNQbh1YlS"},"_N$disabledSprite":{"__uuid__":"29FYIk+N1GYaeWH/q1NxQO"},"_N$target":{"__id__":29}}],"_prefab":{"__type__":"cc.PrefabInfo","root":{"__id__":1},"asset":{"__uuid__":"71JEqC2rlFFZ3ogo4YtvBP"},"fileId":"28mzI7KmdDwIC9IajywmgA"},"_contentSize":{"__type__":"cc.Size","width":187,"height":60},"_position":{"__type__":"cc.Vec3","x":104},"_scale":{"__type__":"cc.Vec3","x":1,"y":1,"z":0.86}},{"__type__":"cc.Node","_name":"img_txt","_parent":{"__id__":29},"_level":4,"_components":[{"__type__":"cc.Sprite","node":{"__id__":30},"_spriteFrame":{"__uuid__":"0f+aEWd1tHbqsL1RS8Wznl"}}],"_prefab":{"__type__":"cc.PrefabInfo","root":{"__id__":1},"asset":{"__uuid__":"71JEqC2rlFFZ3ogo4YtvBP"},"fileId":"7fkNn9ZipKu7zXwXaUqdqb"},"_contentSize":{"__type__":"cc.Size","width":135,"height":30},"_scale":{"__type__":"cc.Vec3","x":1,"y":1,"z":1}},{"__type__":"cc.Node","_name":"btn_video","_parent":{"__id__":27},"_children":[{"__id__":32}],"_active":false,"_level":5,"_components":[{"__type__":"cc.Sprite","node":{"__id__":31},"_spriteFrame":{"__uuid__":"02RoDr2ndLMKYkkEdNbz2D"},"_sizeMode":2},{"__type__":"cc.Button","node":{"__id__":31},"transition":3,"pressedColor":{"__type__":"cc.Color","r":255,"g":255,"b":255},"zoomScale":1.05,"clickEvents":[{"__type__":"cc.ClickEvent","target":{"__id__":1},"component":"HelpDialog","handler":"showAd","customEventData":"1"}],"_N$normalColor":{"__type__":"cc.Color","r":255,"g":255,"b":255},"_N$disabledColor":{"__type__":"cc.Color","r":255,"g":255,"b":255},"_N$normalSprite":{"__uuid__":"51Itv+ObZOjoErP3NIDT+J"},"_N$pressedSprite":{"__uuid__":"e97GVMl6JHh5Ml5qEDdSGa"},"pressedSprite":{"__uuid__":"e97GVMl6JHh5Ml5qEDdSGa"},"_N$hoverSprite":{"__uuid__":"f0BIwQ8D5Ml7nTNQbh1YlS"},"hoverSprite":{"__uuid__":"f0BIwQ8D5Ml7nTNQbh1YlS"},"_N$disabledSprite":{"__uuid__":"29FYIk+N1GYaeWH/q1NxQO"},"_N$target":{"__id__":31}}],"_prefab":{"__type__":"cc.PrefabInfo","root":{"__id__":1},"asset":{"__uuid__":"71JEqC2rlFFZ3ogo4YtvBP"},"fileId":"ff7c1LoLRLrqgEtqOEYBio"},"_contentSize":{"__type__":"cc.Size","width":188,"height":60},"_position":{"__type__":"cc.Vec3","x":103.9,"y":1.9},"_scale":{"__type__":"cc.Vec3","x":1,"y":1,"z":0.86}},{"__type__":"cc.Node","_name":"img_txt","_parent":{"__id__":31},"_level":4,"_components":[{"__type__":"cc.Sprite","node":{"__id__":32},"_spriteFrame":{"__uuid__":"7crWuTu3NGoYTr1EUhWHp/"}}],"_prefab":{"__type__":"cc.PrefabInfo","root":{"__id__":1},"asset":{"__uuid__":"71JEqC2rlFFZ3ogo4YtvBP"},"fileId":"e40t+EosJOy5Nuvwmwb8XW"},"_contentSize":{"__type__":"cc.Size","width":152,"height":40},"_scale":{"__type__":"cc.Vec3","x":1,"y":1,"z":1}},{"__type__":"cc.Node","_name":"pan_hint","_parent":{"__id__":3},"_level":3,"_components":[{"__type__":"cc.Layout","node":{"__id__":33},"_layoutSize":{"__type__":"cc.Size","width":550,"height":541},"_N$layoutType":2,"_N$paddingTop":25,"_N$spacingY":50}],"_prefab":{"__type__":"cc.PrefabInfo","root":{"__id__":1},"asset":{"__uuid__":"71JEqC2rlFFZ3ogo4YtvBP"},"fileId":"52ejwARNFIX6pW8wbVYQo3"},"_contentSize":{"__type__":"cc.Size","width":550,"height":541},"_position":{"__type__":"cc.Vec3","y":-24},"_scale":{"__type__":"cc.Vec3","x":1,"y":1,"z":1}},{"__type__":"cc.Node","_name":"pan_tip","_parent":{"__id__":1},"_children":[{"__id__":35},{"__id__":36},{"__id__":37},{"__id__":38},{"__id__":39}],"_active":false,"_level":2,"_components":[{"__type__":"cc.Widget","node":{"__id__":34},"_alignFlags":18},{"__type__":"cc.Sprite","node":{"__id__":34},"_spriteFrame":{"__uuid__":"17EyVdvTlMFbY3r5HYt3GE"},"_type":1,"_sizeMode":0}],"_prefab":{"__type__":"cc.PrefabInfo","root":{"__id__":1},"asset":{"__uuid__":"71JEqC2rlFFZ3ogo4YtvBP"},"fileId":"9eH7aZYe9JZImGOl2yTC4V"},"_contentSize":{"__type__":"cc.Size","width":410,"height":311},"_scale":{"__type__":"cc.Vec3","x":1,"y":1,"z":1}},{"__type__":"cc.Node","_name":"img_help_hint_title","_parent":{"__id__":34},"_level":3,"_components":[{"__type__":"cc.Sprite","node":{"__id__":35},"_spriteFrame":{"__uuid__":"98uoP6GnxNG4oTGor22o1Q"}}],"_prefab":{"__type__":"cc.PrefabInfo","root":{"__id__":1},"asset":{"__uuid__":"71JEqC2rlFFZ3ogo4YtvBP"},"fileId":"1eHUc1+IVMMYEi/2UWUhi2"},"_contentSize":{"__type__":"cc.Size","width":170,"height":92},"_position":{"__type__":"cc.Vec3","y":158},"_scale":{"__type__":"cc.Vec3","x":1,"y":1,"z":1}},{"__type__":"cc.Node","_name":"btn_close","_parent":{"__id__":34},"_level":3,"_components":[{"__type__":"cc.Sprite","node":{"__id__":36},"_spriteFrame":{"__uuid__":"284hGfr2ZEabjs/RDk7DTu"},"_sizeMode":2},{"__type__":"cc.Button","node":{"__id__":36},"transition":3,"pressedColor":{"__type__":"cc.Color","r":255,"g":255,"b":255},"zoomScale":1.05,"clickEvents":[{"__type__":"cc.ClickEvent","target":{"__id__":1},"component":"HelpDialog","handler":"onClose"}],"_N$normalColor":{"__type__":"cc.Color","r":255,"g":255,"b":255},"_N$disabledColor":{"__type__":"cc.Color","r":255,"g":255,"b":255},"_N$normalSprite":{"__uuid__":"51Itv+ObZOjoErP3NIDT+J"},"_N$pressedSprite":{"__uuid__":"e97GVMl6JHh5Ml5qEDdSGa"},"pressedSprite":{"__uuid__":"e97GVMl6JHh5Ml5qEDdSGa"},"_N$hoverSprite":{"__uuid__":"f0BIwQ8D5Ml7nTNQbh1YlS"},"hoverSprite":{"__uuid__":"f0BIwQ8D5Ml7nTNQbh1YlS"},"_N$disabledSprite":{"__uuid__":"29FYIk+N1GYaeWH/q1NxQO"},"_N$target":{"__id__":36}}],"_prefab":{"__type__":"cc.PrefabInfo","root":{"__id__":1},"asset":{"__uuid__":"71JEqC2rlFFZ3ogo4YtvBP"},"fileId":"7bxMfKa+xNsI/RDFIgSs1N"},"_contentSize":{"__type__":"cc.Size","width":71,"height":71},"_position":{"__type__":"cc.Vec3","x":192,"y":151},"_scale":{"__type__":"cc.Vec3","x":1,"y":1,"z":1}},{"__type__":"cc.Node","_name":"pan_hint","_parent":{"__id__":34},"_level":3,"_components":[{"__type__":"cc.Layout","node":{"__id__":37},"_N$layoutType":2,"_N$spacingY":19}],"_prefab":{"__type__":"cc.PrefabInfo","root":{"__id__":1},"asset":{"__uuid__":"71JEqC2rlFFZ3ogo4YtvBP"},"fileId":"d6MrM6zOtKm58vFuvccm68"},"_contentSize":{"__type__":"cc.Size","width":363,"height":354},"_position":{"__type__":"cc.Vec3","x":-5,"y":-3},"_scale":{"__type__":"cc.Vec3","x":1,"y":1,"z":1}},{"__type__":"cc.Node","_name":"lb_tip","_parent":{"__id__":34},"_level":3,"_components":[{"__type__":"cc.Label","node":{"__id__":38},"_srcBlendFactor":1,"_useOriginalSize":false,"_string":"今日查看提示已达上限，分享链接求助你的高智商好友吧！","_N$string":"今日查看提示已达上限，分享链接求助你的高智商好友吧！","_fontSize":24,"_N$horizontalAlign":1,"_N$verticalAlign":1,"_N$fontFamily":"微软雅黑","_N$overflow":1}],"_prefab":{"__type__":"cc.PrefabInfo","root":{"__id__":1},"asset":{"__uuid__":"71JEqC2rlFFZ3ogo4YtvBP"},"fileId":"37LrHTmBxGDqMI1mqnsFXI"},"_color":{"__type__":"cc.Color"},"_contentSize":{"__type__":"cc.Size","width":340,"height":260},"_scale":{"__type__":"cc.Vec3","x":1,"y":1,"z":1}},{"__type__":"cc.Node","_name":"btn_help_friend","_parent":{"__id__":34},"_level":3,"_components":[{"__type__":"cc.Sprite","node":{"__id__":39},"_spriteFrame":{"__uuid__":"c67dtKo8dGlrgNJkkoyRiX"},"_sizeMode":2},{"__type__":"cc.Button","node":{"__id__":39},"transition":3,"pressedColor":{"__type__":"cc.Color","r":255,"g":255,"b":255},"zoomScale":1.05,"clickEvents":[{"__type__":"cc.ClickEvent","target":{"__id__":1},"component":"HelpDialog","handler":"onHelpFromFriend"}],"_N$normalColor":{"__type__":"cc.Color","r":255,"g":255,"b":255},"_N$disabledColor":{"__type__":"cc.Color","r":255,"g":255,"b":255},"_N$normalSprite":{"__uuid__":"51Itv+ObZOjoErP3NIDT+J"},"_N$pressedSprite":{"__uuid__":"e97GVMl6JHh5Ml5qEDdSGa"},"pressedSprite":{"__uuid__":"e97GVMl6JHh5Ml5qEDdSGa"},"_N$hoverSprite":{"__uuid__":"f0BIwQ8D5Ml7nTNQbh1YlS"},"hoverSprite":{"__uuid__":"f0BIwQ8D5Ml7nTNQbh1YlS"},"_N$disabledSprite":{"__uuid__":"29FYIk+N1GYaeWH/q1NxQO"},"_N$target":{"__id__":39}}],"_prefab":{"__type__":"cc.PrefabInfo","root":{"__id__":1},"asset":{"__uuid__":"71JEqC2rlFFZ3ogo4YtvBP"},"fileId":"317ixSGFtOho3FJyla6p2a"},"_contentSize":{"__type__":"cc.Size","width":287,"height":82},"_position":{"__type__":"cc.Vec3","y":-151},"_scale":{"__type__":"cc.Vec3","x":1,"y":1,"z":1}}]