[{"__type__":"cc.Prefab","_name":"GameLevel5","data":{"__id__":1}},{"__type__":"cc.Node","_name":"GameLevel5","_objFlags":512,"_children":[{"__id__":2},{"__id__":20}],"_level":1,"_prefab":{"__type__":"cc.PrefabInfo","root":{"__id__":1},"asset":{"__uuid__":"25Yqr5f9xB37UaxeYdeeLs"},"fileId":"e5UKqe25tHw4lDjLotWmwl"},"_contentSize":{"__type__":"cc.Size","width":720,"height":1280},"_scale":{"__type__":"cc.Vec3","x":1,"y":1,"z":1}},{"__type__":"cc.Node","_name":"page_1","_objFlags":512,"_parent":{"__id__":1},"_children":[{"__id__":3},{"__id__":4},{"__id__":5},{"__id__":6},{"__id__":7},{"__id__":8},{"__id__":9},{"__id__":10},{"__id__":11},{"__id__":12},{"__id__":13},{"__id__":14},{"__id__":15},{"__id__":16},{"__id__":17},{"__id__":18},{"__id__":19}],"_level":2,"_prefab":{"__type__":"cc.PrefabInfo","root":{"__id__":1},"asset":{"__uuid__":"25Yqr5f9xB37UaxeYdeeLs"},"fileId":"c8cSdsDZlA7L7G2hwVrUVA"},"_contentSize":{"__type__":"cc.Size","width":720,"height":1280},"_scale":{"__type__":"cc.Vec3","x":1,"y":1,"z":1}},{"__type__":"cc.Node","_name":"bg","_parent":{"__id__":2},"_level":3,"_components":[{"__type__":"cc.Sprite","node":{"__id__":3},"_spriteFrame":{"__uuid__":"6bZT1pRF5CL42rkd35Wqt8"}}],"_prefab":{"__type__":"cc.PrefabInfo","root":{"__id__":1},"asset":{"__uuid__":"25Yqr5f9xB37UaxeYdeeLs"},"fileId":"d3DyZ5AnBEh4IuSMJKjQmk"},"_contentSize":{"__type__":"cc.Size","width":720,"height":1280},"_scale":{"__type__":"cc.Vec3","x":1,"y":1,"z":1}},{"__type__":"cc.Node","_name":"n_door","_parent":{"__id__":2},"_level":3,"_components":[{"__type__":"cc.Sprite","node":{"__id__":4},"_spriteFrame":{"__uuid__":"a2MjXRFdtLlYQ5ouAFv/+R"},"_sizeMode":0}],"_prefab":{"__type__":"cc.PrefabInfo","root":{"__id__":1},"asset":{"__uuid__":"25Yqr5f9xB37UaxeYdeeLs"},"fileId":"37oCcwCvFANJb0wpzvvPYP"},"_opacity":0,"_color":{"__type__":"cc.Color","r":255},"_contentSize":{"__type__":"cc.Size","width":185,"height":361},"_position":{"__type__":"cc.Vec3","x":-267,"y":208},"_scale":{"__type__":"cc.Vec3","x":1,"y":1,"z":1}},{"__type__":"cc.Node","_name":"img_bookcase","_parent":{"__id__":2},"_level":3,"_components":[{"__type__":"cc.Sprite","node":{"__id__":5},"_spriteFrame":{"__uuid__":"21dD4h5y1BzbiJshGz3a0S"}}],"_prefab":{"__type__":"cc.PrefabInfo","root":{"__id__":1},"asset":{"__uuid__":"25Yqr5f9xB37UaxeYdeeLs"},"fileId":"7f04IhLPBCWpkuTOFoSezr"},"_contentSize":{"__type__":"cc.Size","width":86,"height":115},"_position":{"__type__":"cc.Vec3","x":318,"y":275},"_scale":{"__type__":"cc.Vec3","x":1,"y":1,"z":1}},{"__type__":"cc.Node","_name":"item_1","_parent":{"__id__":2},"_level":3,"_components":[{"__type__":"cc.Sprite","node":{"__id__":6},"_spriteFrame":{"__uuid__":"beBjZ+GnxL1Y3/CTGbMF70"}}],"_prefab":{"__type__":"cc.PrefabInfo","root":{"__id__":1},"asset":{"__uuid__":"25Yqr5f9xB37UaxeYdeeLs"},"fileId":"fcYS8ZWd9Ni4ieaGXuT0f7"},"_contentSize":{"__type__":"cc.Size","width":70,"height":65},"_position":{"__type__":"cc.Vec3","x":8,"y":390},"_scale":{"__type__":"cc.Vec3","x":1,"y":1,"z":1}},{"__type__":"cc.Node","_name":"img_blackbood","_parent":{"__id__":2},"_level":3,"_components":[{"__type__":"cc.Sprite","node":{"__id__":7},"_spriteFrame":{"__uuid__":"9arJfLtwRA7oU5tF0TmQF5"}}],"_prefab":{"__type__":"cc.PrefabInfo","root":{"__id__":1},"asset":{"__uuid__":"25Yqr5f9xB37UaxeYdeeLs"},"fileId":"15TlbW5j9CN47wCfRhCskT"},"_contentSize":{"__type__":"cc.Size","width":397,"height":226},"_position":{"__type__":"cc.Vec3","x":58,"y":290},"_scale":{"__type__":"cc.Vec3","x":1,"y":1,"z":1}},{"__type__":"cc.Node","_name":"img_bell","_parent":{"__id__":2},"_level":3,"_components":[{"__type__":"cc.Sprite","node":{"__id__":8},"_spriteFrame":{"__uuid__":"53RflWhOVCRoS9ECViNohE"}}],"_prefab":{"__type__":"cc.PrefabInfo","root":{"__id__":1},"asset":{"__uuid__":"25Yqr5f9xB37UaxeYdeeLs"},"fileId":"00klaaw9dMxrQvmg5yq2Vt"},"_contentSize":{"__type__":"cc.Size","width":71,"height":87},"_position":{"__type__":"cc.Vec3","x":248,"y":465},"_scale":{"__type__":"cc.Vec3","x":1,"y":1,"z":1}},{"__type__":"cc.Node","_name":"img_clock","_parent":{"__id__":2},"_level":3,"_components":[{"__type__":"cc.Sprite","node":{"__id__":9},"_spriteFrame":{"__uuid__":"cbsRSoIZ1LZ6rux1wpoQa3"}}],"_prefab":{"__type__":"cc.PrefabInfo","root":{"__id__":1},"asset":{"__uuid__":"25Yqr5f9xB37UaxeYdeeLs"},"fileId":"e7ZgXPLF9H/rW6B2orZEme"},"_contentSize":{"__type__":"cc.Size","width":80,"height":80},"_position":{"__type__":"cc.Vec3","x":53,"y":460},"_scale":{"__type__":"cc.Vec3","x":1,"y":1,"z":1}},{"__type__":"cc.Node","_name":"img_chest","_parent":{"__id__":2},"_level":3,"_components":[{"__type__":"cc.Sprite","node":{"__id__":10},"_spriteFrame":{"__uuid__":"df37GoDnNDUb7R/Xc18dmq"}}],"_prefab":{"__type__":"cc.PrefabInfo","root":{"__id__":1},"asset":{"__uuid__":"25Yqr5f9xB37UaxeYdeeLs"},"fileId":"8aslIonpNB/p1opQAm/nul"},"_contentSize":{"__type__":"cc.Size","width":103,"height":178},"_position":{"__type__":"cc.Vec3","x":310,"y":93},"_scale":{"__type__":"cc.Vec3","x":1,"y":1,"z":1}},{"__type__":"cc.Node","_name":"img_dais","_parent":{"__id__":2},"_level":3,"_components":[{"__type__":"cc.Sprite","node":{"__id__":11},"_spriteFrame":{"__uuid__":"70Q4ZCSldItrfYAOSp8r9+"}}],"_prefab":{"__type__":"cc.PrefabInfo","root":{"__id__":1},"asset":{"__uuid__":"25Yqr5f9xB37UaxeYdeeLs"},"fileId":"fbzkGNw8ZMPL5+kC3Nbd+G"},"_contentSize":{"__type__":"cc.Size","width":248,"height":180},"_position":{"__type__":"cc.Vec3","x":78,"y":35},"_scale":{"__type__":"cc.Vec3","x":1,"y":1,"z":1}},{"__type__":"cc.Node","_name":"item_2","_parent":{"__id__":2},"_level":3,"_components":[{"__type__":"cc.Sprite","node":{"__id__":12},"_spriteFrame":{"__uuid__":"9bZ7gHNEpMPpCa6xCiYq9o"}}],"_prefab":{"__type__":"cc.PrefabInfo","root":{"__id__":1},"asset":{"__uuid__":"25Yqr5f9xB37UaxeYdeeLs"},"fileId":"05/U4P2QlJWLVZPb0VcbjL"},"_contentSize":{"__type__":"cc.Size","width":144,"height":70},"_position":{"__type__":"cc.Vec3","x":83,"y":122},"_scale":{"__type__":"cc.Vec3","x":1,"y":1,"z":1}},{"__type__":"cc.Node","_name":"img_desk_1","_parent":{"__id__":2},"_level":3,"_components":[{"__type__":"cc.Sprite","node":{"__id__":13},"_spriteFrame":{"__uuid__":"3dDXvrfKRIqZlwOIX5ajT8"}}],"_prefab":{"__type__":"cc.PrefabInfo","root":{"__id__":1},"asset":{"__uuid__":"25Yqr5f9xB37UaxeYdeeLs"},"fileId":"ddAO262PFI14+31zGqoifu"},"_contentSize":{"__type__":"cc.Size","width":213,"height":208},"_position":{"__type__":"cc.Vec3","x":-75,"y":-180},"_scale":{"__type__":"cc.Vec3","x":1,"y":1,"z":1}},{"__type__":"cc.Node","_name":"img_chair_1","_parent":{"__id__":2},"_level":3,"_components":[{"__type__":"cc.Sprite","node":{"__id__":14},"_spriteFrame":{"__uuid__":"eebaEQ2oZOoaPvS6y6Qgy8"}}],"_prefab":{"__type__":"cc.PrefabInfo","root":{"__id__":1},"asset":{"__uuid__":"25Yqr5f9xB37UaxeYdeeLs"},"fileId":"b03rfkKUZCGqVKllnlW7j3"},"_contentSize":{"__type__":"cc.Size","width":97,"height":154},"_position":{"__type__":"cc.Vec3","x":-74,"y":-265},"_scale":{"__type__":"cc.Vec3","x":1,"y":1,"z":1}},{"__type__":"cc.Node","_name":"img_desk_2","_parent":{"__id__":2},"_level":3,"_components":[{"__type__":"cc.Sprite","node":{"__id__":15},"_spriteFrame":{"__uuid__":"3dDXvrfKRIqZlwOIX5ajT8"}}],"_prefab":{"__type__":"cc.PrefabInfo","root":{"__id__":1},"asset":{"__uuid__":"25Yqr5f9xB37UaxeYdeeLs"},"fileId":"12y66LNwNA3pDbWwxjhIXh"},"_contentSize":{"__type__":"cc.Size","width":213,"height":208},"_position":{"__type__":"cc.Vec3","x":195,"y":-179},"_scale":{"__type__":"cc.Vec3","x":1,"y":1,"z":1}},{"__type__":"cc.Node","_name":"img_chair_2","_parent":{"__id__":2},"_level":3,"_components":[{"__type__":"cc.Sprite","node":{"__id__":16},"_spriteFrame":{"__uuid__":"eebaEQ2oZOoaPvS6y6Qgy8"}}],"_prefab":{"__type__":"cc.PrefabInfo","root":{"__id__":1},"asset":{"__uuid__":"25Yqr5f9xB37UaxeYdeeLs"},"fileId":"67S41WjjJNNrqSq+AIYy5d"},"_contentSize":{"__type__":"cc.Size","width":97,"height":154},"_position":{"__type__":"cc.Vec3","x":196,"y":-265},"_scale":{"__type__":"cc.Vec3","x":1,"y":1,"z":1}},{"__type__":"cc.Node","_name":"item_bag","_parent":{"__id__":2},"_level":3,"_components":[{"__type__":"cc.Sprite","node":{"__id__":17},"_spriteFrame":{"__uuid__":"9bzp9tElBDg6AMRaEy5+A9"}}],"_prefab":{"__type__":"cc.PrefabInfo","root":{"__id__":1},"asset":{"__uuid__":"25Yqr5f9xB37UaxeYdeeLs"},"fileId":"263kTzyJxEqoU088+/Q28y"},"_contentSize":{"__type__":"cc.Size","width":126,"height":135},"_position":{"__type__":"cc.Vec3","x":-128,"y":-301},"_scale":{"__type__":"cc.Vec3","x":1,"y":1,"z":1}},{"__type__":"cc.Node","_name":"item_3","_parent":{"__id__":2},"_level":3,"_components":[{"__type__":"cc.Sprite","node":{"__id__":18},"_spriteFrame":{"__uuid__":"37cXiSv79FVqHxQDAWBwt6"}}],"_prefab":{"__type__":"cc.PrefabInfo","root":{"__id__":1},"asset":{"__uuid__":"25Yqr5f9xB37UaxeYdeeLs"},"fileId":"39jcp+J89OyLhdXSZqjGOh"},"_opacity":0,"_contentSize":{"__type__":"cc.Size","width":93,"height":356},"_position":{"__type__":"cc.Vec3","x":-284,"y":173},"_scale":{"__type__":"cc.Vec3","x":1,"y":1,"z":1}},{"__type__":"cc.Node","_name":"item_4","_parent":{"__id__":2},"_level":3,"_components":[{"__type__":"cc.Sprite","node":{"__id__":19},"_spriteFrame":{"__uuid__":"a1ugsAJqRHlY3SJ02T2Ana"}}],"_prefab":{"__type__":"cc.PrefabInfo","root":{"__id__":1},"asset":{"__uuid__":"25Yqr5f9xB37UaxeYdeeLs"},"fileId":"43ZPenYltLg6Gq0WJ0Vf3n"},"_opacity":0,"_contentSize":{"__type__":"cc.Size","width":103,"height":268},"_position":{"__type__":"cc.Vec3","x":-194,"y":87},"_scale":{"__type__":"cc.Vec3","x":1,"y":1,"z":1}},{"__type__":"cc.Node","_name":"page_2","_objFlags":512,"_parent":{"__id__":1},"_children":[{"__id__":21},{"__id__":22},{"__id__":23},{"__id__":24},{"__id__":25},{"__id__":26},{"__id__":27},{"__id__":28},{"__id__":29},{"__id__":30},{"__id__":31},{"__id__":32},{"__id__":33},{"__id__":34},{"__id__":35},{"__id__":36},{"__id__":37},{"__id__":38},{"__id__":39}],"_level":2,"_prefab":{"__type__":"cc.PrefabInfo","root":{"__id__":1},"asset":{"__uuid__":"25Yqr5f9xB37UaxeYdeeLs"},"fileId":"d9KElb2a9MWqAA6XPD7c8N"},"_contentSize":{"__type__":"cc.Size","width":720,"height":1280},"_position":{"__type__":"cc.Vec3","x":720},"_scale":{"__type__":"cc.Vec3","x":1,"y":1,"z":1}},{"__type__":"cc.Node","_name":"bg","_parent":{"__id__":20},"_level":3,"_components":[{"__type__":"cc.Sprite","node":{"__id__":21},"_spriteFrame":{"__uuid__":"56j5PRCX5EepeqXS0AH+VA"}}],"_prefab":{"__type__":"cc.PrefabInfo","root":{"__id__":1},"asset":{"__uuid__":"25Yqr5f9xB37UaxeYdeeLs"},"fileId":"7f9fdr+QRLlKL+JY44uFnZ"},"_contentSize":{"__type__":"cc.Size","width":720,"height":1280},"_scale":{"__type__":"cc.Vec3","x":1,"y":1,"z":1}},{"__type__":"cc.Node","_name":"item_22","_parent":{"__id__":20},"_level":3,"_components":[{"__type__":"cc.Sprite","node":{"__id__":22},"_spriteFrame":{"__uuid__":"5bcx9/qQdKLaDv27TtjFN0"}}],"_prefab":{"__type__":"cc.PrefabInfo","root":{"__id__":1},"asset":{"__uuid__":"25Yqr5f9xB37UaxeYdeeLs"},"fileId":"ee65rL6XFKKbehFbtys548"},"_contentSize":{"__type__":"cc.Size","width":119,"height":207},"_position":{"__type__":"cc.Vec3","x":-133,"y":210},"_scale":{"__type__":"cc.Vec3","x":1,"y":1,"z":1}},{"__type__":"cc.Node","_name":"item_21","_parent":{"__id__":20},"_level":3,"_components":[{"__type__":"cc.Sprite","node":{"__id__":23},"_spriteFrame":{"__uuid__":"16z3DY5xtDBq5eZCuNq4Pn"},"_sizeMode":2}],"_prefab":{"__type__":"cc.PrefabInfo","root":{"__id__":1},"asset":{"__uuid__":"25Yqr5f9xB37UaxeYdeeLs"},"fileId":"2e9viTCcNPzLxSKsgAybQy"},"_contentSize":{"__type__":"cc.Size","width":340,"height":394},"_position":{"__type__":"cc.Vec3","x":139,"y":327},"_scale":{"__type__":"cc.Vec3","x":1,"y":1,"z":1}},{"__type__":"cc.Node","_name":"item_23","_parent":{"__id__":20},"_level":3,"_components":[{"__type__":"cc.Sprite","node":{"__id__":24},"_spriteFrame":{"__uuid__":"07y5QpXtVGvZmfOAchjCjP"}}],"_prefab":{"__type__":"cc.PrefabInfo","root":{"__id__":1},"asset":{"__uuid__":"25Yqr5f9xB37UaxeYdeeLs"},"fileId":"bc156ddOBD7Kt3bGgM1xsW"},"_contentSize":{"__type__":"cc.Size","width":174,"height":233},"_position":{"__type__":"cc.Vec3","x":-267,"y":230},"_scale":{"__type__":"cc.Vec3","x":1,"y":1,"z":1}},{"__type__":"cc.Node","_name":"item_24_1","_parent":{"__id__":20},"_level":3,"_components":[{"__type__":"cc.Sprite","node":{"__id__":25},"_spriteFrame":{"__uuid__":"b5JT5S5jVMlZMQtCXbdwS8"}}],"_prefab":{"__type__":"cc.PrefabInfo","root":{"__id__":1},"asset":{"__uuid__":"25Yqr5f9xB37UaxeYdeeLs"},"fileId":"1a++M4HBFAWrnD88MOi7yI"},"_contentSize":{"__type__":"cc.Size","width":76,"height":36},"_position":{"__type__":"cc.Vec3","x":-226,"y":270},"_scale":{"__type__":"cc.Vec3","x":1,"y":1,"z":1}},{"__type__":"cc.Node","_name":"item_24_2","_parent":{"__id__":20},"_level":3,"_components":[{"__type__":"cc.Sprite","node":{"__id__":26},"_spriteFrame":{"__uuid__":"b5JT5S5jVMlZMQtCXbdwS8"}}],"_prefab":{"__type__":"cc.PrefabInfo","root":{"__id__":1},"asset":{"__uuid__":"25Yqr5f9xB37UaxeYdeeLs"},"fileId":"99ZwwcQAZPC4Ke5/WAAWp0"},"_contentSize":{"__type__":"cc.Size","width":76,"height":36},"_position":{"__type__":"cc.Vec3","x":-307,"y":270},"_scale":{"__type__":"cc.Vec3","x":-1,"y":1,"z":1}},{"__type__":"cc.Node","_name":"item_24_3","_parent":{"__id__":20},"_level":3,"_components":[{"__type__":"cc.Sprite","node":{"__id__":27},"_spriteFrame":{"__uuid__":"b5JT5S5jVMlZMQtCXbdwS8"}}],"_prefab":{"__type__":"cc.PrefabInfo","root":{"__id__":1},"asset":{"__uuid__":"25Yqr5f9xB37UaxeYdeeLs"},"fileId":"62syHF9IpANaj3+hl7vABj"},"_contentSize":{"__type__":"cc.Size","width":76,"height":36},"_position":{"__type__":"cc.Vec3","x":-226,"y":226},"_scale":{"__type__":"cc.Vec3","x":1,"y":1,"z":1}},{"__type__":"cc.Node","_name":"item_24_4","_parent":{"__id__":20},"_level":3,"_components":[{"__type__":"cc.Sprite","node":{"__id__":28},"_spriteFrame":{"__uuid__":"b5JT5S5jVMlZMQtCXbdwS8"}}],"_prefab":{"__type__":"cc.PrefabInfo","root":{"__id__":1},"asset":{"__uuid__":"25Yqr5f9xB37UaxeYdeeLs"},"fileId":"bajH98JllE+pLd8HlxYHF2"},"_contentSize":{"__type__":"cc.Size","width":76,"height":36},"_position":{"__type__":"cc.Vec3","x":-307,"y":226},"_scale":{"__type__":"cc.Vec3","x":-1,"y":1,"z":1}},{"__type__":"cc.Node","_name":"item_24_5","_parent":{"__id__":20},"_level":3,"_components":[{"__type__":"cc.Sprite","node":{"__id__":29},"_spriteFrame":{"__uuid__":"b5JT5S5jVMlZMQtCXbdwS8"}}],"_prefab":{"__type__":"cc.PrefabInfo","root":{"__id__":1},"asset":{"__uuid__":"25Yqr5f9xB37UaxeYdeeLs"},"fileId":"8fHo1cj6RI5oY1tIF1Cjsp"},"_contentSize":{"__type__":"cc.Size","width":76,"height":36},"_position":{"__type__":"cc.Vec3","x":-226,"y":182},"_scale":{"__type__":"cc.Vec3","x":1,"y":1,"z":1}},{"__type__":"cc.Node","_name":"item_24_6","_parent":{"__id__":20},"_level":3,"_components":[{"__type__":"cc.Sprite","node":{"__id__":30},"_spriteFrame":{"__uuid__":"b5JT5S5jVMlZMQtCXbdwS8"}}],"_prefab":{"__type__":"cc.PrefabInfo","root":{"__id__":1},"asset":{"__uuid__":"25Yqr5f9xB37UaxeYdeeLs"},"fileId":"00OADCv61Iio0jm4zb9hvz"},"_contentSize":{"__type__":"cc.Size","width":76,"height":36},"_position":{"__type__":"cc.Vec3","x":-307,"y":182},"_scale":{"__type__":"cc.Vec3","x":-1,"y":1,"z":1}},{"__type__":"cc.Node","_name":"item_25_1","_parent":{"__id__":20},"_active":false,"_level":3,"_components":[{"__type__":"cc.Sprite","node":{"__id__":31},"_spriteFrame":{"__uuid__":"a8F5Jq5jdJeYyDc67/W5dC"}}],"_prefab":{"__type__":"cc.PrefabInfo","root":{"__id__":1},"asset":{"__uuid__":"25Yqr5f9xB37UaxeYdeeLs"},"fileId":"6e/L56ZbtGBooN9SW4YSFA"},"_contentSize":{"__type__":"cc.Size","width":103,"height":31},"_position":{"__type__":"cc.Vec3","x":-299,"y":70},"_scale":{"__type__":"cc.Vec3","x":1,"y":1,"z":1}},{"__type__":"cc.Node","_name":"item_25_2","_parent":{"__id__":20},"_active":false,"_level":3,"_components":[{"__type__":"cc.Sprite","node":{"__id__":32},"_spriteFrame":{"__uuid__":"a8F5Jq5jdJeYyDc67/W5dC"}}],"_prefab":{"__type__":"cc.PrefabInfo","root":{"__id__":1},"asset":{"__uuid__":"25Yqr5f9xB37UaxeYdeeLs"},"fileId":"d1Y55jqn5IJ50bcZe6QGaT"},"_contentSize":{"__type__":"cc.Size","width":103,"height":31},"_position":{"__type__":"cc.Vec3","x":-229,"y":74},"_scale":{"__type__":"cc.Vec3","x":1,"y":1,"z":1}},{"__type__":"cc.Node","_name":"item_25_3","_parent":{"__id__":20},"_active":false,"_level":3,"_components":[{"__type__":"cc.Sprite","node":{"__id__":33},"_spriteFrame":{"__uuid__":"a8F5Jq5jdJeYyDc67/W5dC"}}],"_prefab":{"__type__":"cc.PrefabInfo","root":{"__id__":1},"asset":{"__uuid__":"25Yqr5f9xB37UaxeYdeeLs"},"fileId":"95UMRoidlKPJSVVMcDaB41"},"_contentSize":{"__type__":"cc.Size","width":103,"height":31},"_position":{"__type__":"cc.Vec3","x":-299,"y":94},"_scale":{"__type__":"cc.Vec3","x":1,"y":1,"z":1}},{"__type__":"cc.Node","_name":"item_25_4","_parent":{"__id__":20},"_active":false,"_level":3,"_components":[{"__type__":"cc.Sprite","node":{"__id__":34},"_spriteFrame":{"__uuid__":"a8F5Jq5jdJeYyDc67/W5dC"}}],"_prefab":{"__type__":"cc.PrefabInfo","root":{"__id__":1},"asset":{"__uuid__":"25Yqr5f9xB37UaxeYdeeLs"},"fileId":"65tsY4xgdNbYswrGz7a7b4"},"_contentSize":{"__type__":"cc.Size","width":103,"height":31},"_position":{"__type__":"cc.Vec3","x":-229,"y":98},"_scale":{"__type__":"cc.Vec3","x":1,"y":1,"z":1}},{"__type__":"cc.Node","_name":"item_25_5","_parent":{"__id__":20},"_active":false,"_level":3,"_components":[{"__type__":"cc.Sprite","node":{"__id__":35},"_spriteFrame":{"__uuid__":"a8F5Jq5jdJeYyDc67/W5dC"}}],"_prefab":{"__type__":"cc.PrefabInfo","root":{"__id__":1},"asset":{"__uuid__":"25Yqr5f9xB37UaxeYdeeLs"},"fileId":"5eHdrk6S1Hc70SXxKnJYgq"},"_contentSize":{"__type__":"cc.Size","width":103,"height":31},"_position":{"__type__":"cc.Vec3","x":-299,"y":84},"_scale":{"__type__":"cc.Vec3","x":1,"y":1,"z":1}},{"__type__":"cc.Node","_name":"item_25_6","_parent":{"__id__":20},"_active":false,"_level":3,"_components":[{"__type__":"cc.Sprite","node":{"__id__":36},"_spriteFrame":{"__uuid__":"a8F5Jq5jdJeYyDc67/W5dC"}}],"_prefab":{"__type__":"cc.PrefabInfo","root":{"__id__":1},"asset":{"__uuid__":"25Yqr5f9xB37UaxeYdeeLs"},"fileId":"bbE9OoZ0BF4ZbLN9LlGgCc"},"_contentSize":{"__type__":"cc.Size","width":103,"height":31},"_position":{"__type__":"cc.Vec3","x":-229,"y":90},"_scale":{"__type__":"cc.Vec3","x":1,"y":1,"z":1}},{"__type__":"cc.Node","_name":"item_26","_parent":{"__id__":20},"_level":3,"_components":[{"__type__":"cc.Sprite","node":{"__id__":37},"_spriteFrame":{"__uuid__":"d0TQh80eVOQYdRZmlh7VzP"}}],"_prefab":{"__type__":"cc.PrefabInfo","root":{"__id__":1},"asset":{"__uuid__":"25Yqr5f9xB37UaxeYdeeLs"},"fileId":"7fz3IjEulBhpLag+5upG/+"},"_contentSize":{"__type__":"cc.Size","width":444,"height":391},"_position":{"__type__":"cc.Vec3","x":143,"y":-68},"_scale":{"__type__":"cc.Vec3","x":1,"y":1,"z":1},"_rotationX":2,"_rotationY":2,"_quat":{"__type__":"cc.Quat","z":-0.01745240643728351,"w":0.9998476951563913}},{"__type__":"cc.Node","_name":"item_27","_parent":{"__id__":20},"_active":false,"_level":3,"_components":[{"__type__":"cc.Sprite","node":{"__id__":38},"_spriteFrame":{"__uuid__":"9auzSkFGpN+7Sh94bxoZZc"}}],"_prefab":{"__type__":"cc.PrefabInfo","root":{"__id__":1},"asset":{"__uuid__":"25Yqr5f9xB37UaxeYdeeLs"},"fileId":"605U93lH1P1rNjxAZK+TF4"},"_contentSize":{"__type__":"cc.Size","width":37,"height":16},"_position":{"__type__":"cc.Vec3","x":-313,"y":131},"_scale":{"__type__":"cc.Vec3","x":1,"y":1,"z":1}},{"__type__":"cc.Node","_name":"item_mask","_parent":{"__id__":20},"_children":[{"__id__":40},{"__id__":42},{"__id__":44},{"__id__":45},{"__id__":47},{"__id__":49}],"_level":3,"_components":[{"__type__":"cc.Mask","node":{"__id__":39}}],"_prefab":{"__type__":"cc.PrefabInfo","root":{"__id__":1},"asset":{"__uuid__":"25Yqr5f9xB37UaxeYdeeLs"},"fileId":"90aT9I3QxC5bqj/1qQJD68"},"_contentSize":{"__type__":"cc.Size","width":148,"height":334},"_position":{"__type__":"cc.Vec3","x":218,"y":324},"_scale":{"__type__":"cc.Vec3","x":1,"y":1,"z":1}},{"__type__":"cc.Node","_name":"item_28","_parent":{"__id__":39},"_children":[{"__id__":41}],"_level":4,"_components":[{"__type__":"cc.Sprite","node":{"__id__":40},"_spriteFrame":{"__uuid__":"cdekR+pHREvKaYSafUaxRT"},"_sizeMode":2}],"_prefab":{"__type__":"cc.PrefabInfo","root":{"__id__":1},"asset":{"__uuid__":"25Yqr5f9xB37UaxeYdeeLs"},"fileId":"19nK5e+L1Pbb2dxnwUIuzb"},"_opacity":0,"_contentSize":{"__type__":"cc.Size","width":142,"height":190},"_position":{"__type__":"cc.Vec3","x":-25,"y":-56},"_scale":{"__type__":"cc.Vec3","x":1,"y":0.4539905,"z":1},"_rotationX":2,"_rotationY":2,"_quat":{"__type__":"cc.Quat","z":-0.01745240643728351,"w":0.9998476951563913}},{"__type__":"cc.Node","_name":"img_student","_parent":{"__id__":40},"_level":5,"_components":[{"__type__":"cc.Sprite","node":{"__id__":41},"_spriteFrame":{"__uuid__":"267hmMWN5FxrXAonlZTjil"}}],"_prefab":{"__type__":"cc.PrefabInfo","root":{"__id__":1},"asset":{"__uuid__":"25Yqr5f9xB37UaxeYdeeLs"},"fileId":"f9Q6y2c0tF36MrRx6S1mxo"},"_contentSize":{"__type__":"cc.Size","width":109,"height":172},"_position":{"__type__":"cc.Vec3","x":58.894259799001475,"y":-11.061813001555493},"_scale":{"__type__":"cc.Vec3","x":0.9995164,"y":2.2078501642655515,"z":1},"_rotationX":-2,"_rotationY":-2,"_quat":{"__type__":"cc.Quat","z":0.01745240643728351,"w":0.9998476951563913}},{"__type__":"cc.Node","_name":"item_29","_parent":{"__id__":39},"_children":[{"__id__":43}],"_level":4,"_components":[{"__type__":"cc.Sprite","node":{"__id__":42},"_spriteFrame":{"__uuid__":"cdekR+pHREvKaYSafUaxRT"},"_sizeMode":2}],"_prefab":{"__type__":"cc.PrefabInfo","root":{"__id__":1},"asset":{"__uuid__":"25Yqr5f9xB37UaxeYdeeLs"},"fileId":"deUjab7PBMMZOmAnv3aet7"},"_opacity":0,"_contentSize":{"__type__":"cc.Size","width":142,"height":190},"_position":{"__type__":"cc.Vec3","x":-25,"y":-56},"_scale":{"__type__":"cc.Vec3","x":1,"y":0.4539905,"z":1},"_rotationX":2,"_rotationY":2,"_quat":{"__type__":"cc.Quat","z":-0.01745240643728351,"w":0.9998476951563913}},{"__type__":"cc.Node","_name":"img_student","_parent":{"__id__":42},"_level":5,"_components":[{"__type__":"cc.Sprite","node":{"__id__":43},"_spriteFrame":{"__uuid__":"267hmMWN5FxrXAonlZTjil"}}],"_prefab":{"__type__":"cc.PrefabInfo","root":{"__id__":1},"asset":{"__uuid__":"25Yqr5f9xB37UaxeYdeeLs"},"fileId":"784SzQBptCzaEE3xhYwGAj"},"_contentSize":{"__type__":"cc.Size","width":109,"height":172},"_position":{"__type__":"cc.Vec3","x":86.8942598,"y":-51.0618131},"_scale":{"__type__":"cc.Vec3","x":1,"y":2.2026893,"z":1},"_rotationX":-2,"_rotationY":-2,"_quat":{"__type__":"cc.Quat","z":0.01745240643728351,"w":0.9998476951563913}},{"__type__":"cc.Node","_name":"item_30","_parent":{"__id__":39},"_level":4,"_components":[{"__type__":"cc.Sprite","node":{"__id__":44},"_spriteFrame":{"__uuid__":"82T9xMNWtPeJh8RIL+WnZW"}}],"_prefab":{"__type__":"cc.PrefabInfo","root":{"__id__":1},"asset":{"__uuid__":"25Yqr5f9xB37UaxeYdeeLs"},"fileId":"ee4B+pDfRIErXAd+mocxyG"},"_opacity":0,"_contentSize":{"__type__":"cc.Size","width":146,"height":147},"_position":{"__type__":"cc.Vec3","x":-20,"y":-80},"_scale":{"__type__":"cc.Vec3","x":1,"y":1,"z":1}},{"__type__":"cc.Node","_name":"item_31","_parent":{"__id__":39},"_children":[{"__id__":46}],"_level":4,"_components":[{"__type__":"cc.Sprite","node":{"__id__":45},"_spriteFrame":{"__uuid__":"d0TQh80eVOQYdRZmlh7VzP"},"_sizeMode":2}],"_prefab":{"__type__":"cc.PrefabInfo","root":{"__id__":1},"asset":{"__uuid__":"25Yqr5f9xB37UaxeYdeeLs"},"fileId":"1fOeZCFTBOyqxzeH8Ya9w2"},"_opacity":0,"_contentSize":{"__type__":"cc.Size","width":444,"height":393},"_position":{"__type__":"cc.Vec3","x":-64,"y":-29},"_scale":{"__type__":"cc.Vec3","x":1,"y":0.4539905,"z":1},"_rotationX":8,"_rotationY":8,"_quat":{"__type__":"cc.Quat","z":-0.0697564737441253,"w":0.9975640502598242}},{"__type__":"cc.Node","_name":"img_student","_parent":{"__id__":45},"_level":5,"_components":[{"__type__":"cc.Sprite","node":{"__id__":46},"_spriteFrame":{"__uuid__":"b1xSFX4ZBPFJpd+qywCiBB"}}],"_prefab":{"__type__":"cc.PrefabInfo","root":{"__id__":1},"asset":{"__uuid__":"25Yqr5f9xB37UaxeYdeeLs"},"fileId":"3aJ4uE4V9JCoHli/bH6r2f"},"_contentSize":{"__type__":"cc.Size","width":111,"height":174},"_position":{"__type__":"cc.Vec3","x":93,"y":-35},"_scale":{"__type__":"cc.Vec3","x":1,"y":2.2026893,"z":1},"_rotationX":-2,"_rotationY":-2,"_quat":{"__type__":"cc.Quat","z":0.01745240643728351,"w":0.9998476951563913}},{"__type__":"cc.Node","_name":"item_32","_parent":{"__id__":39},"_children":[{"__id__":48}],"_level":4,"_components":[{"__type__":"cc.Sprite","node":{"__id__":47},"_spriteFrame":{"__uuid__":"d0TQh80eVOQYdRZmlh7VzP"},"_sizeMode":2}],"_prefab":{"__type__":"cc.PrefabInfo","root":{"__id__":1},"asset":{"__uuid__":"25Yqr5f9xB37UaxeYdeeLs"},"fileId":"13wREFVQhKJoaT4Fxt3PCr"},"_opacity":0,"_contentSize":{"__type__":"cc.Size","width":444,"height":393},"_position":{"__type__":"cc.Vec3","x":-64,"y":-29},"_scale":{"__type__":"cc.Vec3","x":1,"y":0.4539905,"z":1},"_rotationX":8,"_rotationY":8,"_quat":{"__type__":"cc.Quat","z":-0.0697564737441253,"w":0.9975640502598242}},{"__type__":"cc.Node","_name":"img_student","_parent":{"__id__":47},"_level":5,"_components":[{"__type__":"cc.Sprite","node":{"__id__":48},"_spriteFrame":{"__uuid__":"b1xSFX4ZBPFJpd+qywCiBB"}}],"_prefab":{"__type__":"cc.PrefabInfo","root":{"__id__":1},"asset":{"__uuid__":"25Yqr5f9xB37UaxeYdeeLs"},"fileId":"e027vFhXBEfLOVVIQ660QC"},"_contentSize":{"__type__":"cc.Size","width":111,"height":174},"_position":{"__type__":"cc.Vec3","x":137,"y":-72},"_scale":{"__type__":"cc.Vec3","x":1,"y":2.2026893,"z":1},"_rotationX":-2,"_rotationY":-2,"_quat":{"__type__":"cc.Quat","z":0.01745240643728351,"w":0.9998476951563913}},{"__type__":"cc.Node","_name":"item_33","_parent":{"__id__":39},"_level":4,"_components":[{"__type__":"cc.Sprite","node":{"__id__":49},"_spriteFrame":{"__uuid__":"d0TQh80eVOQYdRZmlh7VzP"},"_sizeMode":2}],"_prefab":{"__type__":"cc.PrefabInfo","root":{"__id__":1},"asset":{"__uuid__":"25Yqr5f9xB37UaxeYdeeLs"},"fileId":"61o/xEX7tJ55gsU8zXrJqZ"},"_opacity":0,"_contentSize":{"__type__":"cc.Size","width":444,"height":393},"_position":{"__type__":"cc.Vec3","x":-64,"y":-29},"_scale":{"__type__":"cc.Vec3","x":1,"y":0.4539905,"z":1},"_rotationX":20,"_rotationY":20,"_quat":{"__type__":"cc.Quat","z":-0.17364817766693033,"w":0.984807753012208}}]