[{"__type__":"cc.SpriteFrame","content":{"name":"img_hp_s_7","texture":"d9Ygu66wlAgZJTX3ZJFOVo","rect":[291,2,193,39],"offset":[0,0],"originalSize":[193,39]}},{"__type__":"cc.SpriteFrame","content":{"name":"img_hp_s_6","texture":"d9Ygu66wlAgZJTX3ZJFOVo","rect":[405,43,154,38],"offset":[0,0],"originalSize":[154,38]}},{"__type__":"cc.SpriteAtlas","_name":"hp_dialog.plist","_spriteFrames":{"img_hp_s_1":{"__uuid__":"a6LL5R+vhBjJpVLmoCaG4h"},"img_hp_s_2":{"__uuid__":"aa+fu7UoFIMJcFu9Ol2tui"},"img_hp_s_3":{"__uuid__":"a7wP0RzjdHDYqUgdsMBHBP"},"img_hp_s_4":{"__uuid__":"f4Kg3NQ/lNh7rM+rrlBisi"},"img_hp_s_5":{"__uuid__":"afttdT55xF4ab8DLqf9i6K"},"img_hp_s_6":{"__uuid__":"72SUSYvnJHjKclTBqVS0q+"},"img_hp_s_7":{"__uuid__":"0fUr8bRPFAYrh2Eh4nq10r"},"img_hp_s_8":{"__uuid__":"abyygl+BpCCqRCUfPZh/Eh"},"img_hp_s_9":{"__uuid__":"a33g6td6lDBI9tibWFkdk9"}}},{"__type__":"cc.SpriteFrame","content":{"name":"img_hp_s_9","texture":"d9Ygu66wlAgZJTX3ZJFOVo","rect":[486,2,39,39],"offset":[0,0],"originalSize":[39,39]}},{"__type__":"cc.SpriteFrame","content":{"name":"img_hp_s_1","texture":"d9Ygu66wlAgZJTX3ZJFOVo","rect":[152,86,37,41],"offset":[0,0],"originalSize":[37,41],"rotated":1}},{"__type__":"cc.SpriteFrame","content":{"name":"img_hp_s_3","texture":"d9Ygu66wlAgZJTX3ZJFOVo","rect":[405,83,146,35],"offset":[0,0],"originalSize":[146,35]}},{"__type__":"cc.SpriteFrame","content":{"name":"img_hp_s_2","texture":"d9Ygu66wlAgZJTX3ZJFOVo","rect":[195,86,71,35],"offset":[0,0],"originalSize":[71,35]}},{"__type__":"cc.SpriteFrame","content":{"name":"img_hp_s_8","texture":"d9Ygu66wlAgZJTX3ZJFOVo","rect":[291,43,80,112],"offset":[0,0],"originalSize":[80,112],"rotated":1}},{"__type__":"cc.SpriteFrame","content":{"name":"img_hp_s_5","texture":"d9Ygu66wlAgZJTX3ZJFOVo","rect":[2,2,287,82],"offset":[0,0],"originalSize":[287,82]}},{"__type__":"cc.SpriteFrame","content":{"name":"img_hp_s_4","texture":"d9Ygu66wlAgZJTX3ZJFOVo","rect":[2,86,148,35],"offset":[0,0],"originalSize":[148,35]}}]