[{"__type__":"cc.SpriteFrame","content":{"name":"roleb_12","texture":"84SeCKIqxJWpZl2Qe9hAWA","rect":[366,2,237,336],"offset":[0,0],"originalSize":[277,386],"rotated":1}},{"__type__":"cc.SpriteAtlas","_name":"roleb3_map.plist","_spriteFrames":{"roleb_10":{"__uuid__":"98m4uS6ApP5JIy4xM8kRSg"},"roleb_11":{"__uuid__":"a3N3Mgle9MDLfKIVh+lp9q"},"roleb_12":{"__uuid__":"4a6S2ZIdhD/ZTT2ycWJ854"},"roleb_9":{"__uuid__":"a5A83s3nhPfa/fnVRPr7j7"}}},{"__type__":"cc.SpriteFrame","content":{"name":"roleb_10","texture":"84SeCKIqxJWpZl2Qe9hAWA","rect":[2,241,261,382],"offset":[-1,0],"originalSize":[277,386],"rotated":1}},{"__type__":"cc.SpriteFrame","content":{"name":"roleb_11","texture":"84SeCKIqxJWpZl2Qe9hAWA","rect":[2,2,235,362],"offset":[-1,0],"originalSize":[277,386],"rotated":1}},{"__type__":"cc.SpriteFrame","content":{"name":"roleb_9","texture":"84SeCKIqxJWpZl2Qe9hAWA","rect":[386,241,263,372],"offset":[-1,0],"originalSize":[277,386],"rotated":1}}]