[{"__type__":"cc.SpriteAtlas","_name":"check_dialog.plist","_spriteFrames":{"check_txt":{"__uuid__":"ebnkGi/dFNFLNJcxvreSAz"},"continue_txt":{"__uuid__":"absXYyWJNOU4EGoX40Y8H2"},"new_game_txt":{"__uuid__":"a3h9iTxhxBP499L0YoKdOF"}}},{"__type__":"cc.SpriteFrame","content":{"name":"new_game_txt","texture":"0d/5vqOvdFBbfPMni2fVb8","rect":[388,2,149,37],"offset":[0,0],"originalSize":[149,37]}},{"__type__":"cc.SpriteFrame","content":{"name":"continue_txt","texture":"0d/5vqOvdFBbfPMni2fVb8","rect":[539,2,149,37],"offset":[0,0],"originalSize":[149,37]}},{"__type__":"cc.SpriteFrame","content":{"name":"check_txt","texture":"0d/5vqOvdFBbfPMni2fVb8","rect":[2,2,384,40],"offset":[0,0],"originalSize":[384,40]}}]