[{"__type__":"cc.SpriteFrame","content":{"name":"roleb_7","texture":"2dzPetW3tCFbbLolmkcbpr","rect":[2,2,197,344],"offset":[-1,0],"originalSize":[277,386],"rotated":1}},{"__type__":"cc.SpriteFrame","content":{"name":"roleb_8","texture":"2dzPetW3tCFbbLolmkcbpr","rect":[366,215,263,364],"offset":[0,0],"originalSize":[277,386],"rotated":1}},{"__type__":"cc.SpriteAtlas","_name":"roleb2_map.plist","_spriteFrames":{"roleb_5":{"__uuid__":"b6oDL+yyhGQYgIILOJAt8L"},"roleb_6":{"__uuid__":"c2IFb4G5NARIG8asAN+Uob"},"roleb_7":{"__uuid__":"15aWQmmBRDZKe0V2P8xuBv"},"roleb_8":{"__uuid__":"69+hRBDrNJ65fBrvVlELv9"}}},{"__type__":"cc.SpriteFrame","content":{"name":"roleb_5","texture":"2dzPetW3tCFbbLolmkcbpr","rect":[2,215,211,362],"offset":[2,-4],"originalSize":[277,386],"rotated":1}},{"__type__":"cc.SpriteFrame","content":{"name":"roleb_6","texture":"2dzPetW3tCFbbLolmkcbpr","rect":[348,2,211,362],"offset":[2,-4],"originalSize":[277,386],"rotated":1}}]