[{"__type__":"cc.BitmapFont","_name":"fnt_3","spriteFrame":{"__uuid__":"cbSAAjhF5OWbbzMkPmN/nR"},"fontSize":32,"_fntConfig":{"commonHeight":32,"fontSize":32,"atlasName":"fnt_3.png","fontDefDictionary":{"9":{"rect":{"x":0,"y":0,"width":0,"height":0},"xOffset":0,"yOffset":0,"xAdvance":80},"32":{"rect":{"x":0,"y":0,"width":0,"height":0},"xOffset":0,"yOffset":0,"xAdvance":10},"48":{"rect":{"x":44,"y":30,"width":21,"height":30},"xOffset":0,"yOffset":2,"xAdvance":23},"49":{"rect":{"x":87,"y":31,"width":12,"height":29},"xOffset":0,"yOffset":2,"xAdvance":14},"50":{"rect":{"x":45,"y":0,"width":20,"height":29},"xOffset":0,"yOffset":2,"xAdvance":22},"51":{"rect":{"x":66,"y":31,"width":20,"height":30},"xOffset":0,"yOffset":2,"xAdvance":22},"52":{"rect":{"x":0,"y":0,"width":22,"height":29},"xOffset":0,"yOffset":2,"xAdvance":24},"53":{"rect":{"x":87,"y":0,"width":20,"height":30},"xOffset":0,"yOffset":2,"xAdvance":22},"54":{"rect":{"x":66,"y":0,"width":20,"height":30},"xOffset":0,"yOffset":2,"xAdvance":22},"55":{"rect":{"x":23,"y":0,"width":21,"height":29},"xOffset":0,"yOffset":2,"xAdvance":23},"56":{"rect":{"x":22,"y":30,"width":21,"height":30},"xOffset":0,"yOffset":2,"xAdvance":23},"57":{"rect":{"x":0,"y":30,"width":21,"height":30},"xOffset":0,"yOffset":2,"xAdvance":23}},"kerningDict":{}}},{"__type__":"cc.SpriteFrame","content":{"name":"fnt_3","texture":"364VGSdARHk67mklXEWT/o","rect":[0,0,107,61],"offset":[-10.5,1.5],"originalSize":[128,64]}}]