[{"__type__":"cc.Prefab","_name":"PlayDescDialog","data":{"__id__":1}},{"__type__":"cc.Node","_name":"play_desc_dialog","_children":[{"__id__":2},{"__id__":3},{"__id__":29},{"__id__":30},{"__id__":31},{"__id__":32}],"_level":1,"_components":[{"__type__":"cc.Widget","node":{"__id__":1},"_alignFlags":45,"_originalWidth":750,"_originalHeight":1334},{"__type__":"125347WNQJK9brQoFBKBJsF","node":{"__id__":1},"args":{},"pan_mask":{"__id__":2},"boy_1":{"__id__":8},"boy_2":{"__id__":10},"boy_3":{"__id__":12},"finger":{"__id__":27},"arrow":{"__id__":28},"get_btn":{"__id__":30},"next_btn":{"__id__":31},"play_desc":{"__id__":29},"particle_node":{"__id__":32}}],"_prefab":{"__type__":"cc.PrefabInfo","root":{"__id__":1},"asset":{"__uuid__":"f5ewQIaf5ER4xMQTelQhnr"},"fileId":"e5UKqe25tHw4lDjLotWmwl"},"_contentSize":{"__type__":"cc.Size","width":720,"height":1280},"_position":{"__type__":"cc.Vec3","x":360,"y":640},"_scale":{"__type__":"cc.Vec3","x":1,"y":1,"z":1}},{"__type__":"cc.Node","_name":"pan_mask","_parent":{"__id__":1},"_level":2,"_components":[{"__type__":"cc.Sprite","node":{"__id__":2},"_spriteFrame":{"__uuid__":"a2MjXRFdtLlYQ5ouAFv/+R"},"_sizeMode":0},{"__type__":"cc.Widget","node":{"__id__":2},"_target":{"__id__":1},"_alignFlags":45,"_originalWidth":720,"_originalHeight":1280}],"_prefab":{"__type__":"cc.PrefabInfo","root":{"__id__":1},"asset":{"__uuid__":"f5ewQIaf5ER4xMQTelQhnr"},"fileId":"cc5b6TK3hP7YScZFPMK4sH"},"_opacity":200,"_color":{"__type__":"cc.Color"},"_contentSize":{"__type__":"cc.Size","width":720,"height":1280},"_scale":{"__type__":"cc.Vec3","x":1,"y":1,"z":1}},{"__type__":"cc.Node","_name":"play_desc_bg","_parent":{"__id__":1},"_children":[{"__id__":4},{"__id__":5},{"__id__":6},{"__id__":7},{"__id__":9},{"__id__":11},{"__id__":13},{"__id__":26},{"__id__":28}],"_level":2,"_components":[{"__type__":"cc.Sprite","node":{"__id__":3},"_spriteFrame":{"__uuid__":"c9vUjHbp1OBaw3qxzt11h9"}}],"_prefab":{"__type__":"cc.PrefabInfo","root":{"__id__":1},"asset":{"__uuid__":"f5ewQIaf5ER4xMQTelQhnr"},"fileId":"db2mOYCHxMLbr/Hgi/bDhs"},"_contentSize":{"__type__":"cc.Size","width":666,"height":829},"_position":{"__type__":"cc.Vec3","y":101},"_scale":{"__type__":"cc.Vec3","x":1,"y":1,"z":1}},{"__type__":"cc.Node","_name":"txt","_parent":{"__id__":3},"_level":3,"_components":[{"__type__":"cc.Label","node":{"__id__":4},"_srcBlendFactor":1,"_useOriginalSize":false,"_string":"”推动“两个相同的等级，合并成一个更高级的等级","_N$string":"”推动“两个相同的等级，合并成一个更高级的等级","_fontSize":28,"_lineHeight":30,"_N$horizontalAlign":1,"_N$verticalAlign":1}],"_prefab":{"__type__":"cc.PrefabInfo","root":{"__id__":1},"asset":{"__uuid__":"f5ewQIaf5ER4xMQTelQhnr"},"fileId":"c0OGTvk/pHfJktysM+8HWQ"},"_contentSize":{"__type__":"cc.Size","width":606.65,"height":30},"_position":{"__type__":"cc.Vec3","y":270},"_scale":{"__type__":"cc.Vec3","x":1,"y":1,"z":1}},{"__type__":"cc.Node","_name":"play_desc_bg1","_parent":{"__id__":3},"_level":3,"_components":[{"__type__":"cc.Sprite","node":{"__id__":5},"_spriteFrame":{"__uuid__":"a9m3iv1nhFso+WwUDDD/yB"}}],"_prefab":{"__type__":"cc.PrefabInfo","root":{"__id__":1},"asset":{"__uuid__":"f5ewQIaf5ER4xMQTelQhnr"},"fileId":"59Dsx7zshB47JPD7A0lWon"},"_contentSize":{"__type__":"cc.Size","width":600,"height":421},"_position":{"__type__":"cc.Vec3","y":28},"_scale":{"__type__":"cc.Vec3","x":1,"y":1,"z":1}},{"__type__":"cc.Node","_name":"play_desc_tltie","_parent":{"__id__":3},"_level":3,"_components":[{"__type__":"cc.Sprite","node":{"__id__":6},"_spriteFrame":{"__uuid__":"0bnHACNQZAjqFllYFNJVyU"}}],"_prefab":{"__type__":"cc.PrefabInfo","root":{"__id__":1},"asset":{"__uuid__":"f5ewQIaf5ER4xMQTelQhnr"},"fileId":"7bAyKwXWRFV5cdbxKGqIzR"},"_contentSize":{"__type__":"cc.Size","width":200,"height":52},"_position":{"__type__":"cc.Vec3","y":367},"_scale":{"__type__":"cc.Vec3","x":1,"y":1,"z":1}},{"__type__":"cc.Node","_name":"boy_1","_parent":{"__id__":3},"_level":3,"_components":[{"__id__":8}],"_prefab":{"__type__":"cc.PrefabInfo","root":{"__id__":1},"asset":{"__uuid__":"f5ewQIaf5ER4xMQTelQhnr"},"fileId":"95K/WRPIJOgZFgtbVI98fd"},"_contentSize":{"__type__":"cc.Size","width":65,"height":111},"_position":{"__type__":"cc.Vec3","x":-159,"y":44},"_scale":{"__type__":"cc.Vec3","x":1,"y":1,"z":1}},{"__type__":"cc.Sprite","node":{"__id__":7},"_spriteFrame":{"__uuid__":"dbYWiraR5GgZ9Ea4wI3n2B"}},{"__type__":"cc.Node","_name":"boy_2","_parent":{"__id__":3},"_level":3,"_components":[{"__id__":10}],"_prefab":{"__type__":"cc.PrefabInfo","root":{"__id__":1},"asset":{"__uuid__":"f5ewQIaf5ER4xMQTelQhnr"},"fileId":"5cKrhW+3VPb4z5ZFgIIXcX"},"_contentSize":{"__type__":"cc.Size","width":65,"height":111},"_position":{"__type__":"cc.Vec3","x":-73,"y":95},"_scale":{"__type__":"cc.Vec3","x":1,"y":1,"z":1}},{"__type__":"cc.Sprite","node":{"__id__":9},"_spriteFrame":{"__uuid__":"dbYWiraR5GgZ9Ea4wI3n2B"}},{"__type__":"cc.Node","_name":"boy_3","_parent":{"__id__":3},"_active":false,"_level":3,"_components":[{"__id__":12}],"_prefab":{"__type__":"cc.PrefabInfo","root":{"__id__":1},"asset":{"__uuid__":"f5ewQIaf5ER4xMQTelQhnr"},"fileId":"c1o9k943BIzK9OyfIiWLi4"},"_contentSize":{"__type__":"cc.Size","width":75,"height":107},"_position":{"__type__":"cc.Vec3","x":84,"y":182},"_scale":{"__type__":"cc.Vec3","x":1,"y":1,"z":1}},{"__type__":"cc.Sprite","node":{"__id__":11},"_spriteFrame":{"__uuid__":"3avPjczqlHuLWNKzrG4XQG"}},{"__type__":"cc.Node","_name":"boy_show","_parent":{"__id__":3},"_children":[{"__id__":14},{"__id__":16},{"__id__":18},{"__id__":20},{"__id__":21},{"__id__":22},{"__id__":23},{"__id__":24},{"__id__":25}],"_level":3,"_components":[{"__type__":"cc.Sprite","node":{"__id__":13},"_type":1,"_sizeMode":0},{"__type__":"cc.Layout","node":{"__id__":13},"_layoutSize":{"__type__":"cc.Size","width":600,"height":250}}],"_prefab":{"__type__":"cc.PrefabInfo","root":{"__id__":1},"asset":{"__uuid__":"f5ewQIaf5ER4xMQTelQhnr"},"fileId":"6dHJOa7mBKWqMXLcxBmOCM"},"_contentSize":{"__type__":"cc.Size","width":600,"height":250},"_position":{"__type__":"cc.Vec3","x":-10,"y":-222},"_scale":{"__type__":"cc.Vec3","x":1,"y":1,"z":1}},{"__type__":"cc.Node","_name":"boy1","_parent":{"__id__":13},"_children":[{"__id__":15}],"_level":4,"_components":[{"__type__":"cc.Sprite","node":{"__id__":14},"_spriteFrame":{"__uuid__":"besVIyqU1N+7caQ1NKiUqx"}}],"_prefab":{"__type__":"cc.PrefabInfo","root":{"__id__":1},"asset":{"__uuid__":"f5ewQIaf5ER4xMQTelQhnr"},"fileId":"d0Y64ALKhGtZugjv9to25N"},"_contentSize":{"__type__":"cc.Size","width":142,"height":121},"_position":{"__type__":"cc.Vec3","x":-230,"y":-18},"_scale":{"__type__":"cc.Vec3","x":1,"y":1,"z":1}},{"__type__":"cc.Node","_name":"boy","_parent":{"__id__":14},"_level":4,"_components":[{"__type__":"cc.Sprite","node":{"__id__":15},"_spriteFrame":{"__uuid__":"dbYWiraR5GgZ9Ea4wI3n2B"}}],"_prefab":{"__type__":"cc.PrefabInfo","root":{"__id__":1},"asset":{"__uuid__":"f5ewQIaf5ER4xMQTelQhnr"},"fileId":"27rvI2d51L6Il7wk2yj3jS"},"_contentSize":{"__type__":"cc.Size","width":65,"height":111},"_position":{"__type__":"cc.Vec3","x":-1,"y":55},"_scale":{"__type__":"cc.Vec3","x":1,"y":1,"z":1}},{"__type__":"cc.Node","_name":"boy2","_parent":{"__id__":13},"_children":[{"__id__":17}],"_level":4,"_components":[{"__type__":"cc.Sprite","node":{"__id__":16},"_spriteFrame":{"__uuid__":"besVIyqU1N+7caQ1NKiUqx"}}],"_prefab":{"__type__":"cc.PrefabInfo","root":{"__id__":1},"asset":{"__uuid__":"f5ewQIaf5ER4xMQTelQhnr"},"fileId":"f0NQ5CCVpH9b+hHaqvR9i1"},"_contentSize":{"__type__":"cc.Size","width":142,"height":121},"_position":{"__type__":"cc.Vec3","x":-6,"y":-18},"_scale":{"__type__":"cc.Vec3","x":1,"y":1,"z":1}},{"__type__":"cc.Node","_name":"boy","_parent":{"__id__":16},"_level":4,"_components":[{"__type__":"cc.Sprite","node":{"__id__":17},"_spriteFrame":{"__uuid__":"dbYWiraR5GgZ9Ea4wI3n2B"}}],"_prefab":{"__type__":"cc.PrefabInfo","root":{"__id__":1},"asset":{"__uuid__":"f5ewQIaf5ER4xMQTelQhnr"},"fileId":"f36xfr50dOjrjSJx7f/c/T"},"_contentSize":{"__type__":"cc.Size","width":65,"height":111},"_position":{"__type__":"cc.Vec3","x":-1,"y":58},"_scale":{"__type__":"cc.Vec3","x":1,"y":1,"z":1}},{"__type__":"cc.Node","_name":"boy3","_parent":{"__id__":13},"_children":[{"__id__":19}],"_level":4,"_components":[{"__type__":"cc.Sprite","node":{"__id__":18},"_spriteFrame":{"__uuid__":"besVIyqU1N+7caQ1NKiUqx"}}],"_prefab":{"__type__":"cc.PrefabInfo","root":{"__id__":1},"asset":{"__uuid__":"f5ewQIaf5ER4xMQTelQhnr"},"fileId":"8f4EG/U3dKObklcyGIMbA+"},"_contentSize":{"__type__":"cc.Size","width":142,"height":121},"_position":{"__type__":"cc.Vec3","x":220,"y":-18},"_scale":{"__type__":"cc.Vec3","x":1,"y":1,"z":1}},{"__type__":"cc.Node","_name":"boy","_parent":{"__id__":18},"_level":4,"_components":[{"__type__":"cc.Sprite","node":{"__id__":19},"_spriteFrame":{"__uuid__":"3avPjczqlHuLWNKzrG4XQG"}}],"_prefab":{"__type__":"cc.PrefabInfo","root":{"__id__":1},"asset":{"__uuid__":"f5ewQIaf5ER4xMQTelQhnr"},"fileId":"9eajrWxAtDeLExCbmCBbd1"},"_contentSize":{"__type__":"cc.Size","width":75,"height":107},"_position":{"__type__":"cc.Vec3","x":-1,"y":58},"_scale":{"__type__":"cc.Vec3","x":1,"y":1,"z":1}},{"__type__":"cc.Node","_name":"add","_parent":{"__id__":13},"_level":4,"_components":[{"__type__":"cc.Label","node":{"__id__":20},"_srcBlendFactor":1,"_useOriginalSize":false,"_string":"+","_N$string":"+","_N$horizontalAlign":1,"_N$verticalAlign":1}],"_prefab":{"__type__":"cc.PrefabInfo","root":{"__id__":1},"asset":{"__uuid__":"f5ewQIaf5ER4xMQTelQhnr"},"fileId":"1batcgzkxK0rHUNjDY7hHb"},"_contentSize":{"__type__":"cc.Size","width":23.36,"height":40},"_position":{"__type__":"cc.Vec3","x":-119,"y":-5},"_scale":{"__type__":"cc.Vec3","x":1,"y":1,"z":1}},{"__type__":"cc.Node","_name":"equals","_parent":{"__id__":13},"_level":4,"_components":[{"__type__":"cc.Label","node":{"__id__":21},"_srcBlendFactor":1,"_useOriginalSize":false,"_string":"=","_N$string":"=","_N$horizontalAlign":1,"_N$verticalAlign":1}],"_prefab":{"__type__":"cc.PrefabInfo","root":{"__id__":1},"asset":{"__uuid__":"f5ewQIaf5ER4xMQTelQhnr"},"fileId":"3eff8SfPlJ5qKVB4+OGi+L"},"_contentSize":{"__type__":"cc.Size","width":23.36,"height":40},"_position":{"__type__":"cc.Vec3","x":106,"y":-2},"_scale":{"__type__":"cc.Vec3","x":1,"y":1,"z":1}},{"__type__":"cc.Node","_name":"show_txt","_parent":{"__id__":13},"_level":4,"_components":[{"__type__":"cc.Label","node":{"__id__":22},"_srcBlendFactor":1,"_useOriginalSize":false,"_string":"每次合成人物等级+1","_N$string":"每次合成人物等级+1","_fontSize":28,"_N$horizontalAlign":1,"_N$verticalAlign":1}],"_prefab":{"__type__":"cc.PrefabInfo","root":{"__id__":1},"asset":{"__uuid__":"f5ewQIaf5ER4xMQTelQhnr"},"fileId":"06Sg0wzTpCyaAtMrxat7Xk"},"_contentSize":{"__type__":"cc.Size","width":255.92,"height":40},"_position":{"__type__":"cc.Vec3","x":2,"y":-163},"_scale":{"__type__":"cc.Vec3","x":1,"y":1,"z":1}},{"__type__":"cc.Node","_name":"txt1","_parent":{"__id__":13},"_level":4,"_components":[{"__type__":"cc.Label","node":{"__id__":23},"_srcBlendFactor":1,"_useOriginalSize":false,"_string":"1","_N$string":"1","_N$horizontalAlign":1,"_N$verticalAlign":1}],"_prefab":{"__type__":"cc.PrefabInfo","root":{"__id__":1},"asset":{"__uuid__":"f5ewQIaf5ER4xMQTelQhnr"},"fileId":"42BzrQ/yVLzpO1DSegRXpG"},"_contentSize":{"__type__":"cc.Size","width":22.25,"height":40},"_position":{"__type__":"cc.Vec3","x":-232,"y":-104},"_scale":{"__type__":"cc.Vec3","x":1,"y":1,"z":1}},{"__type__":"cc.Node","_name":"txt2","_parent":{"__id__":13},"_level":4,"_components":[{"__type__":"cc.Label","node":{"__id__":24},"_srcBlendFactor":1,"_useOriginalSize":false,"_string":"1","_N$string":"1","_N$horizontalAlign":1,"_N$verticalAlign":1}],"_prefab":{"__type__":"cc.PrefabInfo","root":{"__id__":1},"asset":{"__uuid__":"f5ewQIaf5ER4xMQTelQhnr"},"fileId":"dcHpwvJGBPH6CjJ8xmb9mk"},"_contentSize":{"__type__":"cc.Size","width":22.25,"height":40},"_position":{"__type__":"cc.Vec3","x":-8,"y":-104},"_scale":{"__type__":"cc.Vec3","x":1,"y":1,"z":1}},{"__type__":"cc.Node","_name":"txt3","_parent":{"__id__":13},"_level":4,"_components":[{"__type__":"cc.Label","node":{"__id__":25},"_srcBlendFactor":1,"_useOriginalSize":false,"_string":"2","_N$string":"2","_N$horizontalAlign":1,"_N$verticalAlign":1}],"_prefab":{"__type__":"cc.PrefabInfo","root":{"__id__":1},"asset":{"__uuid__":"f5ewQIaf5ER4xMQTelQhnr"},"fileId":"97uMJ3z3xG0qJBM4iMF7Df"},"_contentSize":{"__type__":"cc.Size","width":22.25,"height":40},"_position":{"__type__":"cc.Vec3","x":220,"y":-104},"_scale":{"__type__":"cc.Vec3","x":1,"y":1,"z":1}},{"__type__":"cc.Node","_name":"finger","_parent":{"__id__":3},"_level":3,"_components":[{"__id__":27}],"_prefab":{"__type__":"cc.PrefabInfo","root":{"__id__":1},"asset":{"__uuid__":"f5ewQIaf5ER4xMQTelQhnr"},"fileId":"f8QiUYqCVATZf6+fw6YCsh"},"_contentSize":{"__type__":"cc.Size","width":57,"height":56},"_position":{"__type__":"cc.Vec3","y":-90},"_scale":{"__type__":"cc.Vec3","x":1,"y":1,"z":1}},{"__type__":"cc.Sprite","node":{"__id__":26},"_spriteFrame":{"__uuid__":"b2q6jfREJJJ6kNSx1WodNj"}},{"__type__":"cc.Node","_name":"arrow","_parent":{"__id__":3},"_level":3,"_components":[{"__type__":"cc.Sprite","node":{"__id__":28},"_spriteFrame":{"__uuid__":"d7fKSE0eJFG7DJ9kW/78TA"}}],"_prefab":{"__type__":"cc.PrefabInfo","root":{"__id__":1},"asset":{"__uuid__":"f5ewQIaf5ER4xMQTelQhnr"},"fileId":"10WrtaJXhBkZQwaE1A1oYZ"},"_contentSize":{"__type__":"cc.Size","width":202,"height":145},"_position":{"__type__":"cc.Vec3","x":25,"y":-2},"_scale":{"__type__":"cc.Vec3","x":1,"y":1,"z":1}},{"__type__":"cc.Node","_name":"play_desc","_parent":{"__id__":1},"_active":false,"_level":2,"_components":[{"__type__":"cc.Sprite","node":{"__id__":29},"_spriteFrame":{"__uuid__":"4b4jFT1kBK95+0RJEvdgxY"}}],"_prefab":{"__type__":"cc.PrefabInfo","root":{"__id__":1},"asset":{"__uuid__":"f5ewQIaf5ER4xMQTelQhnr"},"fileId":"19t7c9Qi5PMq6cdKx6pI5R"},"_contentSize":{"__type__":"cc.Size","width":666,"height":829},"_position":{"__type__":"cc.Vec3","y":101},"_scale":{"__type__":"cc.Vec3","x":1,"y":1,"z":1}},{"__type__":"cc.Node","_name":"get_btn","_parent":{"__id__":1},"_active":false,"_level":2,"_components":[{"__type__":"cc.Sprite","node":{"__id__":30},"_spriteFrame":{"__uuid__":"b7Q8Enr/VPV7vzPNC2a7jx"}}],"_prefab":{"__type__":"cc.PrefabInfo","root":{"__id__":1},"asset":{"__uuid__":"f5ewQIaf5ER4xMQTelQhnr"},"fileId":"16ybQlGEVM8LdFrNMkVCvM"},"_contentSize":{"__type__":"cc.Size","width":240,"height":85},"_position":{"__type__":"cc.Vec3","y":-395},"_scale":{"__type__":"cc.Vec3","x":1,"y":1,"z":1}},{"__type__":"cc.Node","_name":"next_btn","_parent":{"__id__":1},"_level":2,"_components":[{"__type__":"cc.Sprite","node":{"__id__":31},"_spriteFrame":{"__uuid__":"49jqkLEjVIwLQEB4uPzvGt"}}],"_prefab":{"__type__":"cc.PrefabInfo","root":{"__id__":1},"asset":{"__uuid__":"f5ewQIaf5ER4xMQTelQhnr"},"fileId":"88132BIlFIJqQKQQSrtVzF"},"_contentSize":{"__type__":"cc.Size","width":240,"height":85},"_position":{"__type__":"cc.Vec3","y":-395},"_scale":{"__type__":"cc.Vec3","x":1,"y":1,"z":1}},{"__type__":"cc.Node","_name":"particle_node","_parent":{"__id__":1},"_level":2,"_components":[{"__type__":"cc.ParticleSystem","node":{"__id__":32},"_srcBlendFactor":1,"_file":{"__uuid__":"1fS9zq301LPoKqJc8htMeY"},"playOnLoad":false,"totalParticles":81,"duration":0.12,"emissionRate":null,"life":0,"lifeVar":1.3,"_startColor":{"__type__":"cc.Color","r":255,"g":255,"b":255},"_startColorVar":{"__type__":"cc.Color","a":0},"_endColor":{"__type__":"cc.Color","r":255,"g":255,"b":255},"_endColorVar":{"__type__":"cc.Color","a":0},"angle":0,"angleVar":360,"startSize":29,"startSizeVar":74,"startSpin":168,"startSpinVar":585,"gravity":{"__type__":"cc.Vec2","y":-651},"speed":413.44,"speedVar":226.61,"tangentialAccel":0}],"_prefab":{"__type__":"cc.PrefabInfo","root":{"__id__":1},"asset":{"__uuid__":"f5ewQIaf5ER4xMQTelQhnr"},"fileId":"9b0PhmsmVHVYjMZ6wxXFf3"},"_position":{"__type__":"cc.Vec3","x":533,"y":-229},"_scale":{"__type__":"cc.Vec3","x":0.2,"y":0.2,"z":1}}]