[{"__type__":"cc.Prefab","_name":"GameLevel8","data":{"__id__":1}},{"__type__":"cc.Node","_name":"GameLevel8","_children":[{"__id__":2},{"__id__":19}],"_level":1,"_prefab":{"__type__":"cc.PrefabInfo","root":{"__id__":1},"asset":{"__uuid__":"8898D12NpCx4xyGlnLMWAD"},"fileId":"e5UKqe25tHw4lDjLotWmwl"},"_contentSize":{"__type__":"cc.Size","width":720,"height":1280},"_scale":{"__type__":"cc.Vec3","x":1,"y":1,"z":1}},{"__type__":"cc.Node","_name":"page_1","_parent":{"__id__":1},"_children":[{"__id__":3},{"__id__":4},{"__id__":5},{"__id__":6},{"__id__":7},{"__id__":8},{"__id__":9},{"__id__":10},{"__id__":11},{"__id__":12},{"__id__":13},{"__id__":14},{"__id__":15},{"__id__":16},{"__id__":17},{"__id__":18}],"_level":2,"_prefab":{"__type__":"cc.PrefabInfo","root":{"__id__":1},"asset":{"__uuid__":"8898D12NpCx4xyGlnLMWAD"},"fileId":"c8cSdsDZlA7L7G2hwVrUVA"},"_contentSize":{"__type__":"cc.Size","width":720,"height":1280},"_scale":{"__type__":"cc.Vec3","x":1,"y":1,"z":1}},{"__type__":"cc.Node","_name":"bg","_parent":{"__id__":2},"_level":3,"_components":[{"__type__":"cc.Sprite","node":{"__id__":3},"_spriteFrame":{"__uuid__":"2bB3xAnBRL8b1T+LH6w2yz"}}],"_prefab":{"__type__":"cc.PrefabInfo","root":{"__id__":1},"asset":{"__uuid__":"8898D12NpCx4xyGlnLMWAD"},"fileId":"d3DyZ5AnBEh4IuSMJKjQmk"},"_contentSize":{"__type__":"cc.Size","width":720,"height":1280},"_scale":{"__type__":"cc.Vec3","x":1,"y":1,"z":1}},{"__type__":"cc.Node","_name":"n_door","_parent":{"__id__":2},"_level":3,"_components":[{"__type__":"cc.Sprite","node":{"__id__":4},"_spriteFrame":{"__uuid__":"a2MjXRFdtLlYQ5ouAFv/+R"},"_sizeMode":0}],"_prefab":{"__type__":"cc.PrefabInfo","root":{"__id__":1},"asset":{"__uuid__":"8898D12NpCx4xyGlnLMWAD"},"fileId":"37oCcwCvFANJb0wpzvvPYP"},"_opacity":0,"_color":{"__type__":"cc.Color","r":255},"_contentSize":{"__type__":"cc.Size","width":185,"height":361},"_position":{"__type__":"cc.Vec3","x":-267,"y":208},"_scale":{"__type__":"cc.Vec3","x":1,"y":1,"z":1}},{"__type__":"cc.Node","_name":"img_bookcase","_parent":{"__id__":2},"_level":3,"_components":[{"__type__":"cc.Sprite","node":{"__id__":5},"_spriteFrame":{"__uuid__":"21dD4h5y1BzbiJshGz3a0S"}}],"_prefab":{"__type__":"cc.PrefabInfo","root":{"__id__":1},"asset":{"__uuid__":"8898D12NpCx4xyGlnLMWAD"},"fileId":"7f04IhLPBCWpkuTOFoSezr"},"_contentSize":{"__type__":"cc.Size","width":86,"height":115},"_position":{"__type__":"cc.Vec3","x":318,"y":275},"_scale":{"__type__":"cc.Vec3","x":1,"y":1,"z":1}},{"__type__":"cc.Node","_name":"img_blackbood","_parent":{"__id__":2},"_level":3,"_components":[{"__type__":"cc.Sprite","node":{"__id__":6},"_spriteFrame":{"__uuid__":"9arJfLtwRA7oU5tF0TmQF5"}}],"_prefab":{"__type__":"cc.PrefabInfo","root":{"__id__":1},"asset":{"__uuid__":"8898D12NpCx4xyGlnLMWAD"},"fileId":"15TlbW5j9CN47wCfRhCskT"},"_contentSize":{"__type__":"cc.Size","width":397,"height":226},"_position":{"__type__":"cc.Vec3","x":58,"y":290},"_scale":{"__type__":"cc.Vec3","x":1,"y":1,"z":1}},{"__type__":"cc.Node","_name":"img_bell","_parent":{"__id__":2},"_level":3,"_components":[{"__type__":"cc.Sprite","node":{"__id__":7},"_spriteFrame":{"__uuid__":"53RflWhOVCRoS9ECViNohE"}}],"_prefab":{"__type__":"cc.PrefabInfo","root":{"__id__":1},"asset":{"__uuid__":"8898D12NpCx4xyGlnLMWAD"},"fileId":"00klaaw9dMxrQvmg5yq2Vt"},"_contentSize":{"__type__":"cc.Size","width":71,"height":87},"_position":{"__type__":"cc.Vec3","x":248,"y":465},"_scale":{"__type__":"cc.Vec3","x":1,"y":1,"z":1}},{"__type__":"cc.Node","_name":"img_clock","_parent":{"__id__":2},"_level":3,"_components":[{"__type__":"cc.Sprite","node":{"__id__":8},"_spriteFrame":{"__uuid__":"cbsRSoIZ1LZ6rux1wpoQa3"}}],"_prefab":{"__type__":"cc.PrefabInfo","root":{"__id__":1},"asset":{"__uuid__":"8898D12NpCx4xyGlnLMWAD"},"fileId":"e7ZgXPLF9H/rW6B2orZEme"},"_contentSize":{"__type__":"cc.Size","width":80,"height":80},"_position":{"__type__":"cc.Vec3","x":53,"y":460},"_scale":{"__type__":"cc.Vec3","x":1,"y":1,"z":1}},{"__type__":"cc.Node","_name":"img_chest","_parent":{"__id__":2},"_level":3,"_components":[{"__type__":"cc.Sprite","node":{"__id__":9},"_spriteFrame":{"__uuid__":"df37GoDnNDUb7R/Xc18dmq"}}],"_prefab":{"__type__":"cc.PrefabInfo","root":{"__id__":1},"asset":{"__uuid__":"8898D12NpCx4xyGlnLMWAD"},"fileId":"8aslIonpNB/p1opQAm/nul"},"_contentSize":{"__type__":"cc.Size","width":103,"height":178},"_position":{"__type__":"cc.Vec3","x":310,"y":93},"_scale":{"__type__":"cc.Vec3","x":1,"y":1,"z":1}},{"__type__":"cc.Node","_name":"item_3","_parent":{"__id__":2},"_level":3,"_components":[{"__type__":"cc.Sprite","node":{"__id__":10},"_spriteFrame":{"__uuid__":"e9EwNVcBVHdon8qkQZrLjO"},"_sizeMode":2}],"_prefab":{"__type__":"cc.PrefabInfo","root":{"__id__":1},"asset":{"__uuid__":"8898D12NpCx4xyGlnLMWAD"},"fileId":"68N2mRqrZAAZ/7T3HKs/Sj"},"_opacity":0,"_contentSize":{"__type__":"cc.Size","width":219,"height":256},"_position":{"__type__":"cc.Vec3","x":-213,"y":95},"_scale":{"__type__":"cc.Vec3","x":1,"y":1,"z":1}},{"__type__":"cc.Node","_name":"item_4","_parent":{"__id__":2},"_level":3,"_components":[{"__type__":"cc.Sprite","node":{"__id__":11},"_spriteFrame":{"__uuid__":"7dpKk+sIRJzK8gnmOAUZzI"}}],"_prefab":{"__type__":"cc.PrefabInfo","root":{"__id__":1},"asset":{"__uuid__":"8898D12NpCx4xyGlnLMWAD"},"fileId":"16goKqdINOiI+wUf0tb2oM"},"_contentSize":{"__type__":"cc.Size","width":31,"height":49},"_position":{"__type__":"cc.Vec3","x":344,"y":38},"_scale":{"__type__":"cc.Vec3","x":1,"y":1,"z":1}},{"__type__":"cc.Node","_name":"img_dais","_parent":{"__id__":2},"_level":3,"_components":[{"__type__":"cc.Sprite","node":{"__id__":12},"_spriteFrame":{"__uuid__":"70Q4ZCSldItrfYAOSp8r9+"}}],"_prefab":{"__type__":"cc.PrefabInfo","root":{"__id__":1},"asset":{"__uuid__":"8898D12NpCx4xyGlnLMWAD"},"fileId":"fbzkGNw8ZMPL5+kC3Nbd+G"},"_contentSize":{"__type__":"cc.Size","width":248,"height":180},"_position":{"__type__":"cc.Vec3","x":78,"y":35},"_scale":{"__type__":"cc.Vec3","x":1,"y":1,"z":1}},{"__type__":"cc.Node","_name":"item_1","_parent":{"__id__":2},"_level":3,"_components":[{"__type__":"cc.Sprite","node":{"__id__":13},"_spriteFrame":{"__uuid__":"6awANA2IhC6oqIXlo6d2Bh"}}],"_prefab":{"__type__":"cc.PrefabInfo","root":{"__id__":1},"asset":{"__uuid__":"8898D12NpCx4xyGlnLMWAD"},"fileId":"6cO7nqBf9NQ60K4O1ZtM1b"},"_contentSize":{"__type__":"cc.Size","width":198,"height":140},"_position":{"__type__":"cc.Vec3","x":104,"y":171},"_scale":{"__type__":"cc.Vec3","x":1,"y":1,"z":1}},{"__type__":"cc.Node","_name":"img_desk_1","_parent":{"__id__":2},"_level":3,"_components":[{"__type__":"cc.Sprite","node":{"__id__":14},"_spriteFrame":{"__uuid__":"3dDXvrfKRIqZlwOIX5ajT8"}}],"_prefab":{"__type__":"cc.PrefabInfo","root":{"__id__":1},"asset":{"__uuid__":"8898D12NpCx4xyGlnLMWAD"},"fileId":"ddAO262PFI14+31zGqoifu"},"_contentSize":{"__type__":"cc.Size","width":213,"height":208},"_position":{"__type__":"cc.Vec3","x":-75,"y":-180},"_scale":{"__type__":"cc.Vec3","x":1,"y":1,"z":1}},{"__type__":"cc.Node","_name":"img_chair_1","_parent":{"__id__":2},"_level":3,"_components":[{"__type__":"cc.Sprite","node":{"__id__":15},"_spriteFrame":{"__uuid__":"eebaEQ2oZOoaPvS6y6Qgy8"}}],"_prefab":{"__type__":"cc.PrefabInfo","root":{"__id__":1},"asset":{"__uuid__":"8898D12NpCx4xyGlnLMWAD"},"fileId":"b03rfkKUZCGqVKllnlW7j3"},"_contentSize":{"__type__":"cc.Size","width":97,"height":154},"_position":{"__type__":"cc.Vec3","x":-74,"y":-265},"_scale":{"__type__":"cc.Vec3","x":1,"y":1,"z":1}},{"__type__":"cc.Node","_name":"img_desk_2","_parent":{"__id__":2},"_level":3,"_components":[{"__type__":"cc.Sprite","node":{"__id__":16},"_spriteFrame":{"__uuid__":"3dDXvrfKRIqZlwOIX5ajT8"}}],"_prefab":{"__type__":"cc.PrefabInfo","root":{"__id__":1},"asset":{"__uuid__":"8898D12NpCx4xyGlnLMWAD"},"fileId":"12y66LNwNA3pDbWwxjhIXh"},"_contentSize":{"__type__":"cc.Size","width":213,"height":208},"_position":{"__type__":"cc.Vec3","x":195,"y":-179},"_scale":{"__type__":"cc.Vec3","x":1,"y":1,"z":1}},{"__type__":"cc.Node","_name":"item_2","_parent":{"__id__":2},"_level":3,"_components":[{"__type__":"cc.Sprite","node":{"__id__":17},"_spriteFrame":{"__uuid__":"34Dg97PG1OO4bkMxIEgsF7"}}],"_prefab":{"__type__":"cc.PrefabInfo","root":{"__id__":1},"asset":{"__uuid__":"8898D12NpCx4xyGlnLMWAD"},"fileId":"67S41WjjJNNrqSq+AIYy5d"},"_contentSize":{"__type__":"cc.Size","width":164,"height":304},"_position":{"__type__":"cc.Vec3","x":196,"y":-188},"_scale":{"__type__":"cc.Vec3","x":1,"y":1,"z":1}},{"__type__":"cc.Node","_name":"item_bag","_parent":{"__id__":2},"_level":3,"_components":[{"__type__":"cc.Sprite","node":{"__id__":18},"_spriteFrame":{"__uuid__":"9bzp9tElBDg6AMRaEy5+A9"}}],"_prefab":{"__type__":"cc.PrefabInfo","root":{"__id__":1},"asset":{"__uuid__":"8898D12NpCx4xyGlnLMWAD"},"fileId":"263kTzyJxEqoU088+/Q28y"},"_contentSize":{"__type__":"cc.Size","width":126,"height":135},"_position":{"__type__":"cc.Vec3","x":-128,"y":-301},"_scale":{"__type__":"cc.Vec3","x":1,"y":1,"z":1}},{"__type__":"cc.Node","_name":"page_2","_objFlags":512,"_parent":{"__id__":1},"_children":[{"__id__":20},{"__id__":21},{"__id__":22},{"__id__":23},{"__id__":24},{"__id__":25},{"__id__":26},{"__id__":27},{"__id__":28},{"__id__":29},{"__id__":30},{"__id__":31},{"__id__":32},{"__id__":33},{"__id__":34},{"__id__":35},{"__id__":36}],"_level":2,"_prefab":{"__type__":"cc.PrefabInfo","root":{"__id__":1},"asset":{"__uuid__":"8898D12NpCx4xyGlnLMWAD"},"fileId":"d9KElb2a9MWqAA6XPD7c8N"},"_contentSize":{"__type__":"cc.Size","width":720,"height":1280},"_position":{"__type__":"cc.Vec3","x":720},"_scale":{"__type__":"cc.Vec3","x":1,"y":1,"z":1}},{"__type__":"cc.Node","_name":"bg","_parent":{"__id__":19},"_level":3,"_components":[{"__type__":"cc.Sprite","node":{"__id__":20},"_spriteFrame":{"__uuid__":"56j5PRCX5EepeqXS0AH+VA"}}],"_prefab":{"__type__":"cc.PrefabInfo","root":{"__id__":1},"asset":{"__uuid__":"8898D12NpCx4xyGlnLMWAD"},"fileId":"7f9fdr+QRLlKL+JY44uFnZ"},"_contentSize":{"__type__":"cc.Size","width":720,"height":1280},"_scale":{"__type__":"cc.Vec3","x":1,"y":1,"z":1}},{"__type__":"cc.Node","_name":"item_22","_parent":{"__id__":19},"_level":3,"_components":[{"__type__":"cc.Sprite","node":{"__id__":21},"_spriteFrame":{"__uuid__":"5bcx9/qQdKLaDv27TtjFN0"}}],"_prefab":{"__type__":"cc.PrefabInfo","root":{"__id__":1},"asset":{"__uuid__":"8898D12NpCx4xyGlnLMWAD"},"fileId":"ee65rL6XFKKbehFbtys548"},"_contentSize":{"__type__":"cc.Size","width":119,"height":207},"_position":{"__type__":"cc.Vec3","x":-133,"y":210},"_scale":{"__type__":"cc.Vec3","x":1,"y":1,"z":1}},{"__type__":"cc.Node","_name":"item_21","_parent":{"__id__":19},"_level":3,"_components":[{"__type__":"cc.Sprite","node":{"__id__":22},"_spriteFrame":{"__uuid__":"16z3DY5xtDBq5eZCuNq4Pn"},"_sizeMode":2}],"_prefab":{"__type__":"cc.PrefabInfo","root":{"__id__":1},"asset":{"__uuid__":"8898D12NpCx4xyGlnLMWAD"},"fileId":"2e9viTCcNPzLxSKsgAybQy"},"_contentSize":{"__type__":"cc.Size","width":340,"height":394},"_position":{"__type__":"cc.Vec3","x":139,"y":327},"_scale":{"__type__":"cc.Vec3","x":1,"y":1,"z":1}},{"__type__":"cc.Node","_name":"item_23","_parent":{"__id__":19},"_level":3,"_components":[{"__type__":"cc.Sprite","node":{"__id__":23},"_spriteFrame":{"__uuid__":"3eJznjTjFDlITUO9jIoEzG"}}],"_prefab":{"__type__":"cc.PrefabInfo","root":{"__id__":1},"asset":{"__uuid__":"8898D12NpCx4xyGlnLMWAD"},"fileId":"bc156ddOBD7Kt3bGgM1xsW"},"_contentSize":{"__type__":"cc.Size","width":174,"height":233},"_position":{"__type__":"cc.Vec3","x":-267,"y":230},"_scale":{"__type__":"cc.Vec3","x":1,"y":1,"z":1}},{"__type__":"cc.Node","_name":"item_24_1","_parent":{"__id__":19},"_level":3,"_components":[{"__type__":"cc.Sprite","node":{"__id__":24},"_spriteFrame":{"__uuid__":"1eC5O4lSFHwJL1DIVuzf+0"}}],"_prefab":{"__type__":"cc.PrefabInfo","root":{"__id__":1},"asset":{"__uuid__":"8898D12NpCx4xyGlnLMWAD"},"fileId":"1a++M4HBFAWrnD88MOi7yI"},"_contentSize":{"__type__":"cc.Size","width":76,"height":36},"_position":{"__type__":"cc.Vec3","x":-226,"y":270},"_scale":{"__type__":"cc.Vec3","x":1,"y":1,"z":1}},{"__type__":"cc.Node","_name":"item_24_2","_parent":{"__id__":19},"_level":3,"_components":[{"__type__":"cc.Sprite","node":{"__id__":25},"_spriteFrame":{"__uuid__":"1eC5O4lSFHwJL1DIVuzf+0"}}],"_prefab":{"__type__":"cc.PrefabInfo","root":{"__id__":1},"asset":{"__uuid__":"8898D12NpCx4xyGlnLMWAD"},"fileId":"99ZwwcQAZPC4Ke5/WAAWp0"},"_contentSize":{"__type__":"cc.Size","width":76,"height":36},"_position":{"__type__":"cc.Vec3","x":-307,"y":270},"_scale":{"__type__":"cc.Vec3","x":-1,"y":1,"z":1}},{"__type__":"cc.Node","_name":"item_24_3","_parent":{"__id__":19},"_level":3,"_components":[{"__type__":"cc.Sprite","node":{"__id__":26},"_spriteFrame":{"__uuid__":"1eC5O4lSFHwJL1DIVuzf+0"}}],"_prefab":{"__type__":"cc.PrefabInfo","root":{"__id__":1},"asset":{"__uuid__":"8898D12NpCx4xyGlnLMWAD"},"fileId":"62syHF9IpANaj3+hl7vABj"},"_contentSize":{"__type__":"cc.Size","width":76,"height":36},"_position":{"__type__":"cc.Vec3","x":-226,"y":226},"_scale":{"__type__":"cc.Vec3","x":1,"y":1,"z":1}},{"__type__":"cc.Node","_name":"item_24_4","_parent":{"__id__":19},"_level":3,"_components":[{"__type__":"cc.Sprite","node":{"__id__":27},"_spriteFrame":{"__uuid__":"1eC5O4lSFHwJL1DIVuzf+0"}}],"_prefab":{"__type__":"cc.PrefabInfo","root":{"__id__":1},"asset":{"__uuid__":"8898D12NpCx4xyGlnLMWAD"},"fileId":"bajH98JllE+pLd8HlxYHF2"},"_contentSize":{"__type__":"cc.Size","width":76,"height":36},"_position":{"__type__":"cc.Vec3","x":-307,"y":226},"_scale":{"__type__":"cc.Vec3","x":-1,"y":1,"z":1}},{"__type__":"cc.Node","_name":"item_24_5","_parent":{"__id__":19},"_level":3,"_components":[{"__type__":"cc.Sprite","node":{"__id__":28},"_spriteFrame":{"__uuid__":"1eC5O4lSFHwJL1DIVuzf+0"}}],"_prefab":{"__type__":"cc.PrefabInfo","root":{"__id__":1},"asset":{"__uuid__":"8898D12NpCx4xyGlnLMWAD"},"fileId":"8fHo1cj6RI5oY1tIF1Cjsp"},"_contentSize":{"__type__":"cc.Size","width":76,"height":36},"_position":{"__type__":"cc.Vec3","x":-226,"y":182},"_scale":{"__type__":"cc.Vec3","x":1,"y":1,"z":1}},{"__type__":"cc.Node","_name":"item_24_6","_parent":{"__id__":19},"_level":3,"_components":[{"__type__":"cc.Sprite","node":{"__id__":29},"_spriteFrame":{"__uuid__":"1eC5O4lSFHwJL1DIVuzf+0"}}],"_prefab":{"__type__":"cc.PrefabInfo","root":{"__id__":1},"asset":{"__uuid__":"8898D12NpCx4xyGlnLMWAD"},"fileId":"00OADCv61Iio0jm4zb9hvz"},"_contentSize":{"__type__":"cc.Size","width":76,"height":36},"_position":{"__type__":"cc.Vec3","x":-307,"y":182},"_scale":{"__type__":"cc.Vec3","x":-1,"y":1,"z":1}},{"__type__":"cc.Node","_name":"item_25_1","_parent":{"__id__":19},"_active":false,"_level":3,"_components":[{"__type__":"cc.Sprite","node":{"__id__":30},"_spriteFrame":{"__uuid__":"34Ei5Gm15Duo7UVR1p/mJr"}}],"_prefab":{"__type__":"cc.PrefabInfo","root":{"__id__":1},"asset":{"__uuid__":"8898D12NpCx4xyGlnLMWAD"},"fileId":"6e/L56ZbtGBooN9SW4YSFA"},"_contentSize":{"__type__":"cc.Size","width":103,"height":31},"_position":{"__type__":"cc.Vec3","x":-299,"y":70},"_scale":{"__type__":"cc.Vec3","x":1,"y":1,"z":1}},{"__type__":"cc.Node","_name":"item_25_2","_parent":{"__id__":19},"_active":false,"_level":3,"_components":[{"__type__":"cc.Sprite","node":{"__id__":31},"_spriteFrame":{"__uuid__":"34Ei5Gm15Duo7UVR1p/mJr"}}],"_prefab":{"__type__":"cc.PrefabInfo","root":{"__id__":1},"asset":{"__uuid__":"8898D12NpCx4xyGlnLMWAD"},"fileId":"d1Y55jqn5IJ50bcZe6QGaT"},"_contentSize":{"__type__":"cc.Size","width":103,"height":31},"_position":{"__type__":"cc.Vec3","x":-229,"y":74},"_scale":{"__type__":"cc.Vec3","x":1,"y":1,"z":1}},{"__type__":"cc.Node","_name":"item_25_3","_parent":{"__id__":19},"_active":false,"_level":3,"_components":[{"__type__":"cc.Sprite","node":{"__id__":32},"_spriteFrame":{"__uuid__":"34Ei5Gm15Duo7UVR1p/mJr"}}],"_prefab":{"__type__":"cc.PrefabInfo","root":{"__id__":1},"asset":{"__uuid__":"8898D12NpCx4xyGlnLMWAD"},"fileId":"95UMRoidlKPJSVVMcDaB41"},"_contentSize":{"__type__":"cc.Size","width":103,"height":31},"_position":{"__type__":"cc.Vec3","x":-299,"y":94},"_scale":{"__type__":"cc.Vec3","x":1,"y":1,"z":1}},{"__type__":"cc.Node","_name":"item_25_4","_parent":{"__id__":19},"_active":false,"_level":3,"_components":[{"__type__":"cc.Sprite","node":{"__id__":33},"_spriteFrame":{"__uuid__":"34Ei5Gm15Duo7UVR1p/mJr"}}],"_prefab":{"__type__":"cc.PrefabInfo","root":{"__id__":1},"asset":{"__uuid__":"8898D12NpCx4xyGlnLMWAD"},"fileId":"65tsY4xgdNbYswrGz7a7b4"},"_contentSize":{"__type__":"cc.Size","width":103,"height":31},"_position":{"__type__":"cc.Vec3","x":-229,"y":98},"_scale":{"__type__":"cc.Vec3","x":1,"y":1,"z":1}},{"__type__":"cc.Node","_name":"item_25_5","_parent":{"__id__":19},"_active":false,"_level":3,"_components":[{"__type__":"cc.Sprite","node":{"__id__":34},"_spriteFrame":{"__uuid__":"34Ei5Gm15Duo7UVR1p/mJr"}}],"_prefab":{"__type__":"cc.PrefabInfo","root":{"__id__":1},"asset":{"__uuid__":"8898D12NpCx4xyGlnLMWAD"},"fileId":"5eHdrk6S1Hc70SXxKnJYgq"},"_contentSize":{"__type__":"cc.Size","width":103,"height":31},"_position":{"__type__":"cc.Vec3","x":-299,"y":84},"_scale":{"__type__":"cc.Vec3","x":1,"y":1,"z":1}},{"__type__":"cc.Node","_name":"item_25_6","_parent":{"__id__":19},"_active":false,"_level":3,"_components":[{"__type__":"cc.Sprite","node":{"__id__":35},"_spriteFrame":{"__uuid__":"34Ei5Gm15Duo7UVR1p/mJr"}}],"_prefab":{"__type__":"cc.PrefabInfo","root":{"__id__":1},"asset":{"__uuid__":"8898D12NpCx4xyGlnLMWAD"},"fileId":"bbE9OoZ0BF4ZbLN9LlGgCc"},"_contentSize":{"__type__":"cc.Size","width":103,"height":31},"_position":{"__type__":"cc.Vec3","x":-229,"y":90},"_scale":{"__type__":"cc.Vec3","x":1,"y":1,"z":1}},{"__type__":"cc.Node","_name":"item_27","_parent":{"__id__":19},"_active":false,"_level":3,"_components":[{"__type__":"cc.Sprite","node":{"__id__":36},"_spriteFrame":{"__uuid__":"09d9efF29KZpBEM3o8Zonv"}}],"_prefab":{"__type__":"cc.PrefabInfo","root":{"__id__":1},"asset":{"__uuid__":"8898D12NpCx4xyGlnLMWAD"},"fileId":"605U93lH1P1rNjxAZK+TF4"},"_contentSize":{"__type__":"cc.Size","width":68,"height":70},"_position":{"__type__":"cc.Vec3","x":-320.5,"y":130.2},"_scale":{"__type__":"cc.Vec3","x":0.3,"y":0.3,"z":1},"_rotationX":45,"_rotationY":45,"_quat":{"__type__":"cc.Quat","z":-0.3826834323650898,"w":0.9238795325112867},"_skewX":8,"_skewY":8}]